14041  3  0  0
   0    -0.25446798999999998  -0.42774200000000001  -0.29906498999999998
   1    -0.25446798999999998  -0.42767799000000001  -0.28857100000000002
   2    -0.25446798999999998  -0.42762199000000001  -0.28070100999999997
   3    -0.044596999999999998  0.25548500000000002  -0.118052
   4    -0.044596999999999998  0.25389200000000001  -0.12329900000000001
   5    -0.044596999999999998  0.25446798999999998  -0.12145
   6    -0.024594000000000001  0.16853700999999999  0.18562099000000001
   7    -0.028857000000000001  0.18101300000000001  0.17735200000000001
   8    -0.0052469999999999999  0.17576601  0.180952
   9    0.0078700000000000003  0.165273  0.18782700999999999
  10    -0.049843999999999999  0.17576601  0.18082899999999999
  11    -0.054434999999999997  0.16949201  0.184862
  12    -0.072142999999999999  0.178314  0.17892
  13    -0.080013000000000001  0.169708  0.18459800000000001
  14    -0.018363999999999998  0.19675300000000001  0.167154
  15    0.0091819999999999992  0.19675300000000001  0.16725799
  16    -0.0059030000000000003  0.184284  0.17532800000000001
  17    0.070831000000000005  0.191384  0.17051899000000001
  18    0.052468000000000001  0.19411901000000001  0.168851
  19    0.064272999999999997  0.198241  0.16617899999999999
  20    0.076078000000000007  0.19977801000000001  0.165273
  21    0.086570999999999995  0.19150600000000001  0.17064299999999999
  22    0.107558  0.19413  0.16949400000000001
  23    0.023282000000000001  0.17838599999999999  0.17920200999999999
  24    0.035088000000000001  0.18330599  0.17596698999999999
  25    0.049843999999999999  0.17227200000000001  0.183202
  26    0.031481000000000002  0.17051899000000001  0.18431699000000001
  27    -0.070831000000000005  0.15939400000000001  0.19150600000000001
  28    -0.10624699999999999  0.15962000000000001  0.19150600000000001
  29    -0.076078000000000007  0.15132098999999999  0.19675300000000001
  30    -0.041973999999999997  0.15974600999999999  0.19150600000000001
  31    -0.028201  0.15168899  0.19675300000000001
  32    0.0026229999999999999  0.15982199999999999  0.19150600000000001
  33    0.001312  0.15174199999999999  0.19675300000000001
  34    0.049843999999999999  0.15967099000000001  0.19150600000000001
  35    0.053779  0.15095399000000001  0.197079
  36    0.076078000000000007  0.15140200000000001  0.19675300000000001
  37    -0.11838  0.16903098999999999  0.185451
  38    -0.097721000000000002  0.17261799999999999  0.18290198999999999
  39    -0.086570999999999995  0.18101300000000001  0.17719799
  40    -0.12789001  0.20049199000000001  0.16524599000000001
  41    -0.111166  0.19813700000000001  0.16661799999999999
  42    -0.126578  0.18518399999999999  0.17510800000000001
  43    -0.13248098999999999  0.21393699999999999  0.15672900000000001
  44    -0.076078000000000007  0.18750501  0.17292299999999999
  45    -0.038039000000000003  0.19675300000000001  0.16711699999999999
  46    -0.064272999999999997  0.197459  0.166605
  47    -0.085260000000000002  0.197464  0.16666
  48    -0.14428600999999999  0.17639299999999999  0.18101300000000001
  49    -0.14428600999999999  0.18626000000000001  0.17461599
  50    -0.13969500000000001  0.199404  0.16589799999999999
  51    -0.145597  0.16262499999999999  0.18977199
  52    -0.145925  0.152694  0.19609298999999999
  53    -0.17051899000000001  0.160026  0.19142500000000001
  54    -0.15576300000000001  0.18054998999999999  0.178234
  55    -0.17051899000000001  0.18626000000000001  0.17467099
  56    -0.154779  0.19675300000000001  0.167464
  57    -0.154779  0.20724699999999999  0.16064000000000001
  58    -0.13903899  0.20784900000000001  0.16040399999999999
  59    -0.17051899000000001  0.19675300000000001  0.16756198999999999
  60    -0.17051899000000001  0.213805  0.15645999999999999
  61    -0.15871399999999999  0.21708400999999999  0.154367
  62    -0.17314299999999999  0.14953200999999999  0.19795799
  63    -0.118052  0.15151999999999999  0.19675300000000001
  64    0.065584000000000003  0.17576601  0.18077299999999999
  65    0.084603999999999999  0.17840201  0.179199
  66    0.091162000000000007  0.16145401000000001  0.19037201000000001
  67    0.102968  0.141288  0.20372399999999999
  68    0.12723400000000001  0.14166200000000001  0.20357898999999999
  69    0.117396  0.12981100000000001  0.21157699999999999
  70    0.096408999999999995  0.13379199999999999  0.20889000999999999
  71    0.073455000000000006  0.140846  0.20385900000000001
  72    0.045253000000000002  0.14383799999999999  0.201902
  73    0.056894  0.13208900000000001  0.21001300000000001
  74    0.023446000000000002  0.14131900999999999  0.20372599
  75    -0.0052469999999999999  0.14419599999999999  0.20180999999999999
  76    -0.038039000000000003  0.14413100000000001  0.20177101
  77    -0.091817999999999997  0.14409199  0.20164201000000001
  78    -0.076078000000000007  0.13903899  0.20511799999999999
  79    -0.13821900000000001  0.14164199999999999  0.20346798999999999
  80    -0.17314299999999999  0.13982700000000001  0.20448899000000001
  81    0.028201  0.131271  0.21082899999999999
  82    0.0019680000000000001  0.13379199999999999  0.20917500999999999
  83    -0.042630000000000001  0.13833999999999999  0.20579600000000001
  84    0.0019680000000000001  0.118052  0.22029800999999999
  85    0.049843999999999999  0.12273299999999999  0.216671
  86    0.030169000000000001  0.118052  0.22012100000000001
  87    0.066895999999999997  0.11906600000000001  0.21907299999999999
  88    0.087554999999999994  0.125888  0.21428700000000001
  89    0.111166  0.121044  0.21756101
  90    0.093785999999999994  0.11565499999999999  0.22134300000000001
  91    0.12854499999999999  0.113528  0.222578
  92    0.095097000000000001  0.107558  0.22689198999999999
  93    0.13116901  0.107558  0.22670599999999999
  94    0.16264901000000001  0.107558  0.22644600000000001
  95    0.15346799999999999  0.12052599999999999  0.21773999999999999
  96    0.174455  0.12154  0.21696699999999999
  97    0.065911999999999998  0.102312  0.23060299000000001
  98    0.104935  0.099687999999999999  0.23208699999999999
  99    0.136907  0.099360000000000004  0.23210600000000001
 100    0.161994  0.093793000000000001  0.235429
 101    0.18101300000000001  0.098237000000000005  0.23199800000000001
 102    0.18101300000000001  0.086570999999999995  0.23957901000000001
 103    0.154779  0.073236999999999997  0.249221
 104    0.14953200999999999  0.091817999999999997  0.23700700999999999
 105    0.110223  0.086356000000000002  0.24088899999999999
 106    0.122643  0.072753999999999999  0.24976200000000001
 107    0.075422000000000003  0.076502000000000001  0.24773300000000001
 108    0.091162000000000007  0.066050999999999999  0.25446798999999998
 109    0.059353999999999997  0.066074999999999995  0.25486799999999998
 110    0.0078700000000000003  0.067446000000000006  0.25446798999999998
 111    0.033447999999999999  0.078114000000000003  0.24715100000000001
 112    0.0045909999999999996  0.078536999999999996  0.24715300000000001
 113    0.0059030000000000003  0.090148000000000006  0.23921600000000001
 114    0.060010000000000001  0.093414999999999998  0.23657
 115    0.020986999999999999  0.100408  0.23216000000000001
 116    -0.0026229999999999999  0.102312  0.23103700999999999
 117    -0.025578  0.118052  0.22031000000000001
 118    -0.041646000000000002  0.100273  0.23225399999999999
 119    -0.050500000000000003  0.118052  0.22026799999999999
 120    -0.077062000000000005  0.11962200000000001  0.21904001000000001
 121    -0.095342999999999997  0.1008  0.23169100000000001
 122    -0.072799000000000003  0.094215999999999994  0.23610400000000001
 123    -0.094114000000000003  0.088424000000000003  0.24001700000000001
 124    -0.065584000000000003  0.083947999999999995  0.24315998999999999
 125    -0.075422000000000003  0.073825000000000002  0.24989501
 126    -0.10264  0.071825  0.25112500999999998
 127    -0.065911999999999998  0.067025000000000001  0.25446798999999998
 128    -0.11608400000000001  0.066390000000000005  0.25456499999999999
 129    -0.13641600000000001  0.074388999999999997  0.249221
 130    -0.15740301000000001  0.065903000000000003  0.25446798999999998
 131    -0.160026  0.074987999999999999  0.24848500000000001
 132    -0.179373  0.063945000000000002  0.25510000999999999
 133    -0.19150600000000001  0.049186000000000001  0.26453900000000002
 134    -0.19150600000000001  0.061447000000000002  0.25630399999999998
 135    -0.19150600000000001  0.075031  0.24704899999999999
 136    -0.15051600000000001  0.056501000000000003  0.26087399999999999
 137    -0.154779  0.049950000000000001  0.26503199
 138    -0.036070999999999999  0.067405999999999994  0.25446798999999998
 139    -0.015740000000000001  0.078432000000000002  0.24726500000000001
 140    -0.0078700000000000003  0.067530000000000007  0.25446798999999998
 141    -0.124282  0.086472999999999994  0.24117
 142    -0.14854901000000001  0.086122000000000004  0.24110200000000001
 143    -0.13379199999999999  0.097156999999999993  0.23386899999999999
 144    -0.16068199  0.10100000000000001  0.23098899000000001
 145    -0.16264901000000001  0.087528999999999996  0.23980499999999999
 146    -0.034759999999999999  0.091319999999999998  0.23832700000000001
 147    -0.108542  0.118052  0.220167
 148    -0.120675  0.10463600000000001  0.22910701
 149    -0.145597  0.118052  0.22009200000000001
 150    -0.14494199999999999  0.104935  0.22872799999999999
 151    -0.16330500000000001  0.11555700000000001  0.22141901
 152    -0.18101300000000001  0.107558  0.22604099999999999
 153    -0.18626000000000001  0.097064999999999999  0.23257000999999999
 154    -0.18626000000000001  0.086570999999999995  0.23947199999999999
 155    -0.17314299999999999  0.12526201000000001  0.21460401000000001
 156    -0.154779  0.12329900000000001  0.21642600000000001
 157    -0.18101300000000001  0.12571499999999999  0.21387801000000001
 158    0.13477600000000001  0.065415000000000001  0.25446798999999998
 159    0.165273  0.065047999999999995  0.25446798999999998
 160    0.18101300000000001  0.107558  0.226051
 161    0.158058  0.12588599  0.214223
 162    -0.023938000000000001  0.124696  0.21562000000000001
 163    -0.047220999999999999  0.12329900000000001  0.21661
 164    -0.054434999999999997  0.13379199999999999  0.20907899999999999
 165    -0.110182  0.126605  0.214166
 166    -0.15051600000000001  0.13251900999999999  0.209922
 167    -0.118052  0.13702300000000001  0.20667600999999999
 168    0.16789599999999999  0.13379199999999999  0.209038
 169    0.16264901000000001  0.14953200999999999  0.198514
 170    0.13969500000000001  0.14953200999999999  0.19847999999999999
 171    0.115756  0.15467  0.195022
 172    0.17576601  0.13379199999999999  0.20889901
 173    0.18101300000000001  0.121922  0.21651999999999999
 174    0.11608400000000001  0.16448699999999999  0.188752
 175    0.14133399999999999  0.16045098999999999  0.19161600000000001
 176    0.165273  0.17051899000000001  0.185361
 177    0.15740301000000001  0.17051899000000001  0.185386
 178    0.142318  0.17011899999999999  0.18544099999999999
 179    0.14428600999999999  0.18626000000000001  0.17491399999999999
 180    0.165273  0.18626000000000001  0.17506099999999999
 181    0.14690900000000001  0.19675300000000001  0.16786699999999999
 182    0.165273  0.20316701000000001  0.16375798999999999
 183    0.11870799999999999  0.20082501  0.165273
 184    0.12723400000000001  0.18260100000000001  0.17727499999999999
 185    0.10985399999999999  0.17940401  0.179087
 186    0.027545  0.19675300000000001  0.167293
 187    -0.14428600999999999  0.21631400000000001  0.155114
 188    -0.18626000000000001  0.071591000000000002  0.24971399999999999
 189    -0.19150600000000001  0.089194999999999997  0.23731000999999999
 190    0.17019200000000001  0.073288000000000006  0.24888299
 191    0.18626000000000001  0.068103999999999998  0.25208800999999997
 192    -0.18626000000000001  0.111494  0.223019
 193    -0.17576601  0.18626000000000001  0.17457201
 194    -0.17576601  0.164294  0.18859100000000001
 195    -0.13903899  0.22947398999999999  0.14668999999999999
 196    -0.17576601  0.19675300000000001  0.167376
 197    -0.072142999999999999  0.057306999999999997  0.261013
 198    -0.110182  0.055091000000000001  0.26225199999999999
 199    -0.034104000000000002  0.051958999999999998  0.264961
 200    -0.065584000000000003  0.051344000000000001  0.264961
 201    0.036727000000000003  0.051622000000000001  0.264961
 202    -0.0065579999999999996  0.052113  0.264961
 203    0.035743999999999998  0.059459999999999999  0.25971401
 204    -0.0091819999999999992  0.059977000000000003  0.25971401
 205    0.073782  0.051228000000000003  0.264961
 206    0.10624699999999999  0.050750000000000003  0.264961
 207    0.121659  0.056291000000000001  0.26099601
 208    0.13903899  0.050209999999999998  0.264961
 209    0.15084399000000001  0.056434999999999999  0.26064800999999999
 210    0.17576601  0.049460999999999998  0.264961
 211    0.086244000000000001  0.058026000000000001  0.26017201000000001
 212    0.19150600000000001  0.045509000000000001  0.26758399999999999
 213    0.18626000000000001  0.052844000000000002  0.26271298999999998
 214    0.19150600000000001  0.057008000000000003  0.25971401
 215    0.18626000000000001  0.041959000000000003  0.270208
 216    0.19150600000000001  0.030481000000000001  0.27788099999999999
 217    -0.038039000000000003  0.059797000000000003  0.25971401
 218    -0.11756  0.050685000000000001  0.26499599000000001
 219    0.17314299999999999  0.036727000000000003  0.27378999999999998
 220    0.17314299999999999  0.04265  0.26977000000000001
 221    -0.17051899000000001  0.22823399  0.14696001
 222    -0.165273  0.23951501  0.13954601
 223    -0.154779  0.22823399  0.14708299999999999
 224    -0.154779  0.23872699999999999  0.14005999
 225    -0.13969500000000001  0.24091699999999999  0.139103
 226    -0.120675  0.22823399  0.14791899999999999
 227    0.145597  0.20399  0.16320599999999999
 228    0.160026  0.211118  0.158806
 229    -0.17576601  0.213805  0.156137
 230    -0.15215600000000001  0.25118801000000002  0.13225600000000001
 231    -0.165273  0.25446798999999998  0.12990201000000001
 232    -0.17051899000000001  0.23872699999999999  0.13986399999999999
 233    0.18626000000000001  0.087062  0.23903599
 234    0.17576601  0.14953200999999999  0.19799900000000001
 235    -0.17051899000000001  0.25053199999999998  0.13214998999999999
 236    0.16920800999999999  0.15245700000000001  0.19651499
 237    0.14953200999999999  0.21249399999999999  0.15792498999999999
 238    0.123955  0.20923699000000001  0.160026
 239    0.12526599999999999  0.215082  0.156442
 240    0.10624699999999999  0.21064400999999999  0.15926399999999999
 241    0.10886999999999999  0.22561  0.15008999000000001
 242    0.13871101  0.22561  0.14983299
 243    0.160026  0.22823399  0.14797299999999999
 244    0.165273  0.21498400000000001  0.15623100000000001
 245    -0.118052  0.24303900000000001  0.13846099000000001
 246    -0.13379199999999999  0.25446798999999998  0.13061801000000001
 247    -0.120675  0.25650900999999998  0.12986900000000001
 248    -0.14428600999999999  0.249221  0.133798
 249    -0.14822099999999999  0.25971401  0.12713600999999999
 250    -0.165273  0.25971401  0.126717
 251    -0.13379199999999999  0.25878400000000001  0.12801100000000001
 252    -0.165273  0.264961  0.123282
 253    -0.110182  0.264961  0.12472900000000001
 254    -0.11083800000000001  0.25577899999999998  0.130551
 255    -0.12854499999999999  0.264961  0.124232
 256    -0.14297399999999999  0.264961  0.12393899999999999
 257    0.18626000000000001  0.099306000000000005  0.23098899000000001
 258    0.18626000000000001  0.109848  0.22408099000000001
 259    0.15084399000000001  0.025932  0.28189798999999999
 260    0.13444801000000001  0.23491699999999999  0.143757
 261    0.13379199999999999  0.25900899999999999  0.12812200000000001
 262    0.12329900000000001  0.26233801000000001  0.12607599999999999
 263    0.13379199999999999  0.264961  0.124278
 264    0.12329900000000001  0.25184399000000002  0.13281401000000001
 265    0.10624699999999999  0.25564398999999999  0.13080800000000001
 266    0.107558  0.26818201000000003  0.122811
 267    0.12329900000000001  0.270208  0.121195
 268    0.12789001  0.24464899000000001  0.13744400000000001
 269    0.160026  0.264961  0.123625
 270    0.160026  0.25589099999999998  0.12945499999999999
 271    0.14428600999999999  0.24172799  0.13903899
 272    0.160026  0.243974  0.13736699999999999
 273    0.104935  0.24106  0.14019100000000001
 274    0.10264  0.28112199999999998  0.11456
 275    0.12329900000000001  0.28200501  0.113607
 276    0.13379199999999999  0.28070100999999997  0.114408
 277    0.13379199999999999  0.270208  0.121153
 278    0.160026  0.270208  0.120505
 279    0.160026  0.28070100999999997  0.113814
 280    0.11346100000000001  0.28542000000000001  0.111739
 281    0.13379199999999999  0.28857100000000002  0.109574
 282    0.12329900000000001  0.29119500999999998  0.107847
 283    0.10362300000000001  0.29395100000000002  0.10653899999999999
 284    0.14953200999999999  0.28594800999999997  0.110957
 285    0.154779  0.29381800000000002  0.105988
 286    0.13379199999999999  0.29906498999999998  0.103146
 287    0.154779  0.30415200999999997  0.099587999999999996
 288    0.13379199999999999  0.30796400000000002  0.097709000000000004
 289    0.154779  0.31742901000000001  0.091403999999999999
 290    0.13379199999999999  0.31755999000000001  0.091898999999999995
 291    0.160026  0.28857100000000002  0.109025
 292    0.13379199999999999  0.32792199  0.085357000000000002
 293    0.120675  0.32792199  0.085188
 294    0.13248098999999999  0.33595201000000002  0.079879000000000006
 295    0.104935  0.32792199  0.085338999999999998
 296    0.119364  0.33841600999999999  0.078175999999999995
 297    0.10362300000000001  0.34194201000000002  0.076145000000000004
 298    0.13379199999999999  0.34366198999999997  0.074896000000000004
 299    0.12592199000000001  0.349354  0.071105000000000002
 300    0.14953200999999999  0.33841600999999999  0.077914999999999998
 301    0.14953200999999999  0.34366198999999997  0.074630000000000002
 302    0.14953200999999999  0.34890898999999997  0.071057999999999996
 303    0.14953200999999999  0.32792199  0.085002999999999995
 304    0.12329900000000001  0.29644199999999998  0.104728
 305    0.12329900000000001  0.30094000999999998  0.10184699999999999
 306    0.154779  0.32529899000000001  0.086254999999999998
 307    0.13641600000000001  0.35415598999999998  0.068043000000000006
 308    0.110182  0.35415598999999998  0.068384
 309    0.102312  0.34953098999999999  0.071221000000000007
 310    0.104935  0.35940301000000002  0.065050999999999998
 311    0.14428600999999999  0.36162098999999998  0.063169000000000003
 312    0.081324999999999995  0.35940301000000002  0.064935000000000007
 313    0.076078000000000007  0.34942700999999998  0.071159
 314    0.107558  0.364649  0.061877000000000001
 315    0.11674  0.36914798999999998  0.058784999999999997
 316    0.14428600999999999  0.38038999000000001  0.051211
 317    0.092146000000000006  0.37056299999999998  0.058018
 318    -0.120675  0.21249399999999999  0.15784899999999999
 319    0.066895999999999997  0.35415598999999998  0.068342
 320    -0.14953200999999999  0.270208  0.120586
 321    -0.165273  0.27283099  0.118482
 322    -0.154779  0.28070100999999997  0.113743
 323    -0.165273  0.28332499  0.111757
 324    -0.13903899  0.28396698999999997  0.11240700000000001
 325    -0.14953200999999999  0.28857100000000002  0.109071
 326    -0.13903899  0.270208  0.12102400000000001
 327    -0.13379199999999999  0.29119500999999998  0.107887
 328    0.13248098999999999  0.38038999000000001  0.051552000000000001
 329    -0.160026  0.28840500000000002  0.108931
 330    -0.14953200999999999  0.29854101  0.10297199999999999
 331    -0.15215600000000001  0.30759099000000001  0.097324999999999995
 332    -0.13903899  0.29837598999999998  0.103546
 333    -0.13903899  0.31742901000000001  0.091810000000000003
 334    -0.160026  0.31742901000000001  0.090900999999999996
 335    -0.160026  0.30037701  0.101517
 336    -0.160026  0.32267498999999999  0.087298000000000001
 337    -0.078045000000000003  0.041540000000000001  0.27162998999999999
 338    -0.114773  0.044006000000000003  0.26961800000000002
 339    -0.14428600999999999  0.041973999999999997  0.27066201000000001
 340    -0.16264901000000001  0.042924999999999998  0.26963899000000002
 341    -0.19150600000000001  0.040119000000000002  0.27070098999999997
 342    -0.037383  0.043210999999999999  0.27112201000000002
 343    -0.012461  0.042062000000000002  0.27209498999999998
 344    -0.059026000000000002  0.041659000000000002  0.27187299999999998
 345    -0.034104000000000002  0.02562  0.28332499
 346    -0.068208000000000005  0.028250000000000001  0.28070100999999997
 347    -0.089851  0.034505000000000001  0.27615299999999998
 348    -0.101164  0.027515000000000001  0.28070100999999997
 349    -0.133136  0.034104000000000002  0.27589601000000002
 350    -0.14953200999999999  0.026543000000000001  0.28070100999999997
 351    -0.16264901000000001  0.033973999999999997  0.27547300000000002
 352    -0.17379898999999999  0.02724  0.27970700999999998
 353    -0.17314299999999999  0.018363999999999998  0.28571798999999998
 354    -0.19150600000000001  0.026637999999999998  0.27979499000000002
 355    -0.19150600000000001  0.015740000000000001  0.28727299000000001
 356    -0.16920800999999999  0.013117  0.28930499999999998
 357    -0.12854499999999999  0.019411000000000001  0.28594800999999997
 358    -0.12854499999999999  0.011346  0.29119500999999998
 359    -0.103295  0.0098320000000000005  0.29253699999999999
 360    -0.093457999999999999  0.019446999999999999  0.28637098999999999
 361    -0.065584000000000003  0.012642  0.29119500999999998
 362    -0.065584000000000003  0.004862  0.29644199999999998
 363    -0.039350999999999997  0.010796  0.29317901000000002
 364    -0.107558  0.0039509999999999997  0.29644199999999998
 365    -0.14625299999999999  0.0030639999999999999  0.29644199999999998
 366    -0.16396099  0.010236  0.29119500999999998
 367    -0.17051899000000001  0.0026229999999999999  0.29614299999999999
 368    -0.19413  0.0083070000000000001  0.29194501
 369    -0.064272999999999997  0.019553999999999998  0.28676200000000002
 370    -0.044596999999999998  0.021603000000000001  0.28594800999999997
 371    -0.027545  0.016184  0.28977199999999997
 372    -0.028857000000000001  0.0048399999999999997  0.29733600999999998
 373    0.0026229999999999999  0.021919999999999999  0.28594800999999997
 374    -0.0052469999999999999  0.029499000000000001  0.28070100999999997
 375    0.030169000000000001  0.029064  0.28070100999999997
 376    0.035416000000000003  0.022488999999999999  0.28518701000000002
 377    0.063617000000000007  0.028785000000000002  0.28070100999999997
 378    0.066075999999999996  0.022415000000000001  0.28513898999999998
 379    0.085260000000000002  0.028572  0.28070100999999997
 380    0.059026000000000002  0.036070999999999999  0.275785
 381    0.089851  0.043792999999999999  0.27017000000000002
 382    0.12723400000000001  0.025826999999999999  0.282217
 383    0.115593  0.018905000000000002  0.28713399000000001
 384    0.14953200999999999  0.019272999999999998  0.28654500999999999
 385    0.17576601  0.019244000000000001  0.28594800999999997
 386    0.19150600000000001  0.018926999999999999  0.28594800999999997
 387    0.122643  0.043205  0.270208
 388    0.14690900000000001  0.042790000000000002  0.270208
 389    0.051811999999999997  0.044164000000000002  0.270208
 390    0.013773000000000001  0.044628000000000001  0.270208
 391    0.068208000000000005  0.018363999999999998  0.28783598999999999
 392    -0.19150600000000001  0.0026229999999999999  0.29592099999999999
 393    -0.19675300000000001  0.0026229999999999999  0.29579299999999997
 394    -0.17051899000000001  -0.0069950000000000003  0.30224800000000002
 395    -0.19413  -0.0078700000000000003  0.30257401
 396    -0.13641600000000001  -0.0038409999999999998  0.30097899
 397    -0.100672  -0.0044790000000000003  0.30177900000000002
 398    -0.112805  -0.012945  0.30693501000000001
 399    -0.13641600000000001  -0.013155999999999999  0.30690898999999999
 400    -0.160026  -0.013325  0.30664200000000003
 401    -0.15609100000000001  -0.022141000000000001  0.31218201000000001
 402    -0.17051899000000001  -0.022991000000000001  0.31260300000000002
 403    -0.19675300000000001  -0.013117  0.30617601
 404    -0.085260000000000002  -0.012321  0.30707299999999998
 405    -0.074765999999999999  -0.003679  0.30168799000000002
 406    -0.049843999999999999  -0.0027330000000000002  0.30168799000000002
 407    -0.19675300000000001  -0.022228999999999999  0.31218201000000001
 408    -0.026234  -0.002  0.30168799000000002
 409    -0.027545  -0.0078700000000000003  0.30559199999999997
 410    -0.0078700000000000003  0.00018100000000000001  0.30024800000000001
 411    -0  -0.0078700000000000003  0.30534499999999998
 412    0.028857000000000001  -0.0078700000000000003  0.305004
 413    -0.20200001000000001  -0.018450999999999999  0.30950200999999999
 414    0.031481000000000002  -0.0029910000000000002  0.30168799000000002
 415    0.069847000000000006  -0.003627  0.30168799000000002
 416    0.039350999999999997  0.0026229999999999999  0.29810700000000001
 417    0.0026229999999999999  0.0078700000000000003  0.29527900000000001
 418    0.059026000000000002  0.0075329999999999998  0.294873
 419    0.064272999999999997  -0.0087930000000000005  0.30511298999999997
 420    0.049843999999999999  -0.012199  0.30749600999999999
 421    0.084603999999999999  -0.010137  0.30552199000000002
 422    0.073455000000000006  0.0026229999999999999  0.29791000000000001
 423    0.097064999999999999  0.0078700000000000003  0.29444798999999999
 424    -0.0052469999999999999  0.013952000000000001  0.29119500999999998
 425    0.182981  0.010957  0.29116999999999998
 426    0.18888300999999999  0.0024979999999999998  0.29636601000000001
 427    0.14953200999999999  0.0031310000000000001  0.29675001000000001
 428    0.17314299999999999  0.011564  0.29086300999999998
 429    0.14297399999999999  0.010214000000000001  0.292375
 430    0.11083800000000001  0.003411  0.29705900000000002
 431    0.10886999999999999  -0.0056499999999999996  0.30248999999999998
 432    0.13084100000000001  -0.0042859999999999999  0.30136400000000002
 433    0.11051  -0.013042  0.30693501000000001
 434    0.14953200999999999  -0.013689  0.30693501000000001
 435    0.16592899999999999  -0.005868  0.30168799000000002
 436    0.19675300000000001  -0.0074209999999999996  0.30196898999999999
 437    0.120675  0.012368000000000001  0.29119500999999998
 438    0.079356999999999997  0.012944000000000001  0.29119500999999998
 439    0.039350999999999997  0.013089999999999999  0.29119500999999998
 440    0.18757099999999999  -0.014784  0.30693501000000001
 441    -0.039350999999999997  -0.0078700000000000003  0.30549799999999999
 442    -0.056075  -0.012576  0.30810400999999998
 443    -0.165273  -0.029907  0.31742901000000001
 444    -0.19413  -0.029642999999999999  0.31742901000000001
 445    -0.20200001000000001  -0.029787000000000001  0.31742901000000001
 446    -0.199377  -0.044738  0.32763400999999998
 447    -0.15871399999999999  -0.040272000000000002  0.32436699000000002
 448    -0.17576601  -0.045062999999999999  0.32761699
 449    -0.13838300000000001  -0.045124999999999998  0.32756998999999998
 450    -0.14690900000000001  -0.030922999999999999  0.318129
 451    -0.13903899  -0.021949  0.31218201000000001
 452    -0.112805  -0.021839999999999998  0.31218201000000001
 453    -0.097064999999999999  -0.021299999999999999  0.31218201000000001
 454    -0.118052  -0.039350999999999997  0.32331100000000002
 455    -0.110182  -0.038842000000000002  0.32300498999999999
 456    -0.116412  -0.044940000000000001  0.32723001000000002
 457    -0.19675300000000001  -0.049843999999999999  0.33092298999999997
 458    -0.16396099  -0.052468000000000001  0.33223998999999999
 459    -0.17051899000000001  -0.062271  0.33841600999999999
 460    -0.19478599999999999  -0.064949999999999994  0.34030600999999999
 461    -0.142318  -0.062045000000000003  0.33841600999999999
 462    -0.115429  -0.053779  0.33294401000000001
 463    -0.118052  -0.061955999999999997  0.33841600999999999
 464    -0.104935  -0.045007999999999999  0.32703501000000001
 465    -0.102312  -0.039350999999999997  0.32330998999999999
 466    -0.094441999999999998  -0.029325  0.31735200000000002
 467    -0.083947999999999995  -0.028946  0.31728801000000001
 468    -0.070175000000000001  -0.020986999999999999  0.312884
 469    -0.081653000000000003  -0.021422  0.31283301000000002
 470    -0.12592199000000001  -0.078239000000000003  0.34964698999999999
 471    -0.17576601  -0.068134  0.34230899999999997
 472    -0.15576300000000001  -0.069106000000000001  0.34304899
 473    -0.145597  -0.077685000000000004  0.34890898999999997
 474    -0.170847  -0.077798000000000006  0.34853299999999998
 475    -0.16396099  -0.081324999999999995  0.35101300000000002
 476    -0.199377  -0.081324999999999995  0.35052401
 477    -0.20068800000000001  -0.077488000000000001  0.34803399000000002
 478    -0.20724699999999999  -0.049843999999999999  0.33073699000000001
 479    -0.204623  -0.064931000000000003  0.34013799
 480    -0.20724699999999999  -0.044596999999999998  0.32730999999999999
 481    -0.107558  -0.055091000000000001  0.333428
 482    -0.120675  -0.070208000000000007  0.34406701000000001
 483    -0.118052  -0.079517000000000004  0.35019201
 484    -0.112805  -0.077859999999999999  0.34890898999999997
 485    -0.112805  -0.070466000000000001  0.34388598999999997
 486    -0.107558  -0.062688999999999995  0.33841600999999999
 487    -0.21577299999999999  -0.080946000000000004  0.34967600999999998
 488    -0.20724699999999999  -0.030426000000000002  0.31742901000000001
 489    -0.19675300000000001  0.015740000000000001  0.28702699999999998
 490    -0.010494  -0.013117  0.30861801
 491    0.017052000000000001  -0.013117  0.30820099000000001
 492    -0.024922  -0.013117  0.30867498999999998
 493    -0.036727000000000003  -0.018762999999999998  0.31218201000000001
 494    -0.020986999999999999  -0.017915  0.31218201000000001
 495    0.19675300000000001  0.002245  0.29620998999999998
 496    -0.044596999999999998  -0.019136  0.31218201000000001
 497    -0.049843999999999999  -0.019300999999999999  0.31218201000000001
 498    -0.055091000000000001  -0.023609999999999999  0.31462401000000001
 499    0.20200001000000001  -0.017014000000000001  0.30777299000000002
 500    0.18363599  -0.02317  0.31218201000000001
 501    0.19544201  -0.032164999999999999  0.31779500999999999
 502    0.204623  -0.03671  0.32040598999999997
 503    0.199377  -0.039816999999999998  0.32267498999999999
 504    0.17215900000000001  -0.039289999999999999  0.32267498999999999
 505    0.13641600000000001  -0.036625999999999999  0.32116299999999998
 506    0.16674800000000001  -0.031392999999999997  0.31757798999999998
 507    0.14428600999999999  -0.022551000000000002  0.31218201000000001
 508    0.118052  -0.022369  0.31218201000000001
 509    0.093130000000000004  -0.021055999999999998  0.31171101000000001
 510    0.057714000000000001  -0.018363999999999998  0.31105801
 511    0.030169000000000001  -0.012109999999999999  0.30750501000000002
 512    0.034104000000000002  -0.020129000000000001  0.31218201000000001
 513    0.107558  -0.030412999999999999  0.31710100000000002
 514    0.099687999999999999  -0.039510000000000003  0.32267498999999999
 515    0.112805  -0.039468999999999997  0.32267498999999999
 516    0.07739  -0.029394  0.31693399
 517    0.13641600000000001  -0.046411000000000001  0.32792199
 518    0.10886999999999999  -0.044596999999999998  0.32625699000000002
 519    0.10886999999999999  -0.052409999999999998  0.33152999999999999
 520    0.086570999999999995  -0.044596999999999998  0.32575398999999999
 521    0.081324999999999995  -0.039734999999999999  0.32267498999999999
 522    0.14822099999999999  -0.046476000000000003  0.32792199
 523    0.13903899  -0.069378999999999996  0.34366198999999997
 524    0.118052  -0.062023000000000002  0.33857598999999999
 525    0.118052  -0.069348999999999994  0.34366198999999997
 526    0.161994  -0.063417000000000001  0.33925
 527    0.17510999999999999  -0.047434999999999998  0.32833098999999999
 528    0.18330800999999999  -0.060597999999999999  0.33716099999999999
 529    0.17183100000000001  -0.070269999999999999  0.34366198999999997
 530    0.19675300000000001  -0.062961000000000003  0.338563
 531    0.20200001000000001  -0.048644  0.32873899000000001
 532    0.112805  -0.061206999999999998  0.33783901
 533    0.13641600000000001  -0.077550999999999995  0.34890898999999997
 534    0.20101599000000001  -0.080845  0.34988701
 535    0.17051899000000001  -0.080062999999999995  0.34981300999999998
 536    0.12329900000000001  -0.077227000000000004  0.34890898999999997
 537    0.140351  -0.081324999999999995  0.35140698999999997
 538    0.118052  -0.077314999999999995  0.34890898999999997
 539    0.110182  -0.068907999999999997  0.34288400000000002
 540    0.20724699999999999  -0.060338000000000003  0.336339
 541    0.20987  -0.079935000000000006  0.34890898999999997
 542    0.21773999999999999  -0.081324999999999995  0.34952499999999997
 543    -0.20200001000000001  -0.0078700000000000003  0.30218499999999998
 544    0.17051899000000001  0.18245500000000001  0.17727599999999999
 545    0.17051899000000001  0.16661999999999999  0.18754899999999999
 546    0.118052  -0.082904000000000005  0.35294700000000001
 547    0.165273  0.22823399  0.14768800000000001
 548    0.160026  0.29924499999999998  0.102312
 549    -0.13903899  0.32792199  0.085100999999999996
 550    -0.12854499999999999  0.32792199  0.084943000000000005
 551    -0.12526599999999999  0.32072698999999999  0.089539999999999995
 552    -0.18101300000000001  0.14953200999999999  0.19750100000000001
 553    0.078700999999999993  0.25184399000000002  0.13298800999999999
 554    0.086570999999999995  0.24242599000000001  0.13903899
 555    0.080997  0.22494  0.15013199999999999
 556    0.068208000000000005  0.24226101  0.13903899
 557    0.065255999999999995  0.226302  0.14920700000000001
 558    0.030825000000000002  0.22605  0.14946498999999999
 559    0.047220999999999999  0.21761900000000001  0.15470600000000001
 560    0.070749000000000006  0.21080799  0.158694
 561    0.041973999999999997  0.20569399999999999  0.161881
 562    0.0098379999999999995  0.217558  0.15470099000000001
 563    0.015740000000000001  0.205202  0.162166
 564    -0.015084  0.20987  0.15925400000000001
 565    -0.030825000000000002  0.217475  0.15465498999999999
 566    -0.075749999999999998  0.21249899  0.1575
 567    -0.099687999999999999  0.21249299999999999  0.157747
 568    -0.107558  0.22823399  0.14798699000000001
 569    -0.080013000000000001  0.23085700000000001  0.146061
 570    -0.082636000000000001  0.24202899999999999  0.13903899
 571    -0.068863999999999995  0.239039  0.14089600999999999
 572    -0.044596999999999998  0.22568899000000001  0.14953200999999999
 573    -0.042630000000000001  0.23872699999999999  0.14127401000000001
 574    -0.017708000000000002  0.23811499999999999  0.14177901000000001
 575    -0.0023770000000000002  0.23097400000000001  0.146347
 576    0.015740000000000001  0.237507  0.14221798999999999
 577    0.0032789999999999998  0.25017499999999998  0.13439599999999999
 578    0.019675000000000002  0.249221  0.13492699999999999
 579    0.055091000000000001  0.249221  0.13478299999999999
 580    -0.044596999999999998  0.25001099999999998  0.13432799000000001
 581    -0.013117  0.25446798999999998  0.13160899000000001
 582    -0.068208000000000005  0.25709099000000002  0.12959399999999999
 583    -0.078045000000000003  0.25200700999999998  0.13279500999999999
 584    -0.091817999999999997  0.26233801000000001  0.12637100000000001
 585    -0.056403000000000002  0.264961  0.124683
 586    -0.066895999999999997  0.27151901000000001  0.120599
 587    -0.026234  0.270208  0.12155199999999999
 588    -0.010494  0.264961  0.124874
 589    -0.0052469999999999999  0.27283099  0.11991400000000001
 590    0.018036  0.27151901000000001  0.120674
 591    0.017052000000000001  0.264961  0.124775
 592    0.076078000000000007  0.264961  0.124557
 593    0.055746999999999998  0.270208  0.121377
 594    0.084603999999999999  0.27282399000000002  0.119713
 595    -0.097064999999999999  0.270208  0.12152399999999999
 596    -0.117396  0.270208  0.121416
 597    -0.110182  0.27807799  0.116492
 598    -0.082636000000000001  0.28332499  0.11304699999999999
 599    -0.057714000000000001  0.28070100999999997  0.1147
 600    -0.018692  0.28070100999999997  0.114746
 601    0.023609999999999999  0.28070100999999997  0.11462600000000001
 602    0.059026000000000002  0.28070100999999997  0.114618
 603    0.076078000000000007  0.28070100999999997  0.114562
 604    -0.12854499999999999  0.28468000999999998  0.112057
 605    -0.110182  0.28594800999999997  0.11161600000000001
 606    -0.11083800000000001  0.29395898999999998  0.106567
 607    -0.12854499999999999  0.29870798999999998  0.103336
 608    -0.10624699999999999  0.30168799000000002  0.101711
 609    0.089194999999999997  0.25971401  0.128112
 610    0.097721000000000002  0.26758399999999999  0.123196
 611    0.067224000000000006  0.25709099000000002  0.129637
 612    0.013937  0.29250600999999998  0.107321
 613    0.048860000000000001  0.29906498999999998  0.10328900000000001
 614    0.054434999999999997  0.28867799  0.109667
 615    -0.012789  0.30156901000000003  0.10177700000000001
 616    0.052468000000000001  0.30693501000000001  0.098494999999999999
 617    0.078700999999999993  0.30168799000000002  0.10151399999999999
 618    0.088210999999999998  0.30917999000000002  0.097007999999999997
 619    -0.081324999999999995  0.29906498999999998  0.10320799999999999
 620    -0.030497  0.29119500999999998  0.108178
 621    -0.023609999999999999  0.30693501000000001  0.098525000000000001
 622    -0.081324999999999995  0.30693501000000001  0.098353999999999997
 623    -0.053450999999999999  0.300257  0.102546
 624    -0.099687999999999999  0.30693501000000001  0.098518999999999995
 625    -0.114117  0.30895001  0.097167000000000003
 626    -0.111494  0.31742901000000001  0.091871999999999995
 627    -0.12854499999999999  0.30869299  0.097101000000000007
 628    -0.111494  0.32792199  0.085054000000000005
 629    -0.039350999999999997  0.32792199  0.085361999999999993
 630    -0.076078000000000007  0.31742901000000001  0.091784000000000004
 631    -0.078700999999999993  0.32792199  0.085018999999999997
 632    -0.061321000000000001  0.31218201000000001  0.095083000000000001
 633    -0.018036  0.31218201000000001  0.095179
 634    0.049843999999999999  0.31218201000000001  0.095198000000000005
 635    0.072142999999999999  0.31218201000000001  0.095061000000000007
 636    -0.07739  0.29149699000000001  0.107867
 637    -0.041973999999999997  0.28594800999999997  0.111512
 638    -0.0026229999999999999  0.28594800999999997  0.111529
 639    0.078700999999999993  0.28857100000000002  0.10968
 640    0.084603999999999999  0.29405000999999997  0.106346
 641    0.10100000000000001  0.30431198999999998  0.100107
 642    0.106903  0.31404501000000001  0.094032000000000004
 643    0.080013000000000001  0.31742901000000001  0.091908000000000004
 644    0.118052  0.320795  0.089631000000000002
 645    0.070831000000000005  0.32792199  0.085250999999999993
 646    0.049843999999999999  0.31742901000000001  0.092078999999999994
 647    0.037383  0.32267498999999999  0.088693999999999995
 648    -0.0045909999999999996  0.31742901000000001  0.092048000000000005
 649    -0.024757999999999999  0.32267498999999999  0.088628999999999999
 650    -0.049843999999999999  0.31742901000000001  0.092006000000000004
 651    0.024265999999999999  0.25446798999999998  0.13147800000000001
 652    -0.0078700000000000003  0.32792199  0.085401000000000005
 653    0.039350999999999997  0.32792199  0.085463999999999998
 654    0.030169000000000001  0.25971401  0.128187
 655    -0.018363999999999998  0.25971401  0.12831899999999999
 656    -0.044596999999999998  0.25971401  0.128244
 657    0.017708000000000002  0.33841600999999999  0.078557000000000002
 658    -0.030825000000000002  0.33841600999999999  0.078459000000000001
 659    -0.059681999999999999  0.33841600999999999  0.078219999999999998
 660    -0.082636000000000001  0.34103899999999998  0.076331999999999997
 661    -0.10886999999999999  0.33916499999999999  0.077522999999999995
 662    -0.12329900000000001  0.33579200999999997  0.079617999999999994
 663    -0.13903899  0.33316900999999999  0.081504999999999994
 664    -0.12592199000000001  0.34366198999999997  0.074648999999999993
 665    -0.13641600000000001  0.34890898999999997  0.071209999999999996
 666    -0.13641600000000001  0.34366198999999997  0.074788999999999994
 667    -0.086570999999999995  0.34920999000000003  0.071016999999999997
 668    -0.053450999999999999  0.34890898999999997  0.071522000000000002
 669    -0.047220999999999999  0.34366198999999997  0.075050000000000006
 670    -0.018363999999999998  0.34366198999999997  0.075235999999999997
 671    0.00164  0.34890898999999997  0.071804999999999994
 672    0.039350999999999997  0.34366198999999997  0.075241000000000002
 673    0.041973999999999997  0.34890898999999997  0.071758000000000002
 674    0.076078000000000007  0.33841600999999999  0.07825
 675    -0.154779  0.34366198999999997  0.074150999999999995
 676    -0.154779  0.34851700000000002  0.070831000000000005
 677    -0.154779  0.33841600999999999  0.077392000000000002
 678    -0.154779  0.32792199  0.084418000000000007
 679    -0.14953200999999999  0.35415598999999998  0.067544999999999994
 680    -0.13641600000000001  0.35415598999999998  0.067987000000000006
 681    0.015740000000000001  0.35677901000000001  0.066921999999999995
 682    0.018363999999999998  0.364649  0.062039999999999998
 683    0.057714000000000001  0.364649  0.061837000000000003
 684    -0.050335999999999999  0.35934000999999999  0.064993999999999996
 685    -0.060994  0.364649  0.061637999999999998
 686    -0.025250000000000002  0.364649  0.061874999999999999
 687    -0.093130000000000004  0.364649  0.061490000000000003
 688    -0.015740000000000001  0.35677901000000001  0.066862000000000005
 689    -0.083947999999999995  0.35677901000000001  0.066364999999999993
 690    -0.13903899  0.35769400000000001  0.065584000000000003
 691    -0.12329900000000001  0.364649  0.061372000000000003
 692    -0.108214  0.35415598999999998  0.068057999999999994
 693    -0.137071  0.36994299000000003  0.057780999999999999
 694    -0.14953200999999999  0.37584001  0.053612
 695    -0.112805  0.36989599000000001  0.058069999999999997
 696    -0.068863999999999995  0.36989599000000001  0.058180000000000003
 697    -0.083947999999999995  0.38038999000000001  0.051552000000000001
 698    -0.060338000000000003  0.38038999000000001  0.051645000000000003
 699    -0.12461  0.38038999000000001  0.051455000000000001
 700    -0.14166200000000001  0.37764998999999999  0.052867999999999998
 701    -0.042630000000000001  0.37251898999999999  0.056715000000000002
 702    0.010494  0.36989599000000001  0.058594
 703    0.059026000000000002  0.36989599000000001  0.058407000000000001
 704    -0.031481000000000002  0.38038999000000001  0.051714000000000003
 705    -0.0091819999999999992  0.37518500999999999  0.055168000000000002
 706    0.022463  0.38120600999999998  0.051364
 707    0.076078000000000007  0.38038999000000001  0.051848999999999999
 708    0.107558  0.38301300999999999  0.050384999999999999
 709    0.040661999999999997  0.38563599999999998  0.048714
 710    0.072142999999999999  0.39171001  0.044921999999999997
 711    0.070831000000000005  0.38464999  0.049263000000000001
 712    0.112805  0.40137698999999999  0.038794000000000002
 713    0.107558  0.39088299999999998  0.045589999999999999
 714    0.095753000000000005  0.40137698999999999  0.038885000000000003
 715    0.13903899  0.38563599999999998  0.048311
 716    0.13641600000000001  0.40137698999999999  0.038251
 717    -0.047877000000000003  0.38563599999999998  0.048535000000000002
 718    -0.083292000000000005  0.38835499000000001  0.046809000000000003
 719    -0.045908999999999998  0.39377498999999999  0.043430000000000003
 720    -0.112805  0.39148899999999998  0.044970999999999997
 721    -0.112805  0.40137698999999999  0.038751000000000001
 722    -0.070831000000000005  0.40137698999999999  0.038587000000000003
 723    -0.026234  0.40137698999999999  0.038584
 724    -0.0059030000000000003  0.38563599999999998  0.048598000000000002
 725    -0.013445  0.39399400000000001  0.043270000000000003
 726    0.01738  0.40137698999999999  0.038693999999999999
 727    0.069518999999999997  0.40137698999999999  0.038772000000000001
 728    -0.112805  0.38563599999999998  0.048519
 729    -0.13641600000000001  0.40137698999999999  0.038245000000000001
 730    -0.13903899  0.38850098999999999  0.046380999999999999
 731    -0.14953200999999999  0.38563599999999998  0.047570000000000001
 732    -0.076078000000000007  -0.029364999999999999  0.31742901000000001
 733    0.14428600999999999  0.40137698999999999  0.037808000000000001
 734    0.14428600999999999  0.38563599999999998  0.048075
 735    -0.21249399999999999  -0.061651999999999998  0.33762699000000002
 736    -0.21249399999999999  -0.047220999999999999  0.32849401
 737    -0.082636000000000001  0.40705901  0.034455
 738    -0.114117  0.40709201  0.034464000000000002
 739    0.12329900000000001  0.40700399999999998  0.034404999999999998
 740    0.104935  0.40717598999999999  0.034551999999999999
 741    0.072306999999999996  0.40713799000000001  0.034513000000000002
 742    0.029676999999999999  0.40695101  0.034555000000000002
 743    -0.030825000000000002  0.40699601000000002  0.034402000000000002
 744    -0.13116901  0.40686601  0.034299000000000003
 745    0.039350999999999997  -0.020521999999999999  0.31218201000000001
 746    0.107558  -0.078479999999999994  0.34890898999999997
 747    0.112805  -0.083141000000000007  0.35269201
 748    0.102312  -0.070831000000000005  0.34383401000000002
 749    0.165273  0.24260499999999999  0.13789599999999999
 750    0.165273  0.25446798999999998  0.12994900000000001
 751    0.165273  0.262299  0.124974
 752    0.14953200999999999  0.36989599000000001  0.057506000000000002
 753    0.14953200999999999  0.38563599999999998  0.047532999999999999
 754    0.17576601  0.16589899  0.187446
 755    -0.19675300000000001  0.023609999999999999  0.28146898999999997
 756    -0.19675300000000001  0.035630000000000002  0.273343
 757    -0.17576601  0.22577  0.14805399999999999
 758    0.20200001000000001  -0.0026229999999999999  0.29855701000000001
 759    0.17314299999999999  -0.086292999999999995  0.35434100000000002
 760    0.15215600000000001  -0.086570999999999995  0.35499701
 761    0.091817999999999997  -0.049843999999999999  0.32913300000000001
 762    0.086570999999999995  -0.047823999999999998  0.32792199
 763    0.097064999999999999  -0.055752000000000003  0.33316900999999999
 764    0.102312  -0.065584000000000003  0.33997300000000003
 765    0.097064999999999999  -0.063105999999999995  0.33841600999999999
 766    -0.097064999999999999  -0.049843999999999999  0.32950601000000002
 767    -0.097064999999999999  -0.047334000000000001  0.32792199
 768    -0.102312  -0.055079999999999997  0.33316900999999999
 769    -0.091817999999999997  -0.044596999999999998  0.32606599000000003
 770    -0.091817999999999997  -0.039350999999999997  0.32295798999999997
 771    -0.091817999999999997  -0.047123999999999999  0.32792199
 772    0.154779  0.34103899999999998  0.075792999999999999
 773    -0.154779  0.36596899999999999  0.059487999999999999
 774    -0.154779  0.37776600999999999  0.051826999999999998
 775    0.17051899000000001  0.19413  0.169347
 776    0.17051899000000001  0.20987  0.15901599999999999
 777    0.19150600000000001  0.072692000000000007  0.24851801000000001
 778    -0.13248098999999999  -0.081976999999999994  0.35248399000000002
 779    -0.118052  -0.084540000000000004  0.35415598999999998
 780    -0.165273  0.29906498999999998  0.10179299999999999
 781    0.21773999999999999  -0.076078000000000007  0.34570899999999999
 782    0.22298699999999999  -0.076078000000000007  0.345642
 783    0.22298699999999999  -0.065778000000000003  0.33828800999999997
 784    0.21773999999999999  -0.053545000000000002  0.33024099000000001
 785    0.22298699999999999  -0.057714000000000001  0.33284000000000002
 786    0.22298699999999999  -0.049843999999999999  0.327627
 787    0.21773999999999999  -0.042833999999999997  0.32267498999999999
 788    0.22298699999999999  -0.043541000000000003  0.32333601000000001
 789    0.22298699999999999  -0.039350999999999997  0.32076400999999999
 790    0.22298699999999999  -0.033998  0.31748301000000001
 791    -0.17576601  -0.086570999999999995  0.35477798999999999
 792    -0.20331199  -0.086570999999999995  0.35445300000000002
 793    -0.21773999999999999  -0.086570999999999995  0.35428300000000001
 794    -0.154779  -0.086570999999999995  0.35531499999999999
 795    -0.14953200999999999  0.40137698999999999  0.037165999999999998
 796    -0.107558  -0.069816000000000003  0.34366198999999997
 797    0.19675300000000001  0.021422  0.28367998999999999
 798    0.18101300000000001  0.13850900999999999  0.20522199999999999
 799    0.160026  0.31218201000000001  0.093982999999999997
 800    0.160026  0.31742901000000001  0.090741000000000002
 801    -0.086570999999999995  -0.039350999999999997  0.32272601000000001
 802    -0.076078000000000007  -0.034104000000000002  0.31989898999999999
 803    -0.081324999999999995  -0.038968000000000003  0.32267498999999999
 804    -0.065584000000000003  -0.029052000000000001  0.31742901000000001
 805    0.12329900000000001  -0.085449999999999998  0.35510701
 806    -0.17051899000000001  0.26617000000000002  0.122021
 807    0.154779  0.35200398999999999  0.068527000000000005
 808    0.154779  0.364649  0.060156000000000001
 809    0.09153  -0.055156999999999998  0.33311700999999999
 810    -0.20200001000000001  0.0026229999999999999  0.29529898999999998
 811    -0.18101300000000001  0.172065  0.18313599999999999
 812    -0.20200001000000001  0.010494  0.28973200999999998
 813    -0.160026  0.33054500999999997  0.082206000000000001
 814    -0.160026  0.34200998999999999  0.074471999999999997
 815    0.197409  -0.086570999999999995  0.35435301000000002
 816    0.21511699000000001  -0.086579000000000003  0.35414800000000002
 817    0.070831000000000005  -0.034104000000000002  0.31928899999999999
 818    0.076078000000000007  -0.039607000000000003  0.32267498999999999
 819    -0.070831000000000005  -0.029437000000000001  0.31742901000000001
 820    -0.070831000000000005  -0.034104000000000002  0.32104799000000001
 821    -0.076078000000000007  -0.037630999999999998  0.32267498999999999
 822    0.060338000000000003  -0.030266000000000001  0.31742901000000001
 823    0.023609999999999999  -0.019116000000000001  0.31218201000000001
 824    -0  -0.017576999999999999  0.31218201000000001
 825    0.010798  -0.018152000000000001  0.31218201000000001
 826    0.018363999999999998  -0.018678  0.31218201000000001
 827    0.20724699999999999  -0.028709999999999999  0.31489899999999998
 828    0.21249399999999999  -0.041451000000000002  0.32267498999999999
 829    0.21249399999999999  -0.061355  0.33639801000000003
 830    -0.14166200000000001  0.40664898999999999  0.033953999999999998
 831    0.14166200000000001  0.40666198999999997  0.033936000000000001
 832    0.165273  0.27226001  0.118662
 833    0.165273  0.28332499  0.111595
 834    -0.19675300000000001  0.046699999999999998  0.26572999000000003
 835    -0.19675300000000001  0.058632999999999998  0.25756498999999999
 836    -0.19675300000000001  0.068168000000000006  0.25097199999999997
 837    0.065584000000000003  -0.034104000000000002  0.31975000999999997
 838    -0.18626000000000001  0.12592199000000001  0.21319399999999999
 839    0.049843999999999999  -0.023609999999999999  0.31372100000000003
 840    0.044596999999999998  -0.023609999999999999  0.31390899
 841    0.22298699999999999  -0.080820000000000003  0.34933998999999999
 842    0.055091000000000001  -0.029536  0.31742901000000001
 843    -0.165273  0.309558  0.095023999999999997
 844    -0.18626000000000001  0.136575  0.20570099
 845    -0.20724699999999999  -0.023458  0.31229001000000001
 846    -0.19150600000000001  0.101033  0.229298
 847    -0.102312  -0.061780000000000002  0.33841600999999999
 848    0.19150600000000001  0.093036999999999995  0.23428900999999999
 849    -0.17576601  0.23610400000000001  0.14092500999999999
 850    -0.22298699999999999  -0.076078000000000007  0.34568399
 851    -0.22298699999999999  -0.081324999999999995  0.34947898999999999
 852    -0.22823399  -0.080826999999999996  0.34933599999999998
 853    -0.22823399  -0.076078000000000007  0.34567299000000001
 854    -0.22298699999999999  -0.065526000000000001  0.33845499000000001
 855    -0.22823399  -0.061697000000000002  0.33571698999999999
 856    -0.22298699999999999  -0.055091000000000001  0.33162998999999999
 857    -0.22823399  -0.049843999999999999  0.32772899
 858    -0.22823399  -0.044596999999999998  0.32386500000000001
 859    -0.22298699999999999  -0.036727000000000003  0.31797599999999998
 860    -0.22823399  -0.034680999999999997  0.31703699000000002
 861    -0.22823399  -0.028857000000000001  0.31321200999999999
 862    -0.049843999999999999  -0.023609999999999999  0.31521901000000002
 863    0.21773999999999999  -0.034104000000000002  0.31692000999999997
 864    -0.010494  -0.017547  0.31218201000000001
 865    0.19675300000000001  0.045723  0.26680499000000002
 866    0.18101300000000001  0.15215600000000001  0.19552800000000001
 867    0.17576601  0.18885399  0.17227899999999999
 868    -0.18101300000000001  0.18888300999999999  0.17211099999999999
 869    0.20200001000000001  0.00174  0.29587998999999998
 870    -0.160026  0.35710799999999998  0.064462000000000005
 871    0.20724699999999999  -0.012973999999999999  0.30440300999999997
 872    0.20200001000000001  0.017479999999999999  0.28532201000000001
 873    -0.22298699999999999  -0.086485999999999993  0.354242
 874    -0.060338000000000003  -0.028229000000000001  0.31742901000000001
 875    0.22298699999999999  -0.028857000000000001  0.31443599
 876    0.18626000000000001  0.120675  0.21667700000000001
 877    0.18626000000000001  0.13084899999999999  0.20965600000000001
 878    0.112805  -0.086570999999999995  0.35591799000000002
 879    -0.20724699999999999  -0.0048820000000000001  0.29929999000000002
 880    0.14953200999999999  0.40137698999999999  0.037073000000000002
 881    -0.21249399999999999  -0.034271000000000003  0.31918401000000002
 882    0.070831000000000005  -0.038690000000000002  0.32267498999999999
 883    0.039350999999999997  -0.023609999999999999  0.31471199
 884    0.17576601  0.19675300000000001  0.16678201000000001
 885    0.19675300000000001  0.055924000000000001  0.25971401
 886    -0.14953200999999999  0.40662301000000001  0.033078000000000003
 887    0.17051899000000001  0.229545  0.14602000000000001
 888    -0.20200001000000001  0.018363999999999998  0.28439199999999998
 889    0.112805  0.41187000000000001  0.030443000000000001
 890    -0.107558  -0.076082999999999998  0.34890898999999997
 891    0.17051899000000001  0.25184399000000002  0.13088401
 892    0.17051899000000001  0.23872699999999999  0.13958899999999999
 893    0.17051899000000001  0.26159199999999999  0.124553
 894    0.165273  0.29402801000000001  0.104683
 895    -0.13116901  -0.086570999999999995  0.356435
 896    -0.154779  0.38826000999999999  0.045059000000000002
 897    -0.154779  0.40137698999999999  0.036098999999999999
 898    -0.165273  0.31996798999999998  0.088227
 899    -0.18101300000000001  0.19675300000000001  0.16656299999999999
 900    -0.18101300000000001  0.20846300000000001  0.15865599999999999
 901    -0.17051899000000001  0.28044598999999998  0.11264
 902    0.049843999999999999  -0.028524999999999998  0.31742901000000001
 903    0.13379199999999999  0.41236298999999998  0.02938
 904    0.19675300000000001  0.062309000000000003  0.25498800999999999
 905    0.21773999999999999  -0.028857000000000001  0.31328601
 906    0.21249399999999999  -0.021437999999999999  0.30917799000000001
 907    0.21773999999999999  -0.018363999999999998  0.30671301000000001
 908    0.21249399999999999  -0.011181  0.30207898999999999
 909    0.21773999999999999  -0.011955  0.30238800999999998
 910    0.21773999999999999  -0.0078700000000000003  0.30000698999999997
 911    0.21773999999999999  -0.0024949999999999998  0.29650900000000002
 912    0.21249399999999999  -0.0026229999999999999  0.29638599999999998
 913    0.21773999999999999  0.0026229999999999999  0.293466
 914    0.21249399999999999  0.0063879999999999996  0.29024401
 915    0.160026  0.33006700999999999  0.082147999999999999
 916    0.18101300000000001  0.17325299999999999  0.18155199
 917    -0.18626000000000001  0.14936099999999999  0.19675300000000001
 918    -0.18626000000000001  0.16135099999999999  0.18886900000000001
 919    0.072142999999999999  0.41187000000000001  0.030388999999999999
 920    0.013445  0.41187000000000001  0.030126
 921    -0.067388000000000003  0.41187000000000001  0.03014
 922    -0.114773  0.41187000000000001  0.030179000000000001
 923    -0.160026  0.364649  0.059471000000000003
 924    0.081324999999999995  -0.046390000000000001  0.32792199
 925    -0.086570999999999995  -0.044899000000000001  0.32756798999999998
 926    0.21773999999999999  0.013117  0.286966
 927    -0.20200001000000001  0.026102  0.27877000000000002
 928    0.14953200999999999  0.40662301000000001  0.032946000000000003
 929    -0.055091000000000001  -0.026973  0.31742901000000001
 930    -0.160026  0.37363099999999999  0.053291999999999999
 931    0.19150600000000001  0.102312  0.22801500999999999
 932    -0.097064999999999999  -0.054718000000000003  0.33370399000000001
 933    -0.19675300000000001  0.082636000000000001  0.24071001
 934    -0.17051899000000001  0.29272699000000002  0.10459499999999999
 935    0.154779  0.36989599000000001  0.056526
 936    0.154779  0.37770501000000001  0.051498000000000002
 937    0.17576601  0.20851600000000001  0.15892801000000001
 938    0.17576601  0.22026699999999999  0.15113900999999999
 939    -0.13641600000000001  0.41221799999999997  0.029236000000000002
 940    -0.19150600000000001  0.120675  0.21562998999999999
 941    0.13379199999999999  -0.090669  0.35940301000000002
 942    0.14428600999999999  0.41200398999999999  0.028999
 943    0.107558  -0.084363999999999995  0.35415598999999998
 944    -0.20200001000000001  0.036727000000000003  0.27144399000000002
 945    0.17576601  0.27409801  0.115401
 946    -0.17576601  0.24659701000000001  0.13378100000000001
 947    -0.17576601  0.25430798999999998  0.128438
 948    -0.044596999999999998  -0.023609999999999999  0.31628500999999998
 949    0.20724699999999999  0.010737  0.28834900000000002
 950    0.21249399999999999  0.013117  0.28563898999999998
 951    0.20724699999999999  0.024917000000000002  0.27801701000000001
 952    0.21249399999999999  0.020986999999999999  0.28004499999999999
 953    0.21249399999999999  0.028374  0.27516001000000001
 954    0.20724699999999999  0.035062000000000003  0.27083200000000002
 955    0.21249399999999999  0.035116000000000001  0.27078398999999997
 956    0.21249399999999999  0.044578  0.26495001000000001
 957    0.20724699999999999  0.044125999999999999  0.26467201000000001
 958    0.20724699999999999  0.052468000000000001  0.25913900000000001
 959    0.154779  0.39088299999999998  0.042963000000000001
 960    0.165273  0.30431198999999998  0.097873000000000002
 961    -0.21249399999999999  -0.021111000000000001  0.309558
 962    0.044596999999999998  -0.027112000000000001  0.31742901000000001
 963    0.15084399000000001  -0.091246999999999995  0.35940301000000002
 964    0.17576601  -0.091669  0.35944700000000002
 965    -0.18101300000000001  0.220364  0.15054500000000001
 966    0.19675300000000001  0.073321999999999998  0.246951
 967    0.17576601  0.26284598999999997  0.12262000000000001
 968    0.17576601  0.248997  0.13152499000000001
 969    0.18101300000000001  0.27035799999999999  0.11813800000000001
 970    0.18101300000000001  0.26334000000000002  0.12234100000000001
 971    0.18101300000000001  0.25369099000000001  0.12809799999999999
 972    0.18101300000000001  0.27545500000000001  0.11511299999999999
 973    0.18101300000000001  0.28005099  0.112446
 974    0.18101300000000001  0.24667898999999999  0.13234199999999999
 975    0.18101300000000001  0.23543601  0.13947399999999999
 976    0.17576601  0.28864699999999999  0.105962
 977    0.17051899000000001  0.28017198999999998  0.112469
 978    0.17051899000000001  0.29644199999999998  0.101642
 979    0.17576601  0.29644199999999998  0.10112599999999999
 980    0.17051899000000001  0.30168799000000002  0.097858000000000001
 981    0.17576601  0.30214000000000002  0.097313999999999998
 982    0.17576601  0.30693501000000001  0.094549999999999995
 983    0.17051899000000001  0.31155801  0.091411000000000006
 984    0.17576601  0.31183400999999999  0.091617000000000004
 985    0.17051899000000001  0.32040200000000002  0.085508000000000001
 986    -0.21773999999999999  -0.042339000000000002  0.32385599999999998
 987    -0.14953200999999999  0.41160198999999997  0.028576000000000001
 988    -0.160026  -0.091040999999999997  0.35940301000000002
 989    0.20200001000000001  0.081938999999999998  0.23914299999999999
 990    -0.22298699999999999  -0.028938999999999999  0.31212698999999999
 991    0.20200001000000001  0.034669999999999999  0.27301201000000003
 992    0.20200001000000001  0.075689000000000006  0.243705
 993    0.20200001000000001  0.063694000000000001  0.252363
 994    0.20724699999999999  0.075701000000000004  0.24374199999999999
 995    0.20724699999999999  0.070831000000000005  0.24696199999999999
 996    0.20724699999999999  0.082444000000000003  0.23938999999999999
 997    0.20724699999999999  0.094441999999999998  0.23213400000000001
 998    0.20724699999999999  0.059867999999999998  0.25418099999999999
 999    0.20724699999999999  0.066484000000000001  0.24977500999999999
1000    0.118052  -0.089626999999999998  0.35940301000000002
1001    0.18101300000000001  0.19053498999999999  0.1699
1002    0.18626000000000001  0.19413  0.16620799999999999
1003    0.18101300000000001  0.20925700999999999  0.15701000000000001
1004    0.18101300000000001  0.22822498999999999  0.14427999999999999
1005    0.18101300000000001  0.221026  0.149148
1006    0.18626000000000001  0.21224000000000001  0.15463001000000001
1007    0.18626000000000001  0.219807  0.15009800000000001
1008    0.18626000000000001  0.228884  0.14464099999999999
1009    0.18626000000000001  0.204623  0.15940299999999999
1010    0.18626000000000001  0.23348099999999999  0.142069
1011    0.18626000000000001  0.14893200000000001  0.19634999
1012    0.19150600000000001  0.15187700000000001  0.19269700000000001
1013    0.18626000000000001  0.16451199  0.185783
1014    0.18626000000000001  0.186803  0.17086101000000001
1015    0.18626000000000001  0.17669099999999999  0.17762600000000001
1016    0.19150600000000001  0.17793  0.17650101000000001
1017    0.19150600000000001  0.17041101  0.180952
1018    0.19150600000000001  0.16309900999999999  0.185505
1019    0.19675300000000001  0.15461899000000001  0.19142200000000001
1020    0.19675300000000001  0.14953200999999999  0.194378
1021    0.19150600000000001  0.14494299999999999  0.19719701000000001
1022    0.19150600000000001  0.13547899999999999  0.20418601
1023    0.19675300000000001  0.144789  0.19702898999999999
1024    0.19675300000000001  0.13903899  0.20079
1025    0.19150600000000001  0.187335  0.17108300000000001
1026    0.19150600000000001  0.19675300000000001  0.16584099999999999
1027    0.19675300000000001  0.13130499000000001  0.20577601000000001
1028    0.160026  0.34205799999999997  0.073858999999999994
1029    -0.19150600000000001  -0.091629000000000002  0.35947298999999999
1030    0.19150600000000001  0.204623  0.16173199999999999
1031    -0.22823399  -0.086144999999999999  0.35464999000000003
1032    0.14953200999999999  0.411551  0.028528999999999999
1033    -0.112805  -0.083654000000000006  0.35415598999999998
1034    -0.20724699999999999  0.0071879999999999999  0.29073501000000002
1035    -0.13772701000000001  -0.089926000000000006  0.35940301000000002
1036    -0.12854499999999999  -0.089393  0.35940301000000002
1037    0.17576601  0.31742901000000001  0.088385000000000005
1038    0.17576601  0.32163301  0.085988999999999996
1039    0.17576601  0.32792199  0.082434999999999994
1040    -0.154779  0.40662301000000001  0.031905999999999997
1041    -0.22823399  -0.023609999999999999  0.31036299000000001
1042    -0.165273  0.33799299999999999  0.075798000000000004
1043    0.102312  -0.076543  0.34850499000000001
1044    0.160026  0.39612999999999998  0.038061999999999999
1045    0.20724699999999999  -0.091683000000000001  0.35940301000000002
1046    0.19675300000000001  0.12329900000000001  0.21138000000000001
1047    0.20215701  0.12329900000000001  0.21238299999999999
1048    0.20200001000000001  0.118052  0.21546799999999999
1049    0.19675300000000001  0.113402  0.21814699000000001
1050    0.20200001000000001  0.113526  0.21815100000000001
1051    0.20200001000000001  0.107558  0.22206600000000001
1052    0.19675300000000001  0.107128  0.22270000000000001
1053    0.20200001000000001  0.099879999999999997  0.226905
1054    0.19675300000000001  0.098140000000000005  0.22897400000000001
1055    0.20200001000000001  0.091817999999999997  0.23242499999999999
1056    0.22298699999999999  -0.086207000000000006  0.35456400999999999
1057    0.065584000000000003  -0.036896999999999999  0.32267498999999999
1058    -0.19675300000000001  0.094667000000000001  0.23207299000000001
1059    0.19150600000000001  0.114117  0.219721
1060    -0.20987  -0.091566999999999996  0.35949399999999998
1061    0.160026  0.40153  0.034222000000000002
1062    0.165273  0.39533800000000002  0.038870000000000002
1063    0.165273  0.38843399000000001  0.043101
1064    0.160026  0.38122498999999999  0.047761999999999999
1065    0.160026  0.36971501000000001  0.055091000000000001
1066    0.165273  0.37824699000000001  0.049156999999999999
1067    0.165273  0.36912599000000001  0.054641000000000002
1068    0.165273  0.40193999000000002  0.034481999999999999
1069    0.165273  0.40662301000000001  0.030957999999999999
1070    0.160026  0.40805000000000002  0.028857000000000001
1071    0.165273  0.41066100999999999  0.027789999999999999
1072    -0.18626000000000001  0.17838999999999999  0.17761999000000001
1073    -0.20200001000000001  0.044596999999999998  0.26577299999999998
1074    -0.19150600000000001  0.13641600000000001  0.20440599000000001
1075    -0.110182  0.41315001000000001  0.028857000000000001
1076    -0.21773999999999999  -0.027984999999999999  0.31282799999999999
1077    -0.21773999999999999  -0.021305000000000001  0.30807799000000002
1078    -0.22298699999999999  -0.019706999999999999  0.30604500000000001
1079    -0.21773999999999999  -0.0078700000000000003  0.29834801
1080    -0.22298699999999999  -0.013200999999999999  0.30163801000000001
1081    -0.22298699999999999  -0.0026229999999999999  0.29507499999999998
1082    -0.21773999999999999  -0.0026229999999999999  0.29474698999999999
1083    -0.22298699999999999  0.0026229999999999999  0.29164900999999999
1084    -0.21773999999999999  0.002418  0.29106101000000001
1085    -0.22298699999999999  0.0078700000000000003  0.28859800000000002
1086    -0.21773999999999999  0.01098  0.28509100999999998
1087    -0.21249399999999999  0.0033479999999999998  0.29172399999999998
1088    -0.21249399999999999  0.015622  0.28267400999999998
1089    -0.21249399999999999  0.026234  0.27487001
1090    -0.20724699999999999  0.031601999999999998  0.27291700000000002
1091    -0.21773999999999999  0.023609999999999999  0.27617401000000003
1092    -0.21773999999999999  0.017715999999999999  0.28028101
1093    -0.21773999999999999  0.033617000000000001  0.26992300000000002
1094    -0.21249399999999999  0.034104000000000002  0.26943698999999999
1095    -0.21773999999999999  0.039350999999999997  0.26626799000000001
1096    -0.21249399999999999  0.041973999999999997  0.26387699999999997
1097    -0.21773999999999999  0.044596999999999998  0.26343599000000001
1098    -0.21773999999999999  0.049843999999999999  0.26037600999999999
1099    0.165273  0.35954999999999998  0.060425
1100    0.165273  0.35415598999999998  0.064093999999999998
1101    0.17051899000000001  0.35319799000000002  0.065084000000000003
1102    0.165273  0.35029101000000001  0.066462999999999994
1103    0.17051899000000001  0.34890898999999997  0.067388000000000003
1104    0.17051899000000001  0.34344300999999999  0.070711999999999997
1105    0.165273  0.33982801000000001  0.073477000000000001
1106    0.17051899000000001  0.336171  0.075148000000000006
1107    0.17051899000000001  0.32792199  0.080601000000000006
1108    0.17051899000000001  0.35940301000000002  0.061459
1109    0.165273  0.32505801000000001  0.083785999999999999
1110    0.17051899000000001  0.36316100000000001  0.059619999999999999
1111    -0.17051899000000001  0.34890898999999997  0.066752000000000006
1112    -0.17051899000000001  0.35415598999999998  0.063547999999999993
1113    -0.17576601  0.35628799  0.063206999999999999
1114    -0.17576601  0.34617199999999998  0.069024000000000002
1115    -0.17051899000000001  0.34084200999999997  0.072163000000000005
1116    -0.17051899000000001  0.33316900999999999  0.077215000000000006
1117    -0.17576601  0.33316900999999999  0.076868000000000006
1118    -0.17051899000000001  0.32514700000000002  0.082806000000000005
1119    -0.17051899000000001  0.31203899000000002  0.091724
1120    -0.17576601  0.32705000000000001  0.080817
1121    -0.17576601  0.32017299999999999  0.085079000000000002
1122    -0.17051899000000001  0.35918301000000002  0.060204000000000001
1123    -0.165273  0.35940301000000002  0.061147
1124    -0.165273  0.36691800000000002  0.056179
1125    -0.17051899000000001  0.36796400000000001  0.054768999999999998
1126    -0.17051899000000001  0.37557699999999999  0.050090000000000003
1127    -0.165273  0.38038999000000001  0.047232000000000003
1128    -0.160026  0.40137698999999999  0.034566
1129    -0.17051899000000001  0.38539800000000002  0.044470999999999997
1130    -0.165273  0.39394799000000003  0.038497000000000003
1131    -0.165273  0.40137698999999999  0.033625000000000002
1132    -0.17051899000000001  0.40422601000000002  0.032682000000000003
1133    -0.17051899000000001  0.39612999999999998  0.038101000000000003
1134    -0.160026  0.40815899  0.028857000000000001
1135    -0.165273  0.40721499999999999  0.028857000000000001
1136    -0.19150600000000001  0.19356400000000001  0.16587399999999999
1137    -0.19150600000000001  0.20200001000000001  0.16017200000000001
1138    -0.18626000000000001  0.20858099999999999  0.15688099999999999
1139    -0.19150600000000001  0.210619  0.154562
1140    -0.19150600000000001  0.21773999999999999  0.14978901
1141    -0.18626000000000001  0.22298699999999999  0.14687
1142    -0.18626000000000001  0.23085700000000001  0.14120799000000001
1143    -0.19150600000000001  0.22730599000000001  0.14370801
1144    -0.19150600000000001  0.23348099999999999  0.139622
1145    -0.18626000000000001  0.24074699999999999  0.13434199999999999
1146    -0.19150600000000001  0.246286  0.13215200999999999
1147    -0.19675300000000001  0.19922200000000001  0.163435
1148    -0.19675300000000001  0.186611  0.17069899999999999
1149    -0.19150600000000001  0.18101300000000001  0.17419000000000001
1150    -0.19675300000000001  0.18101300000000001  0.174016
1151    -0.19675300000000001  0.17576601  0.17689299999999999
1152    -0.19150600000000001  0.17313600000000001  0.179231
1153    -0.19675300000000001  0.16980200000000001  0.18060701000000001
1154    -0.19150600000000001  0.16328599999999999  0.18582899999999999
1155    -0.19675300000000001  0.16264901000000001  0.18491299
1156    -0.191494  0.15087998999999999  0.19412599999999999
1157    -0.18626000000000001  0.25184399000000002  0.12704401000000001
1158    -0.18101300000000001  0.243863  0.133717
1159    -0.18101300000000001  0.25613701  0.12528798999999999
1160    -0.18626000000000001  0.25885201000000002  0.122809
1161    -0.18626000000000001  0.264961  0.11898300000000001
1162    -0.18101300000000001  0.264961  0.119257
1163    -0.17576601  0.26746198999999998  0.119557
1164    -0.18101300000000001  0.27275698999999998  0.114382
1165    -0.18626000000000001  0.270208  0.116137
1166    -0.18626000000000001  0.27545500000000001  0.11306099999999999
1167    -0.18101300000000001  0.28274500000000002  0.108066
1168    -0.17576601  0.28317599999999998  0.108998
1169    -0.18101300000000001  0.29381800000000002  0.10137
1170    -0.17576601  0.29381800000000002  0.101974
1171    -0.17576601  0.30151799000000001  0.096959000000000004
1172    -0.17576601  0.30891900999999999  0.092258000000000007
1173    -0.18101300000000001  0.30145298999999998  0.096935999999999994
1174    -0.18101300000000001  0.31445300999999998  0.089788999999999994
1175    -0.18626000000000001  0.28848499  0.106153
1176    0.21773999999999999  0.018363999999999998  0.28406301
1177    -0.12329900000000001  -0.089355000000000004  0.35940301000000002
1178    0.097064999999999999  -0.065584000000000003  0.34084799999999998
1179    0.097064999999999999  -0.068545999999999996  0.34366198999999997
1180    -0.154779  0.41095099000000002  0.027902
1181    0.091817999999999997  -0.060311999999999998  0.33841600999999999
1182    0.22823399  -0.065584000000000003  0.33968400999999998
1183    0.22842599  -0.071025000000000005  0.34366198999999997
1184    0.22823399  -0.077183000000000002  0.34804099999999999
1185    0.073782  0.41331199000000002  0.028857000000000001
1186    0.0095099999999999994  0.41302498999999998  0.028857000000000001
1187    -0.059681999999999999  0.41302298999999998  0.028857000000000001
1188    0.107558  0.41344500000000001  0.028857000000000001
1189    0.18626000000000001  0.23872699999999999  0.13900999999999999
1190    -0.160026  0.41187000000000001  0.025149000000000001
1191    -0.165273  0.41223699000000003  0.024006
1192    0.22823399  -0.057714000000000001  0.33487700999999997
1193    -0.039350999999999997  -0.023442999999999999  0.31742901000000001
1194    -0.20200001000000001  0.057779999999999998  0.25656899999999999
1195    -0.20724699999999999  0.046386999999999998  0.262355
1196    -0.21249399999999999  0.049843999999999999  0.258793
1197    -0.20724699999999999  0.058273999999999999  0.25389001
1198    -0.21249399999999999  0.055646000000000001  0.25481299000000002
1199    -0.21249399999999999  0.065179000000000001  0.24898398999999999
1200    -0.20724699999999999  0.065281000000000006  0.24901999999999999
1201    -0.21249399999999999  0.070831000000000005  0.24535899999999999
1202    -0.20724699999999999  0.073455000000000006  0.24330399999999999
1203    -0.21249399999999999  0.076078000000000007  0.242341
1204    -0.21249399999999999  0.083947999999999995  0.23757
1205    -0.20724699999999999  0.080772999999999998  0.23837900000000001
1206    -0.20724699999999999  0.089555999999999997  0.23247100000000001
1207    -0.20200001000000001  0.083947999999999995  0.23750199
1208    -0.20200001000000001  0.094380000000000006  0.23004500999999999
1209    -0.20724699999999999  0.096536999999999998  0.22790500999999999
1210    -0.20724699999999999  0.103294  0.22355000999999999
1211    -0.20200001000000001  0.104935  0.22254499999999999
1212    -0.20724699999999999  0.11541700000000001  0.21615100000000001
1213    -0.20200001000000001  0.112346  0.21744099
1214    -0.20200001000000001  0.120675  0.21172599
1215    -0.20724699999999999  0.12250999999999999  0.212065
1216    -0.20724699999999999  0.12854499999999999  0.20847299999999999
1217    -0.102312  -0.066253000000000006  0.34298300999999998
1218    0.21773999999999999  -0.091206999999999996  0.35940301000000002
1219    -0.23348099999999999  -0.070831000000000005  0.343692
1220    -0.17576601  0.364649  0.058737999999999999
1221    -0.19675300000000001  0.119364  0.21429699999999999
1222    -0.19675300000000001  0.13116901  0.20580599999999999
1223    -0.19675300000000001  0.14157701  0.19853000000000001
1224    -0.20200001000000001  0.072184999999999999  0.24610201000000001
1225    -0.19675300000000001  0.104891  0.224797
1226    -0.20200001000000001  0.13470500999999999  0.20254999000000001
1227    -0.20200001000000001  0.12854499999999999  0.20662100999999999
1228    -0.20200001000000001  0.14680799999999999  0.195163
1229    -0.19675300000000001  0.15152500999999999  0.19195699999999999
1230    -0.20200001000000001  0.15703800000000001  0.18942100000000001
1231    -0.17051899000000001  0.40961598999999999  0.028857000000000001
1232    0.19675300000000001  0.16789599999999999  0.18449098999999999
1233    -0.22298699999999999  -0.090936000000000003  0.35940301000000002
1234    -0.20200001000000001  0.16409799  0.18568498999999999
1235    -0.20200001000000001  0.17051899000000001  0.18221899999999999
1236    0.076078000000000007  -0.044143000000000002  0.32792199
1237    0.21276601000000001  0.055091000000000001  0.25945199000000002
1238    0.18101300000000001  0.29119500999999998  0.10621800000000001
1239    0.18101300000000001  0.29644199999999998  0.103307
1240    0.17051899000000001  0.36989599000000001  0.055889000000000001
1241    -0.23348099999999999  -0.076994000000000007  0.34820899
1242    -0.091817999999999997  -0.049843999999999999  0.331314
1243    -0.21773999999999999  0.055091000000000001  0.25769299000000001
1244    -0.19675300000000001  0.20624200000000001  0.15948200000000001
1245    -0.065584000000000003  -0.033609  0.32267498999999999
1246    -0.18101300000000001  0.32154801  0.085990999999999998
1247    -0.18101300000000001  0.32792199  0.082515000000000005
1248    0.160026  0.41255301  0.024374
1249    0.165273  0.41512199999999999  0.023609999999999999
1250    -0.223248  0.01269  0.28594800999999997
1251    0.21249399999999999  0.060338000000000003  0.25605199000000001
1252    -0.22298699999999999  0.018363999999999998  0.28216001000000002
1253    0.039350999999999997  -0.025559999999999999  0.31742901000000001
1254    -0.049843999999999999  -0.025585  0.31742901000000001
1255    0.17051899000000001  0.37514299000000001  0.053366999999999998
1256    -0.118052  -0.088939000000000004  0.35940301000000002
1257    0.14166200000000001  0.41660899000000001  0.023609999999999999
1258    0.12329900000000001  0.41723099000000002  0.023609999999999999
1259    0.17576601  0.33316900999999999  0.079667000000000002
1260    -0.165273  0.41688299000000001  0.018363999999999998
1261    -0.22823399  -0.089866000000000001  0.35940301000000002
1262    0.22823399  -0.049843999999999999  0.33009400999999999
1263    -0.14690900000000001  0.41583699000000002  0.023609999999999999
1264    0.22823399  -0.082493999999999998  0.35291600000000001
1265    -0.20724699999999999  0.13379199999999999  0.20579199000000001
1266    0.13116901  -0.091817999999999997  0.36106300000000002
1267    0.20200001000000001  0.13379199999999999  0.20636599999999999
1268    0.20200001000000001  0.13903899  0.20333098999999999
1269    -0.21271499999999999  0.091454999999999995  0.23348099999999999
1270    -0.21249399999999999  0.097064999999999999  0.230075
1271    -0.14428600999999999  -0.094378000000000004  0.364649
1272    -0.13641600000000001  -0.091817999999999997  0.36193699000000001
1273    -0.16396099  -0.09493  0.364649
1274    -0.12854499999999999  -0.092551999999999995  0.364649
1275    -0.19150600000000001  0.25274199000000003  0.12854499999999999
1276    -0.17576601  0.36989599000000001  0.055703000000000003
1277    -0.19150600000000001  0.25971401  0.12488200000000001
1278    -0.17576601  0.37514299000000001  0.053255999999999998
1279    -0.160026  0.41704801000000002  0.018363999999999998
1280    -0.154779  0.414545  0.023609999999999999
1281    -0.23348099999999999  -0.057714000000000001  0.33540899000000002
1282    0.22298699999999999  -0.090149000000000007  0.35940301000000002
1283    0.090506000000000003  0.41734599999999999  0.023609999999999999
1284    0.029021000000000002  0.41702801  0.023611
1285    -0.027545  0.41688999999999998  0.023609999999999999
1286    -0.059026000000000002  0.416962  0.023609999999999999
1287    -0.112805  0.41703600000000002  0.023609999999999999
1288    -0.13379199999999999  0.41665598999999998  0.023609999999999999
1289    -0.034104000000000002  -0.022468999999999999  0.31742901000000001
1290    -0.026234  -0.021189  0.31742901000000001
1291    -0.014429000000000001  -0.018363999999999998  0.31349199999999999
1292    -0.22823399  -0.018363999999999998  0.30743900000000002
1293    0.223381  -0.020986999999999999  0.31039801
1294    0.22298699999999999  -0.013117  0.30599599999999999
1295    0.14166200000000001  -0.094825000000000007  0.364649
1296    0.16133800000000001  -0.095141000000000003  0.364649
1297    0.15215600000000001  0.41494598999999999  0.023609999999999999
1298    0.160026  0.41730099999999998  0.018363999999999998
1299    0.029869  -0.023414000000000001  0.31742901000000001
1300    -0.20200001000000001  0.17576601  0.17979300000000001
1301    0.217755  0.023597  0.28069400999999999
1302    0.21773999999999999  0.028857000000000001  0.27799600000000002
1303    0.112805  -0.089183999999999999  0.35940301000000002
1304    0.086570999999999995  -0.053089999999999998  0.33316900999999999
1305    0.21249399999999999  0.065584000000000003  0.25337600999999998
1306    -0.19675300000000001  0.21249399999999999  0.15573600000000001
1307    -0.23348099999999999  -0.082307000000000005  0.35309801000000002
1308    -0.19675300000000001  0.21773999999999999  0.15300900000000001
1309    -0.18101300000000001  0.33316900999999999  0.079880000000000007
1310    -0.22298699999999999  0.023609999999999999  0.27931099999999998
1311    0.059524000000000001  -0.034417999999999997  0.32267498999999999
1312    -0.17051899000000001  0.41556000999999998  0.023609999999999999
1313    0.18101300000000001  0.30168799000000002  0.100771
1314    0.207451  0.102312  0.22801299
1315    0.20724699999999999  0.107558  0.22498499999999999
1316    0.102312  -0.081183000000000005  0.35415598999999998
1317    -0.18626899999999999  0.29642200000000002  0.102312
1318    -0.18626000000000001  0.30168799000000002  0.099852999999999997
1319    0.19150600000000001  0.21511699000000001  0.15638299
1320    0.17051899000000001  0.38038999000000001  0.050436000000000002
1321    -0.070831000000000005  -0.035449000000000001  0.32267498999999999
1322    0.17051899000000001  0.38563599999999998  0.047974999999999997
1323    -0.13379199999999999  -0.093329999999999996  0.364649
1324    -0.19413  -0.095102999999999993  0.364649
1325    0.13116901  -0.094225000000000003  0.364649
1326    0.055091000000000001  -0.032696000000000003  0.32267498999999999
1327    -0.21773999999999999  0.060338000000000003  0.25467499999999998
1328    0.199377  -0.095119999999999996  0.364649
1329    0.19691400000000001  0.17576601  0.18084601
1330    0.22853598999999999  -0.044596999999999998  0.32754498999999998
1331    -0.107558  -0.080239000000000005  0.35415598999999998
1332    0.186416  0.249221  0.13362599999999999
1333    -0.11258  -0.086744000000000002  0.35940301000000002
1334    0.18626000000000001  0.25446798999999998  0.13059599999999999
1335    0.14690900000000001  0.41931998999999998  0.018363999999999998
1336    0.034104000000000002  -0.024244000000000002  0.31742901000000001
1337    0.12329900000000001  -0.092996999999999996  0.364649
1338    -0.19150600000000001  0.264961  0.122305
1339    -0.21283199999999999  0.102312  0.227851
1340    0.097064999999999999  -0.070831000000000005  0.34678798999999999
1341    0.165273  0.41953000000000001  0.018363999999999998
1342    -0.20724699999999999  0.13903899  0.202793
1343    0.13903899  0.42000400999999998  0.018363999999999998
1344    -0.213805  -0.094635999999999998  0.364649
1345    0.20200001000000001  0.14428600999999999  0.20087899000000001
1346    -0.165273  0.42014300999999998  0.013117
1347    -0.060338000000000003  -0.031112999999999998  0.32267498999999999
1348    0.17576601  0.33841600999999999  0.076684000000000002
1349    0.21249399999999999  -0.094690999999999997  0.364649
1350    0.17576601  0.34366198999999997  0.074229000000000003
1351    0.154779  0.41788199999999998  0.018363999999999998
1352    0.22298699999999999  -0.0078700000000000003  0.30292499000000001
1353    0.22823399  -0.087122000000000005  0.35860899000000002
1354    -0.23348099999999999  -0.044596999999999998  0.32763100000000001
1355    0.16695199999999999  0.39612999999999998  0.039350999999999997
1356    0.10709399999999999  -0.086910000000000001  0.35940301000000002
1357    -0.123212  -0.091833999999999999  0.364649
1358    -0.17576601  0.38038999000000001  0.050439999999999999
1359    0.023609999999999999  -0.022192  0.31742901000000001
1360    -0.18101300000000001  0.33841600999999999  0.077010999999999996
1361    0.18648100000000001  0.25971401  0.12826499
1362    -0.20200001000000001  0.18101300000000001  0.17726301
1363    0.21249399999999999  0.070831000000000005  0.25045698999999999
1364    -0.18951799999999999  0.270208  0.118052
1365    -0.22298699999999999  0.028857000000000001  0.27635500000000002
1366    0.22298699999999999  -0.0026229999999999999  0.30051299999999997
1367    0.21785099999999999  0.034104000000000002  0.275314
1368    0.20744700999999999  0.112805  0.22270799999999999
1369    0.201239  0.14953200999999999  0.19751099999999999
1370    -0.22818901  -0.010494  0.30329298999999998
1371    0.21773999999999999  -0.094118999999999994  0.364649
1372    -0.22298699999999999  -0.093826999999999994  0.364649
1373    -0.23399700000000001  -0.086943000000000006  0.35940301000000002
1374    -0.19675300000000001  0.22298699999999999  0.150087
1375    -0.18576001  0.30693501000000001  0.097064999999999999
1376    -0.224995  -0.0026229999999999999  0.29644199999999998
1377    -0.19334100000000001  0.22823399  0.14428600999999999
1378    0.22823399  -0.039350999999999997  0.32420301000000001
1379    0.070831000000000005  -0.040987000000000003  0.32792199
1380    -0.081324999999999995  -0.042728000000000002  0.32792199
1381    0.17051899000000001  0.39133799000000002  0.044832999999999998
1382    0.17051899000000001  0.39612999999999998  0.042398999999999999
1383    0.18101300000000001  0.30693501000000001  0.098158999999999996
1384    -0.231766  -0.039350999999999997  0.32267498999999999
1385    -0.19639300000000001  0.23348099999999999  0.14428600999999999
1386    -0.17051899000000001  0.42037600000000003  0.018363999999999998
1387    0.081750000000000003  -0.049544999999999999  0.33316900999999999
1388    0.19675300000000001  0.18101300000000001  0.178288
1389    -0.102259  -0.070909  0.34890898999999997
1390    -0.21770100000000001  0.068208000000000005  0.25078898999999999
1391    -0.22823399  -0.092475000000000002  0.364649
1392    -0.19150600000000001  0.270208  0.11981799999999999
1393    -0.13903899  -0.096454999999999999  0.36989599000000001
1394    -0.21249399999999999  0.107558  0.22475000000000001
1395    0.013117  -0.020493000000000001  0.31742901000000001
1396    -0.214863  0.076078000000000007  0.243974
1397    -0.204873  0.15215600000000001  0.19413
1398    -0.20724699999999999  0.14428600999999999  0.200295
1399    0.18816499  0.22298699999999999  0.14953200999999999
1400    -0.17230000000000001  0.39612999999999998  0.039350999999999997
1401    0.20522000000000001  0.118052  0.21773999999999999
1402    0.10108  -0.076078000000000007  0.34890898999999997
1403    0.096516000000000005  -0.071647000000000002  0.34890898999999997
1404    -0.23543499000000001  -0.076078000000000007  0.34890898999999997
1405    -0.23594201000000001  -0.081324999999999995  0.35415598999999998
1406    -0.23879300000000001  -0.070917999999999995  0.34885698999999998
1407    0.21249399999999999  0.076078000000000007  0.24792001
1408    0.17546  0.34890898999999997  0.071198999999999998
1409    0.17200399999999999  0.35415598999999998  0.065584000000000003
1410    -0.097064999999999999  -0.058456000000000001  0.33841600999999999
1411    0.21528099000000001  0.039350999999999997  0.270208
1412    0.18626000000000001  0.264961  0.12514800000000001
1413    -0.15609100000000001  -0.097134999999999999  0.36989599000000001
1414    -0.17707798999999999  -0.097179000000000001  0.36989599000000001
1415    0.22298699999999999  -0.09282  0.364649
1416    -0.23348099999999999  -0.039350999999999997  0.32462001000000001
1417    0.18201899999999999  0.28070100999999997  0.112805
1418    -0.202261  0.18626000000000001  0.17541200000000001
1419    0.13379199999999999  -0.096766000000000005  0.36989599000000001
1420    0.22853899999999999  -0.034104000000000002  0.322216
1421    -0.23348099999999999  -0.089851  0.364649
1422    -0.076078000000000007  -0.039604  0.32792199
1423    -0.118052  -0.090773000000000006  0.364649
1424    -0.17506099999999999  0.39088299999999998  0.044596999999999998
1425    -0.17576601  0.38563599999999998  0.048184999999999999
1426    -0.091817999999999997  -0.051174999999999998  0.33316900999999999
1427    0.14953200999999999  -0.097258999999999998  0.36989599000000001
1428    0.17314299999999999  -0.097267000000000006  0.36989599000000001
1429    0.18101300000000001  0.31218201000000001  0.095875000000000002
1430    -0.055091000000000001  -0.029028999999999999  0.32267498999999999
1431    -0.191688  0.27545500000000001  0.117781
1432    0.222334  0.0026229999999999999  0.297232
1433    0.21897601  0.0078700000000000003  0.29119500999999998
1434    0.049843999999999999  -0.030110000000000001  0.32267498999999999
1435    0.18476000000000001  0.27545500000000001  0.118052
1436    0.117717  -0.091889999999999999  0.364649
1437    -0.18956799999999999  0.28070100999999997  0.112805
1438    -0.0052469999999999999  -0.019466000000000001  0.31742901000000001
1439    -0.17722600999999999  0.35415598999999998  0.065584000000000003
1440    -0.180196  0.34890898999999997  0.070831000000000005
1441    -0.18101300000000001  0.34366198999999997  0.074634000000000006
1442    0.18425900000000001  0.264961  0.12329900000000001
1443    0.18645801000000001  0.270208  0.122989
1444    0.12854499999999999  -0.096056000000000002  0.36989599000000001
1445    0.112805  -0.090770000000000003  0.364649
1446    -0.13379199999999999  -0.095547000000000007  0.36989599000000001
1447    0.0052469999999999999  -0.019758000000000001  0.31742901000000001
1448    -0.22775500000000001  0.0026229999999999999  0.29644199999999998
1449    -0.015740000000000001  -0.019990000000000001  0.31742901000000001
1450    0.22662599  -0.028857000000000001  0.31742901000000001
1451    0.20724699999999999  0.118052  0.220001
1452    0.094095999999999999  -0.065584000000000003  0.34366198999999997
1453    -0.175069  0.40137698999999999  0.039350999999999997
1454    -0.19997599999999999  0.19150600000000001  0.17051899000000001
1455    0.16879299  0.40662301000000001  0.034104000000000002
1456    0.19365899  0.19150600000000001  0.17051899000000001
1457    -0.219634  0.044596999999999998  0.264961
1458    0.23348099999999999  -0.077285999999999994  0.35306399999999999
1459    0.23124500000000001  -0.081324999999999995  0.35415598999999998
1460    0.230738  -0.076078000000000007  0.34890898999999997
1461    0.23366700000000001  -0.071085999999999996  0.34875899999999999
1462    0.21773999999999999  0.039350999999999997  0.27290499000000001
1463    0.19150600000000001  0.22298699999999999  0.15268599999999999
1464    -0.21744099  0.081324999999999995  0.243974
1465    -0.21538400999999999  0.086570999999999995  0.23872699999999999
1466    -0.21098700000000001  0.118052  0.21773999999999999
1467    0.202234  0.154779  0.196404
1468    -0.204623  -0.096848000000000004  0.36989599000000001
1469    0.21207801000000001  0.081324999999999995  0.24462201
1470    0.22823399  -0.090385999999999994  0.364649
1471    0.209374  0.086570999999999995  0.23872699999999999
1472    -0.21274000000000001  0.112805  0.22262899999999999
1473    0.17049199000000001  0.40137698999999999  0.039394999999999999
1474    0.17712399000000001  0.32267498999999999  0.086570999999999995
1475    -0.19435699000000001  0.23872699999999999  0.13903899
1476    -0.22214200000000001  0.039350999999999997  0.270208
1477    -0.22298699999999999  0.034104000000000002  0.27397299000000003
1478    -0.23499300000000001  -0.060338000000000003  0.33841600999999999
1479    -0.237207  -0.065584000000000003  0.34366198999999997
1480    0.20018899000000001  0.160026  0.19150600000000001
1481    0.17576601  0.35415598999999998  0.069448999999999997
1482    0.199377  -0.096978999999999996  0.36989599000000001
1483    -0.12854499999999999  -0.093831999999999999  0.36989599000000001
1484    0.21249399999999999  -0.096375000000000002  0.36989599000000001
1485    -0.203403  0.165273  0.18626000000000001
1486    -0.20621100000000001  0.160026  0.19150600000000001
1487    -0.20555999999999999  0.17051899000000001  0.18626000000000001
1488    -0.21773999999999999  -0.096148999999999998  0.36989599000000001
1489    -0.18238799  0.32267498999999999  0.086570999999999995
1490    -0.18513099999999999  0.31742901000000001  0.091817999999999997
1491    -0.18626000000000001  0.31218201000000001  0.095574000000000006
1492    -0.18448800000000001  0.32792199  0.086570999999999995
1493    0.18874600999999999  0.23348099999999999  0.14428600999999999
1494    0.19668999000000001  0.18626000000000001  0.175845
1495    0.18035900999999999  0.31742901000000001  0.092756000000000005
1496    0.20726299000000001  0.12329900000000001  0.21771199999999999
1497    -0.20200001000000001  0.19150600000000001  0.17289299999999999
1498    0.17051899000000001  0.40662301000000001  0.036659999999999998
1499    0.18626000000000001  0.27545500000000001  0.120134
1500    0.22823399  -0.028857000000000001  0.31965500000000002
1501    -0.17755299999999999  0.364649  0.060338000000000003
1502    0.23348099999999999  -0.082106999999999999  0.35829601
1503    -0.225767  0.0078700000000000003  0.29119500999999998
1504    0.086570999999999995  -0.054998999999999999  0.33841600999999999
1505    0.23223199999999999  -0.065584000000000003  0.34366198999999997
1506    0.23018  -0.060338000000000003  0.33841600999999999
1507    0.17218  0.364649  0.060338000000000003
1508    0.21773999999999999  -0.095714999999999995  0.36989599000000001
1509    0.16728999999999999  0.41187000000000001  0.028857000000000001
1510    0.21557100000000001  0.049843999999999999  0.264961
1511    0.18635099999999999  0.28070100999999997  0.11787599999999999
1512    0.20291300000000001  0.13379199999999999  0.20724699999999999
1513    0.22316501  0.0078700000000000003  0.29611099000000002
1514    -0.049843999999999999  -0.026983  0.32267498999999999
1515    0.20533199999999999  0.12854499999999999  0.21249399999999999
1516    -0.22172099000000001  0.049843999999999999  0.264961
1517    -0.21948599999999999  0.055091000000000001  0.25971401
1518    0.16692100000000001  0.41711700000000002  0.023609999999999999
1519    0.19675300000000001  0.19150600000000001  0.17399500000000001
1520    -0.22298699999999999  -0.095440999999999998  0.36989599000000001
1521    -0.17196900000000001  0.41187000000000001  0.028857000000000001
1522    -0.17152800000000001  0.41711700000000002  0.023609999999999999
1523    0.18239801  0.29119500999999998  0.107558
1524    0.18471301000000001  0.28594800999999997  0.112805
1525    -0.19150600000000001  0.28070100999999997  0.115524
1526    -0.086570999999999995  -0.047058999999999997  0.33316900999999999
1527    -0.17996699999999999  0.35940301000000002  0.065584000000000003
1528    0.19127100999999999  0.228662  0.14971200000000001
1529    -0.10106999999999999  -0.065584000000000003  0.34366198999999997
1530    -0.097025  -0.060406000000000001  0.343362
1531    -0.23872699999999999  -0.065584000000000003  0.34609299999999998
1532    0.23348099999999999  -0.065584000000000003  0.345835
1533    -0.23005800000000001  -0.023609999999999999  0.31218201000000001
1534    0.217583  0.044596999999999998  0.270208
1535    0.21951300000000001  0.018363999999999998  0.28594800999999997
1536    0.221775  0.013117  0.29119500999999998
1537    0.20200001000000001  0.160026  0.19414701000000001
1538    0.22298699999999999  -0.094284000000000007  0.36989599000000001
1539    0.17060600000000001  0.41187000000000001  0.033893
1540    -0.22823399  -0.0026229999999999999  0.29971299000000001
1541    -0.232125  -0.028857000000000001  0.31742901000000001
1542    -0.23364099999999999  -0.034104000000000002  0.32237800999999999
1543    0.066812999999999997  -0.038665999999999999  0.32792199
1544    -0.18900301  0.29119500999999998  0.107558
1545    0.18108500999999999  0.32267498999999999  0.091674000000000005
1546    -0.17943400000000001  0.36989599000000001  0.060338000000000003
1547    0.19358701  0.20200001000000001  0.165273
1548    0.17530200000000001  0.35940301000000002  0.066424999999999998
1549    -0.19114400000000001  0.28594800999999997  0.112805
1550    -0.23910799999999999  -0.076485999999999998  0.35379300000000002
1551    0.17210500000000001  0.37514299000000001  0.055091000000000001
1552    0.12329900000000001  -0.094331999999999999  0.36989599000000001
1553    -0.208619  0.13379199999999999  0.20724699999999999
1554    -0.21086199999999999  0.12854499999999999  0.21249399999999999
1555    0.044596999999999998  -0.028126999999999999  0.32267498999999999
1556    -0.22823399  -0.093879000000000004  0.36989599000000001
1557    -0.21773999999999999  0.076078000000000007  0.24714801
1558    0.188807  0.243974  0.13903899
1559    0.17723501  0.33316900999999999  0.081324999999999995
1560    -0.203153  0.17576601  0.18101300000000001
1561    -0.21252700999999999  0.12329900000000001  0.21768001000000001
1562    -0.19236299000000001  0.25446798999999998  0.12854499999999999
1563    -0.19416800000000001  0.25971401  0.12854499999999999
1564    0.20972099999999999  0.097064999999999999  0.23348099999999999
1565    -0.18232699999999999  0.33316900999999999  0.081324999999999995
1566    0.17938599999999999  0.32792199  0.086570999999999995
1567    -0.23902698999999999  -0.081557000000000004  0.35906898999999998
1568    0.17582798999999999  0.364649  0.065453999999999998
1569    0.23267399999999999  -0.086570999999999995  0.364649
1570    0.21271200000000001  0.086570999999999995  0.243481
1571    0.191853  0.23348099999999999  0.14880399
1572    -0.070831000000000005  -0.036303000000000002  0.32792199
1573    -0.044596999999999998  -0.02486  0.32267498999999999
1574    -0.104453  -0.076078000000000007  0.35415598999999998
1575    -0.237368  -0.086570999999999995  0.364649
1576    0.22823399  -0.091536999999999993  0.36989599000000001
1577    -0.23348099999999999  -0.090959999999999999  0.36989599000000001
1578    -0.039895  -0.023446000000000002  0.32267498999999999
1579    -0.014429000000000001  0.16264901000000001  0.22357699
1580    0.0059030000000000003  0.16264901000000001  0.22358900000000001
1581    -0.013117  0.17051899000000001  0.21839900000000001
1582    0.041973999999999997  0.17051899000000001  0.21868599999999999
1583    0.0065579999999999996  0.15346799999999999  0.22964399999999999
1584    0.036727000000000003  0.15740301000000001  0.227213
1585    0.034104000000000002  0.165273  0.22215298999999999
1586    0.074765999999999999  0.165273  0.22218499999999999
1587    0.070175000000000001  0.154779  0.228936
1588    0.104279  0.15215600000000001  0.23064999
1589    0.102312  0.165273  0.222165
1590    0.12461  0.154779  0.22895599999999999
1591    0.12329900000000001  0.165273  0.222242
1592    0.145597  0.16452201  0.22245498999999999
1593    0.031481000000000002  0.14953200999999999  0.23241999999999999
1594    0.07739  0.14953200999999999  0.23244500000000001
1595    -0.039023000000000002  0.15215600000000001  0.23036300000000001
1596    -0.080013000000000001  0.154779  0.22824800000000001
1597    -0.071486999999999995  0.165273  0.221553
1598    -0.10264  0.164656  0.22180399000000001
1599    -0.12329900000000001  0.154779  0.22811200000000001
1600    -0.12329900000000001  0.165273  0.22120899999999999
1601    -0.15051600000000001  0.16055  0.22375700000000001
1602    -0.049515999999999998  0.16264901000000001  0.223388
1603    -0.15740301000000001  0.136465  0.24075299999999999
1604    -0.17379898999999999  0.136237  0.24056999000000001
1605    -0.14953200999999999  0.12854499999999999  0.24663099999999999
1606    -0.14002299000000001  0.13653499999999999  0.240897
1607    -0.131825  0.14953200999999999  0.23164699999999999
1608    -0.154779  0.15114801  0.23023099999999999
1609    -0.089194999999999997  0.13964800999999999  0.23872699999999999
1610    -0.076078000000000007  0.14953200999999999  0.23180000000000001
1611    -0.062304999999999999  0.137319  0.24063498999999999
1612    -0.017708000000000002  0.14452599999999999  0.23578099999999999
1613    -0.031316999999999998  0.13116901  0.24519099
1614    -0.047220999999999999  0.123533  0.25037101
1615    0.0026229999999999999  0.12554499999999999  0.249221
1616    0.028857000000000001  0.13379199999999999  0.24353801
1617    0.050172000000000001  0.124669  0.24977099999999999
1618    0.089194999999999997  0.13379199999999999  0.24348500000000001
1619    0.111494  0.124707  0.24979000000000001
1620    0.13248098999999999  0.135104  0.24263299999999999
1621    0.14822099999999999  0.12523398999999999  0.24958199
1622    0.15871399999999999  0.13379199999999999  0.24359
1623    0.17838999999999999  0.12499  0.24959700000000001
1624    0.18363599  0.13379199999999999  0.24328100999999999
1625    0.14166200000000001  0.15076099000000001  0.23171900000000001
1626    0.118052  0.13903899  0.23977098999999999
1627    0.079029000000000002  0.14135800000000001  0.23813999999999999
1628    0.014756  0.14179599000000001  0.23778099999999999
1629    -0.0078700000000000003  0.11765200000000001  0.25446798999999998
1630    -0.051811999999999997  0.117395  0.25446798999999998
1631    -0.083947999999999995  0.124139  0.24979699999999999
1632    -0.087883000000000003  0.117216  0.25446798999999998
1633    -0.14428600999999999  0.12329900000000001  0.25029900999999999
1634    -0.12920098999999999  0.117104  0.25446798999999998
1635    -0.15871399999999999  0.11487700000000001  0.25585499
1636    0.034431999999999997  0.11762400000000001  0.25446798999999998
1637    0.076078000000000007  0.117494  0.25446798999999998
1638    0.12854499999999999  0.117717  0.25446798999999998
1639    0.16396099  0.117821  0.25446798999999998
1640    0.18626000000000001  0.12227300000000001  0.25128001
1641    -0.107558  0.13379199999999999  0.243002
1642    -0.17576601  0.12612200000000001  0.24781400000000001
1643    -0.19150600000000001  0.13379199999999999  0.24230199999999999
1644    -0.19150600000000001  0.14428600999999999  0.23447098999999999
1645    -0.17183100000000001  0.14475500999999999  0.23434400999999999
1646    -0.17051899000000001  0.160495  0.22330301
1647    -0.19150600000000001  0.160026  0.22341301
1648    -0.16789599999999999  0.17051899000000001  0.21646899999999999
1649    -0.15215600000000001  0.17051899000000001  0.216754
1650    -0.12854499999999999  0.17051899000000001  0.21745600000000001
1651    -0.060338000000000003  0.17051899000000001  0.21815699
1652    -0.07739  0.17051899000000001  0.217948
1653    -0.120675  0.17576601  0.214092
1654    -0.17314299999999999  0.11647200000000001  0.25446798999999998
1655    -0.17576601  0.110877  0.25838199000000001
1656    -0.18888300999999999  0.12178899999999999  0.25080201000000002
1657    -0.18888300999999999  0.108955  0.25971401
1658    -0.13018499  0.109351  0.25989601000000001
1659    0.111821  0.108861  0.26058900000000002
1660    0.14953200999999999  0.112805  0.25801500999999999
1661    0.070175000000000001  0.109444  0.260133
1662    0.034104000000000002  0.10953499999999999  0.260158
1663    -0.001312  0.106403  0.26233801000000001
1664    -0.041318000000000001  0.11010499999999999  0.25971401
1665    -0.082636000000000001  0.10986799999999999  0.25971401
1666    0.121987  0.17096800000000001  0.21833199
1667    0.066895999999999997  0.17051899000000001  0.21860599999999999
1668    -0.182981  0.17266699999999999  0.21504501000000001
1669    -0.17051899000000001  0.17852101000000001  0.21089099
1670    -0.19150600000000001  0.17183100000000001  0.21551500000000001
1671    0.18626000000000001  0.11015999999999999  0.25971401
1672    0.15937001000000001  0.10858  0.26085401000000003
1673    0.048531999999999999  0.102328  0.264961
1674    0.18101300000000001  0.102239  0.264961
1675    0.19675300000000001  0.093959000000000001  0.270208
1676    0.15412298999999999  0.10218000000000001  0.264961
1677    0.12854499999999999  0.102099  0.264961
1678    0.092146000000000006  0.102203  0.264961
1679    0.18363599  0.14085798999999999  0.23807500000000001
1680    0.16068199  0.15749500999999999  0.226858
1681    0.179701  0.15741199  0.226491
1682    0.17576601  0.165273  0.22129499999999999
1683    0.13903899  0.171407  0.21773999999999999
1684    0.17838999999999999  0.17444198999999999  0.21488699
1685    0.18363599  0.094495999999999997  0.270208
1686    -0.16723999000000001  0.18820000000000001  0.20431399
1687    0.19150600000000001  0.10989400000000001  0.25971401
1688    0.19150600000000001  0.121116  0.25184399000000002
1689    0.19150600000000001  0.13379199999999999  0.242898
1690    -0.13116901  0.176534  0.21310200000000001
1691    -0.18626000000000001  0.18545498999999999  0.20674200000000001
1692    -0.18101300000000001  0.19441099000000001  0.20080999999999999
1693    -0.18626000000000001  0.198209  0.19836799999999999
1694    -0.18626000000000001  0.21021999  0.190439
1695    -0.17838999999999999  0.20960498999999999  0.19089299000000001
1696    -0.18626000000000001  0.224299  0.18080699
1697    0.18626000000000001  0.160026  0.22437099999999999
1698    0.18626000000000001  0.17663400000000001  0.21305499999999999
1699    -0.19150600000000001  0.18363599  0.20774300000000001
1700    -0.19150600000000001  0.19430099000000001  0.20052500000000001
1701    -0.15215600000000001  0.18101300000000001  0.208902
1702    -0.13903899  0.17621498999999999  0.21279298999999999
1703    -0.14428600999999999  0.18237600000000001  0.20809100999999999
1704    -0.14953200999999999  0.18480199999999999  0.206203
1705    -0.13903899  0.18101300000000001  0.20941000000000001
1706    -0.154779  0.19675300000000001  0.19789298999999999
1707    -0.14953200999999999  0.19150600000000001  0.20153098999999999
1708    -0.14953200999999999  0.19675300000000001  0.19783001
1709    -0.16920800999999999  0.19675300000000001  0.19864100000000001
1710    -0.160026  0.204623  0.19316800000000001
1711    -0.154779  0.21249299999999999  0.18794499000000001
1712    0.15543499999999999  0.17907400000000001  0.21174899999999999
1713    0.13641600000000001  0.17838999999999999  0.212418
1714    0.13903899  0.18626000000000001  0.20639399999999999
1715    0.16264901000000001  0.183203  0.208703
1716    0.18101300000000001  0.18876999999999999  0.20530899999999999
1717    0.14428600999999999  0.19150600000000001  0.20247100000000001
1718    0.16396099  0.19150600000000001  0.20296
1719    0.160026  0.19898700999999999  0.197935
1720    0.14428600999999999  0.19675300000000001  0.19888601
1721    0.13903899  0.19150600000000001  0.20266500000000001
1722    -0.19675300000000001  0.110023  0.25870000999999998
1723    -0.19019499000000001  0.097248000000000001  0.26758399999999999
1724    -0.20200001000000001  0.092313000000000006  0.27053600999999999
1725    -0.19150600000000001  0.081195000000000003  0.27840099000000001
1726    -0.20200001000000001  0.076732999999999996  0.281165
1727    -0.19675300000000001  0.13379199999999999  0.24210699999999999
1728    -0.20200001000000001  0.070119000000000001  0.28594800999999997
1729    -0.19675300000000001  0.14690900000000001  0.23232998999999999
1730    -0.19675300000000001  0.15740499999999999  0.22486900000000001
1731    -0.17379898999999999  0.220364  0.18353900000000001
1732    -0.154779  0.22298699999999999  0.181059
1733    -0.18101300000000001  0.220364  0.18370998999999999
1734    -0.18101300000000001  0.23872699999999999  0.17152998999999999
1735    -0.16986399999999999  0.23141301  0.176092
1736    -0.154779  0.23502198999999999  0.17346500000000001
1737    0.18363599  0.078182000000000001  0.28070100999999997
1738    0.19675300000000001  0.076078000000000007  0.281885
1739    0.18363599  0.070427000000000003  0.28594800999999997
1740    0.19675300000000001  0.066101999999999994  0.28857100000000002
1741    0.19675300000000001  0.054656999999999997  0.29616299000000001
1742    0.18626000000000001  0.192408  0.202572
1743    0.20200001000000001  0.069611999999999993  0.28594800999999997
1744    0.20200001000000001  0.054446000000000001  0.29602100999999997
1745    -0.14953200999999999  0.21585399999999999  0.18601701000000001
1746    -0.14953200999999999  0.22570799  0.17950299
1747    -0.14953200999999999  0.20461001000000001  0.19312799999999999
1748    -0.14953200999999999  0.236398  0.17274401
1749    -0.14953200999999999  0.24659701000000001  0.166438
1750    0.14953200999999999  0.20987  0.19078700000000001
1751    0.16133800000000001  0.21099899999999999  0.19050300000000001
1752    0.17576601  0.204623  0.19517501000000001
1753    0.17576601  0.21249399999999999  0.19026199999999999
1754    0.18101300000000001  0.21249399999999999  0.19020200000000001
1755    0.18101300000000001  0.22998001000000001  0.17865600000000001
1756    0.17576601  0.23085700000000001  0.17813999999999999
1757    0.18101300000000001  0.24092899000000001  0.17142101000000001
1758    0.160026  0.221606  0.183507
1759    0.165273  0.23872699999999999  0.17247499999999999
1760    0.17576601  0.25221600999999999  0.16429099
1761    0.14953200999999999  0.230772  0.177313
1762    0.14953200999999999  0.22018199999999999  0.18416999000000001
1763    0.16396099  0.24700100999999999  0.167239
1764    0.16396099  0.25709099000000002  0.16072400000000001
1765    0.17576601  0.25971401  0.159548
1766    0.16264901000000001  0.264961  0.15554499999999999
1767    0.14953200999999999  0.25709099000000002  0.160494
1768    0.14428600999999999  0.264961  0.15532299999999999
1769    0.14953200999999999  0.24135098999999999  0.17059500999999999
1770    0.17576601  0.264961  0.15599599
1771    0.14428600999999999  0.25971401  0.15892000000000001
1772    0.14428600999999999  0.243974  0.16912099999999999
1773    0.14428600999999999  0.23341799999999999  0.17572799
1774    0.14428600999999999  0.22561  0.18087900000000001
1775    0.14428600999999999  0.215027  0.18780699000000001
1776    0.14428600999999999  0.20419300000000001  0.19437299999999999
1777    0.14428600999999999  0.27283099  0.15037800000000001
1778    0.16264901000000001  0.27283099  0.15063401000000001
1779    0.160026  0.28070100999999997  0.14537700000000001
1780    0.14428600999999999  0.28070100999999997  0.14515600000000001
1781    0.15215600000000001  0.29064599000000002  0.13903899
1782    0.14428600999999999  0.288219  0.14050899
1783    0.14822099999999999  0.29919600000000002  0.133793
1784    0.17051899000000001  0.27276899999999998  0.15109301
1785    0.17051899000000001  0.28270899999999999  0.14473499000000001
1786    0.17576601  0.270208  0.15279201000000001
1787    -0.15937001000000001  0.25053199999999998  0.16395000000000001
1788    -0.17051899000000001  0.249221  0.16500901000000001
1789    -0.18101300000000001  0.25184399000000002  0.16331200000000001
1790    -0.14953200999999999  0.25971401  0.158108
1791    -0.17051899000000001  0.25971401  0.15837899999999999
1792    -0.154779  0.26476601  0.15465300000000001
1793    -0.14953200999999999  0.26838698999999999  0.15236799000000001
1794    -0.17051899000000001  0.264961  0.15488099999999999
1795    -0.18101300000000001  0.26627298999999999  0.15411299000000001
1796    -0.154779  0.270208  0.15124599999999999
1797    -0.14953200999999999  0.28070100999999997  0.14439299999999999
1798    -0.17576601  0.27283099  0.15004700000000001
1799    -0.17576601  0.28332499  0.14336299999999999
1800    -0.165273  0.28070100999999997  0.14477098999999999
1801    -0.18101300000000001  0.28095299000000001  0.14444098999999999
1802    -0.18101300000000001  0.28857100000000002  0.13946900000000001
1803    -0.154779  0.28772700000000001  0.14016799999999999
1804    -0.17576601  0.29513800000000001  0.135904
1805    -0.14953200999999999  0.28771400000000003  0.140157
1806    -0.16658400000000001  0.29779801  0.13430800000000001
1807    -0.15215600000000001  0.29826501  0.13382300999999999
1808    -0.17576601  0.309558  0.12659298999999999
1809    -0.15543499999999999  0.309558  0.12676001000000001
1810    -0.17051899000000001  0.309558  0.12678801000000001
1811    -0.17051899000000001  0.31742901000000001  0.12181599999999999
1812    -0.14428600999999999  0.31357699999999999  0.124156
1813    -0.14428600999999999  0.30006799000000001  0.132771
1814    -0.14428600999999999  0.32267498999999999  0.118368
1815    -0.14428600999999999  0.28788900000000001  0.140267
1816    -0.17051899000000001  0.32267498999999999  0.11836000000000001
1817    -0.14428600999999999  0.33012598999999998  0.113708
1818    -0.17051899000000001  0.33054500999999997  0.113412
1819    -0.17051899000000001  0.33841600999999999  0.10829
1820    -0.14428600999999999  0.33841600999999999  0.108306
1821    -0.17576601  0.320052  0.11981799999999999
1822    0.19675300000000001  0.10491  0.26260999000000002
1823    -0.170847  0.093435000000000004  0.270208
1824    -0.13346399  0.094089000000000006  0.270208
1825    -0.152812  0.087437000000000001  0.27438799000000003
1826    -0.11051  0.082636000000000001  0.27805600000000003
1827    -0.102312  0.094607999999999998  0.270208
1828    -0.074109999999999995  0.093267000000000003  0.27120101000000002
1829    -0.07739  0.080103999999999995  0.27987599000000002
1830    -0.047220999999999999  0.091817999999999997  0.27235999999999999
1831    -0.041973999999999997  0.080298999999999995  0.28001300000000001
1832    -0.028857000000000001  0.093404000000000001  0.27128999999999998
1833    -0.000328  0.080863000000000004  0.27972099
1834    -0  0.092857999999999996  0.27173901
1835    0.024922  0.089321999999999999  0.27399001000000001
1836    0.028201  0.096545000000000006  0.26905999000000003
1837    -0.031481000000000002  0.102411  0.264961
1838    -0.083947999999999995  0.10215  0.26492399
1839    -0.13641600000000001  0.101698  0.26490100999999999
1840    -0.17314299999999999  0.100995  0.264961
1841    0.050500000000000003  0.094893000000000005  0.270208
1842    0.089851  0.095888000000000001  0.26936901000000002
1843    0.14625299999999999  0.093162999999999996  0.27109
1844    0.101656  0.091817999999999997  0.27213299000000002
1845    0.050500000000000003  0.089259000000000005  0.27401301
1846    0.032627999999999997  0.080276  0.27998000000000001
1847    0.066239999999999993  0.080739000000000005  0.27954899999999999
1848    0.093621999999999997  0.080357999999999999  0.27969500000000003
1849    0.12592199000000001  0.078364000000000003  0.28070100999999997
1850    0.14363000000000001  0.086459999999999995  0.27535501000000001
1851    -0.16658400000000001  0.067938999999999999  0.28751999
1852    -0.110182  0.071026000000000006  0.28594600999999997
1853    -0.16920800999999999  0.077757999999999994  0.28070100999999997
1854    -0.184948  0.074136999999999995  0.28332499
1855    -0.18888300999999999  0.063506999999999994  0.29058
1856    0.16068199  0.054467000000000002  0.29642001000000001
1857    0.18626000000000001  0.043195999999999998  0.30345801
1858    0.17248701  0.041828999999999998  0.30431198999999998
1859    0.179701  0.031642999999999998  0.31069401000000002
1860    0.15740301000000001  0.031620000000000002  0.31065899000000002
1861    0.17838999999999999  0.021183  0.31742901000000001
1862    0.154779  0.021277999999999998  0.31742901000000001
1863    0.13248098999999999  0.028067000000000002  0.31317601
1864    0.12461  0.021881000000000001  0.31742901000000001
1865    0.090833999999999998  0.031241000000000001  0.31181999999999999
1866    0.087226999999999999  0.022943000000000002  0.31742901000000001
1867    0.069518999999999997  0.030120999999999998  0.31301500999999998
1868    0.044596999999999998  0.032660000000000002  0.31191099
1869    0.079029000000000002  0.046648000000000002  0.30212101000000002
1870    0.095753000000000005  0.042381000000000002  0.30467701000000003
1871    0.123955  0.036382999999999999  0.30794701000000002
1872    0.12854499999999999  0.046105  0.30168799000000002
1873    0.112805  0.054921999999999999  0.29644199999999998
1874    0.160026  0.045816999999999997  0.30168799000000002
1875    0.078700999999999993  0.055543000000000002  0.29644199999999998
1876    0.036727000000000003  0.048104000000000001  0.30168799000000002
1877    0.049843999999999999  0.055576  0.29675998999999997
1878    0.014429000000000001  0.055995000000000003  0.29675700999999999
1879    -0.00065600000000000001  0.048691999999999999  0.30168799000000002
1880    -0.0065579999999999996  0.055897000000000002  0.29698398999999998
1881    0.032053999999999999  0.041659000000000002  0.30617200999999999
1882    0.0078700000000000003  0.033574  0.31181999999999999
1883    -0.0026229999999999999  0.041091999999999997  0.30693501000000001
1884    -0.013117  0.033371999999999999  0.31201199000000002
1885    -0.020986999999999999  0.041043999999999997  0.30693501000000001
1886    -0.044596999999999998  0.033326000000000001  0.31166801
1887    -0.043285999999999998  0.039976999999999999  0.30737399999999998
1888    0.16920800999999999  0.066644999999999996  0.28840898999999998
1889    0.12329900000000001  0.070749000000000006  0.28589200999999997
1890    0.15018799999999999  0.064001000000000002  0.29018101000000002
1891    0.083947999999999995  0.062894000000000005  0.29152101000000002
1892    0.120675  0.062713000000000005  0.29119500999999998
1893    0.051484000000000002  0.063134999999999997  0.29164600000000002
1894    0.024265999999999999  0.063954999999999998  0.29119500999999998
1895    -0.001312  0.064240000000000005  0.29119500999999998
1896    -0.030169000000000001  0.064064999999999997  0.29119500999999998
1897    -0.039350999999999997  0.056348000000000002  0.29644199999999998
1898    -0.072799000000000003  0.063320000000000001  0.29119500999999998
1899    -0.107558  0.063017000000000004  0.29119500999999998
1900    -0.069518999999999997  0.055472  0.29650700000000002
1901    -0.044596999999999998  0.048261999999999999  0.30168799000000002
1902    -0.073455000000000006  0.047392999999999998  0.30168799000000002
1903    -0.090178999999999995  0.045865000000000003  0.30254399999999998
1904    -0.083947999999999995  0.039227999999999999  0.30693501000000001
1905    -0.12329900000000001  0.038269999999999998  0.30693501000000001
1906    -0.123627  0.045594000000000003  0.30231198999999997
1907    -0.14690900000000001  0.029479000000000002  0.31218201000000001
1908    -0.113133  0.029794999999999999  0.31235900999999999
1909    -0.14346600000000001  0.043318000000000002  0.30352499999999999
1910    -0.078700999999999993  0.029905000000000001  0.312886
1911    -0.104935  0.020691999999999999  0.31834300999999998
1912    -0.076078000000000007  0.013898000000000001  0.32318401000000002
1913    -0.091817999999999997  -0.010174000000000001  0.33841600999999999
1914    -0.076078000000000007  0.0067660000000000003  0.32792199
1915    -0.093130000000000004  0.0031570000000000001  0.32977799000000002
1916    -0.070831000000000005  -0.013117  0.34090598999999999
1917    -0.051156  0.017364000000000001  0.32198501000000002
1918    -0.047220999999999999  0.0086580000000000008  0.32792199
1919    -0.036727000000000003  0.015740000000000001  0.32352399999999998
1920    -0.022298999999999999  0.009783  0.32792199
1921    -0.013117  0.018072999999999999  0.32248101000000001
1922    -0.0098379999999999995  0.0090279999999999996  0.32863798999999999
1923    0.0045909999999999996  0.016929  0.32327601
1924    0.0072139999999999999  0.01017  0.32792199
1925    -0.015740000000000001  0.025715999999999999  0.31742901000000001
1926    0.0026229999999999999  0.025746999999999999  0.31742901000000001
1927    0.028857000000000001  0.025329999999999998  0.31742901000000001
1928    0.036070999999999999  0.0093069999999999993  0.32792199
1929    -0.034759999999999999  0.0017229999999999999  0.332764
1930    -0.060338000000000003  -0  0.33301699000000001
1931    -0.065584000000000003  -0.0078700000000000003  0.33791199
1932    -0.102312  0.013782000000000001  0.32267498999999999
1933    -0.13575999  0.013265000000000001  0.32267498999999999
1934    -0.121987  0.0061219999999999998  0.32752200999999997
1935    -0.154779  0.0049459999999999999  0.32792199
1936    -0.18363599  0.012885000000000001  0.32267498999999999
1937    -0.18232501000000001  0.0048149999999999998  0.32792199
1938    -0.199377  0.012482  0.32267498999999999
1939    -0.199377  0.00030899999999999998  0.330374
1940    -0.18363599  -0.012074  0.33841600999999999
1941    -0.16330500000000001  -0.0053559999999999997  0.33432999000000002
1942    -0.14953200999999999  -0.012548  0.33877300999999999
1943    -0.13346399  -0.0059680000000000002  0.33498600000000001
1944    -0.21773999999999999  -0.013233  0.33834201000000003
1945    -0.16264901000000001  0.022492000000000002  0.31670599999999999
1946    -0.131825  0.022166000000000002  0.31712099999999999
1947    -0.12133099999999999  0.054892000000000003  0.29644798999999999
1948    -0.16264901000000001  0.054425000000000001  0.29644199999999998
1949    -0.16396099  0.047924000000000001  0.30051698999999998
1950    -0.16264901000000001  0.036334999999999999  0.307834
1951    -0.18560401000000001  0.047652  0.30091699999999999
1952    -0.18363599  0.0361  0.30817698999999998
1953    -0.20724699999999999  0.047622999999999999  0.30083701000000002
1954    -0.20724699999999999  0.039350999999999997  0.30614400000000003
1955    -0.20200001000000001  0.052377  0.29795399
1956    -0.18101300000000001  0.029602  0.31218201000000001
1957    -0.18888300999999999  0.054713999999999999  0.29644199999999998
1958    -0.18363599  0.021472000000000002  0.31742901000000001
1959    -0.19675300000000001  0.029333000000000001  0.31218201000000001
1960    -0.19675300000000001  0.021160999999999999  0.31742901000000001
1961    -0.13641600000000001  0.062557000000000001  0.29119500999999998
1962    -0.165273  0.062281000000000003  0.29119500999999998
1963    -0.066895999999999997  0.071400000000000005  0.28594800999999997
1964    -0.041973999999999997  0.071833999999999995  0.28594800999999997
1965    -0.0026229999999999999  0.072072999999999998  0.28594800999999997
1966    0.032792000000000002  0.071522000000000002  0.28612398999999999
1967    0.079356999999999997  0.071389999999999995  0.28594800999999997
1968    0.107558  0.068311999999999998  0.28775001
1969    -0.039350999999999997  0.025094000000000002  0.31742901000000001
1970    -0.12231499999999999  -0.012082000000000001  0.33902499000000003
1971    0.044596999999999998  0.024830999999999999  0.31742901000000001
1972    0.038039000000000003  0.017627  0.32228899
1973    0.078700999999999993  0.014971999999999999  0.32267498999999999
1974    0.115429  0.013776  0.32267498999999999
1975    0.13248098999999999  0.0052719999999999998  0.32792199
1976    0.14953200999999999  0.0047229999999999998  0.32792199
1977    0.17314299999999999  0.0062979999999999998  0.32667401000000001
1978    0.17707798999999999  -0.010272999999999999  0.33691901000000002
1979    0.13575999  -0.011557  0.33841600999999999
1980    0.118052  -0.0028170000000000001  0.33319800999999999
1981    0.098377000000000006  -0.010564  0.33841600999999999
1982    0.089194999999999997  0.0054089999999999997  0.32856100999999999
1983    0.18691599  0.0054900000000000001  0.32683599000000002
1984    0.19806499999999999  0.020265999999999999  0.31742901000000001
1985    0.069518999999999997  0.0049249999999999997  0.32940701
1986    0.070831000000000005  -0.013117  0.34090399999999998
1987    0.07739  -0.016796999999999999  0.34308698999999998
1988    0.055091000000000001  -0.0078700000000000003  0.33818199999999998
1989    0.047220999999999999  -0.0026229999999999999  0.33521399000000002
1990    0.020986999999999999  0.0026229999999999999  0.33258501000000001
1991    0.010494  0.0026229999999999999  0.33267000000000002
1992    -0.011805  0.0026229999999999999  0.33253101000000002
1993    -0.14428600999999999  -0.02179  0.34495899000000002
1994    -0.160026  -0.020157000000000001  0.34366198999999997
1995    -0.18232501000000001  -0.020216000000000001  0.34366198999999997
1996    -0.15609100000000001  -0.028521999999999999  0.34890898999999997
1997    -0.20724699999999999  0.057575000000000001  0.29427799999999998
1998    -0.112805  -0.02503  0.34805301
1999    -0.094441999999999998  -0.024566999999999999  0.34834301000000001
2000    -0.086570999999999995  -0.017919000000000001  0.34394601000000002
2001    -0.076078000000000007  -0.013117  0.34091600999999999
2002    -0.086570999999999995  -0.023609999999999999  0.34763101000000002
2003    -0.20724699999999999  0.029162  0.31237399999999999
2004    -0.20724699999999999  0.021315000000000001  0.31742901000000001
2005    -0.21249399999999999  0.010319999999999999  0.32401499
2006    -0.21249399999999999  -0.00094899999999999997  0.33099601000000001
2007    -0.052468000000000001  -0.0026229999999999999  0.33505899
2008    -0.20200001000000001  -0.020938999999999999  0.34366198999999997
2009    -0.20200001000000001  -0.029361999999999999  0.34890898999999997
2010    -0.21773999999999999  -0.018363999999999998  0.34177601000000002
2011    -0.18232501000000001  -0.038077  0.35495200999999998
2012    -0.199377  -0.038262999999999998  0.35479999000000001
2013    -0.21773999999999999  -0.029162  0.34871798999999998
2014    -0.21773999999999999  -0.037454000000000001  0.35415598999999998
2015    -0.160026  -0.036741999999999997  0.35415598999999998
2016    -0.14756501  -0.037259  0.35474199000000001
2017    -0.13248098999999999  -0.027451  0.34890898999999997
2018    -0.060338000000000003  -0.0078700000000000003  0.33802198999999999
2019    -0.055091000000000001  -0.0078700000000000003  0.33796501000000001
2020    0.089194999999999997  -0.024195000000000001  0.34779199999999999
2021    0.140351  -0.027508999999999999  0.34890898999999997
2022    0.099687999999999999  -0.031289999999999998  0.35252698999999998
2023    0.091817999999999997  -0.028857000000000001  0.35092399000000002
2024    0.091817999999999997  -0.034104000000000002  0.35426598999999998
2025    0.097064999999999999  -0.039350999999999997  0.35796498999999998
2026    0.102312  -0.042540000000000001  0.36004399999999998
2027    -0.097064999999999999  -0.028857000000000001  0.35124000999999999
2028    -0.110182  -0.033659000000000001  0.35415598999999998
2029    -0.102312  -0.034104000000000002  0.35463101000000002
2030    -0.102312  -0.039350999999999997  0.35808799000000002
2031    -0.107558  -0.042528999999999997  0.36005398999999999
2032    -0.081324999999999995  -0.018363999999999998  0.344192
2033    0.081324999999999995  -0.023609999999999999  0.34734300000000001
2034    -0.12329900000000001  -0.034104000000000002  0.35378301000000001
2035    -0.114117  -0.040646000000000002  0.35851100000000002
2036    -0.112805  -0.049843999999999999  0.36456000999999999
2037    -0.107558  -0.049843999999999999  0.364813
2038    0.154779  -0.019911000000000002  0.34366198999999997
2039    0.18101300000000001  -0.020573000000000001  0.34366198999999997
2040    0.17838999999999999  -0.028485  0.34890898999999997
2041    0.21249399999999999  -0.030047000000000001  0.34890898999999997
2042    0.21249399999999999  -0.022203000000000001  0.34366198999999997
2043    0.14756501  -0.037393000000000003  0.35535299999999997
2044    0.174455  -0.037703  0.35519001
2045    0.19872101  -0.038740999999999998  0.35532099
2046    0.21249399999999999  -0.037546000000000003  0.35415598999999998
2047    0.12854499999999999  -0.039350999999999997  0.35716501
2048    0.12329900000000001  -0.018976  0.34366198999999997
2049    0.11674  -0.040968999999999998  0.35843398999999998
2050    0.21249399999999999  -0.045159999999999999  0.35907700999999997
2051    0.107558  -0.056276  0.36908700999999999
2052    0.107558  -0.047197000000000003  0.36295599000000001
2053    0.102312  -0.049843999999999999  0.364867
2054    0.102312  -0.055091000000000001  0.36831301
2055    0.21249399999999999  -0.014654  0.33841600999999999
2056    0.20724699999999999  -0.0040070000000000001  0.33187299999999997
2057    0.20724699999999999  0.010494  0.32287100000000002
2058    0.179701  -0.044596999999999998  0.35929301000000002
2059    0.14363000000000001  -0.045690000000000001  0.36047801000000002
2060    0.19544201  0.041472000000000002  0.30431198999999998
2061    0.20200001000000001  0.042750000000000003  0.30328599000000001
2062    0.20200001000000001  0.031147000000000001  0.31036799999999998
2063    0.20724699999999999  0.022380000000000001  0.31547701
2064    0.20724699999999999  0.038009000000000001  0.30566099000000002
2065    0.13116901  -0.051513000000000003  0.364649
2066    0.120675  -0.050902000000000003  0.364649
2067    0.112805  -0.058040000000000001  0.36989599000000001
2068    0.118052  -0.058113999999999999  0.36989599000000001
2069    -0.112805  -0.057598000000000003  0.36989599000000001
2070    -0.107558  -0.055091000000000001  0.36829098999999998
2071    -0.091817999999999997  -0.025572000000000001  0.34890898999999997
2072    -0.091817999999999997  -0.028857000000000001  0.350887
2073    -0.097064999999999999  -0.034104000000000002  0.35446399000000001
2074    -0.21249399999999999  0.022315999999999999  0.31659299000000002
2075    -0.21249399999999999  0.031514  0.31056898999999999
2076    -0.18101300000000001  -0.044596999999999998  0.35878599
2077    -0.21773999999999999  -0.044596999999999998  0.35847299999999999
2078    -0.160026  -0.045177000000000002  0.35909398999999997
2079    -0.14690900000000001  -0.044905  0.35923698999999998
2080    0.036727000000000003  -0.0026229999999999999  0.33541900000000002
2081    0.13903899  0.28070100999999997  0.145486
2082    0.13903899  0.29243299  0.13812999000000001
2083    0.13903899  0.30970599999999998  0.127114
2084    0.14428600999999999  0.30980598999999998  0.12700599000000001
2085    0.13903899  0.31742901000000001  0.122293
2086    0.15609100000000001  0.31010100000000002  0.127138
2087    0.154779  0.31742901000000001  0.122518
2088    0.165273  0.29870200000000002  0.13472799999999999
2089    0.165273  0.31742901000000001  0.122974
2090    0.16133800000000001  0.28853801000000001  0.14068601
2091    0.17051899000000001  0.29482001000000002  0.137243
2092    0.17051899000000001  0.30780100999999999  0.12909599999999999
2093    0.15084399000000001  0.32267498999999999  0.118896
2094    0.13903899  0.32529899000000001  0.11713899999999999
2095    0.15215600000000001  0.33147100000000002  0.113272
2096    0.15215600000000001  0.33841600999999999  0.108664
2097    0.13903899  0.33841600999999999  0.10857600000000001
2098    0.165273  0.32267498999999999  0.119423
2099    0.17051899000000001  0.320052  0.121045
2100    0.17051899000000001  0.33036800999999999  0.114235
2101    0.165273  0.32792199  0.11615
2102    0.165273  0.33841600999999999  0.109164
2103    0.13903899  0.34366198999999997  0.105406
2104    0.15346799999999999  0.34740099000000002  0.103065
2105    0.13903899  0.35940301000000002  0.095203999999999997
2106    0.14953200999999999  0.35798099999999999  0.096170000000000005
2107    0.13379199999999999  0.35415598999999998  0.098794999999999994
2108    0.13379199999999999  0.36727300000000002  0.090440000000000006
2109    0.14953200999999999  0.36989599000000001  0.088817999999999994
2110    0.165273  0.34628599999999998  0.10428999999999999
2111    0.165273  0.356435  0.098048999999999997
2112    0.165273  0.36653798999999998  0.091817999999999997
2113    0.154779  0.36989599000000001  0.089028999999999997
2114    -0.12789001  -0.041973999999999997  0.35837400000000003
2115    0.097064999999999999  -0.044596999999999998  0.36111301000000001
2116    0.086570999999999995  -0.028857000000000001  0.35060000000000002
2117    -0.044596999999999998  -0.0026229999999999999  0.33518000999999997
2118    -0.14428600999999999  0.19150600000000001  0.20225199999999999
2119    -0.13116901  -0.052496000000000001  0.364649
2120    -0.12329900000000001  -0.051838000000000002  0.364649
2121    -0.12329900000000001  -0.055091000000000001  0.36685401000000001
2122    0.17576601  0.28070100999999997  0.14574000000000001
2123    0.17576601  0.28853801000000001  0.14074101
2124    0.12592199000000001  -0.055091000000000001  0.36792901
2125    0.13379199999999999  -0.055091000000000001  0.36756699999999998
2126    0.21773999999999999  -0.047626000000000002  0.36032998999999999
2127    0.21249399999999999  -0.054334  0.364649
2128    0.21773999999999999  -0.054071000000000001  0.364649
2129    0.20724699999999999  -0.049843999999999999  0.36188998999999999
2130    0.20200001000000001  -0.055091000000000001  0.36488101000000001
2131    -0.20724699999999999  0.069582000000000005  0.28594800999999997
2132    0.097721000000000002  0.17576601  0.21553700000000001
2133    0.041973999999999997  0.17576601  0.21573500000000001
2134    0.070831000000000005  0.17576601  0.215506
2135    0.118052  0.17576601  0.21539301
2136    0.12592199000000001  0.17576601  0.21497100999999999
2137    -0.18626000000000001  0.23872699999999999  0.17113300000000001
2138    -0.14428600999999999  0.28106499000000001  0.144509
2139    -0.14428600999999999  0.27234199999999997  0.15031201
2140    -0.14428600999999999  0.264961  0.15508699000000001
2141    0.21249399999999999  -0.001825  0.33008099000000002
2142    0.19150600000000001  0.14544000000000001  0.23428900999999999
2143    0.049843999999999999  -0.0078700000000000003  0.33820301000000003
2144    0.070831000000000005  -0.018363999999999998  0.34392499999999998
2145    0.17051899000000001  0.33935999999999999  0.108125
2146    -0.15740301000000001  0.34366198999999997  0.105279
2147    -0.14428600999999999  0.34366198999999997  0.105202
2148    -0.13903899  0.34593700999999999  0.103821
2149    -0.165273  0.35731599000000003  0.096431000000000003
2150    -0.17051899000000001  0.34759699999999999  0.102453
2151    -0.13903899  0.35780700999999998  0.096044000000000004
2152    -0.14690900000000001  0.36989599000000001  0.088546
2153    -0.13903899  0.36989599000000001  0.088341000000000003
2154    -0.15871399999999999  0.367342  0.090208999999999998
2155    -0.165273  0.36728901000000003  0.090146000000000004
2156    -0.165273  0.37776600999999999  0.083567000000000002
2157    -0.13903899  0.33841600999999999  0.10853500000000001
2158    -0.13903899  0.33028900999999999  0.11407100000000001
2159    -0.17051899000000001  0.36202601000000001  0.093047000000000005
2160    -0.15609100000000001  0.37514299000000001  0.085543999999999995
2161    -0.160026  0.38563599999999998  0.079008999999999996
2162    -0.14822099999999999  0.38038999000000001  0.082268999999999995
2163    -0.13379199999999999  0.37309598999999999  0.086570999999999995
2164    -0.13116901  0.38038999000000001  0.081989000000000006
2165    -0.13379199999999999  0.36536801000000002  0.091817999999999997
2166    -0.22298699999999999  -0.038655000000000002  0.35457599000000001
2167    -0.22298699999999999  -0.049843999999999999  0.36144799
2168    -0.22298699999999999  -0.031481000000000002  0.34980898999999999
2169    0.097064999999999999  -0.049843999999999999  0.36414099
2170    -0.14690900000000001  0.38563599999999998  0.079283999999999993
2171    -0.15215600000000001  0.39088299999999998  0.075895000000000004
2172    -0.14953200999999999  0.40137698999999999  0.069188
2173    -0.13248098999999999  0.388262  0.077612
2174    -0.12461  0.39350798999999997  0.074496999999999994
2175    -0.160026  0.40137698999999999  0.068612000000000006
2176    -0.165273  0.39200299999999999  0.074212
2177    -0.160026  0.41264400000000001  0.060886000000000003
2178    -0.14428600999999999  0.41187000000000001  0.062280000000000002
2179    -0.12329900000000001  0.38563599999999998  0.079154000000000002
2180    -0.12329900000000001  0.38115199999999999  0.081881999999999996
2181    -0.12854499999999999  0.374641  0.086209999999999995
2182    -0.131825  0.40137698999999999  0.069706000000000004
2183    0.065584000000000003  0.41187000000000001  0.064174999999999996
2184    0.098377000000000006  0.40803200000000001  0.066517000000000007
2185    0.12854499999999999  0.41187000000000001  0.063717999999999997
2186    0.062961000000000003  0.40137698999999999  0.071308999999999997
2187    0.019019000000000001  0.40137698999999999  0.071120000000000003
2188    0.020986999999999999  0.41187000000000001  0.063929
2189    -0.0026229999999999999  0.41187000000000001  0.063751000000000002
2190    -0.034104000000000002  0.40137698999999999  0.071101999999999999
2191    -0.061649000000000002  0.41187000000000001  0.063758999999999996
2192    -0.065584000000000003  0.40137698999999999  0.070941000000000004
2193    -0.102312  0.41187000000000001  0.063341999999999996
2194    -0.10886999999999999  0.40137698999999999  0.070322999999999997
2195    -0.120675  0.41187000000000001  0.062964000000000006
2196    0.099031999999999995  0.40137698999999999  0.070887000000000006
2197    0.131825  0.40137698999999999  0.070503999999999997
2198    0.154779  0.40137698999999999  0.070010000000000003
2199    0.14428600999999999  0.41187000000000001  0.063490000000000005
2200    -0.062304999999999999  0.39339000000000002  0.076078000000000007
2201    0.032792000000000002  0.39361500999999999  0.076078000000000007
2202    0.057714000000000001  0.39378601000000002  0.076078000000000007
2203    0.001312  0.39612999999999998  0.074190000000000006
2204    0.00065600000000000001  0.39315799000000001  0.076078000000000007
2205    -0.035416000000000003  0.39341598999999999  0.076078000000000007
2206    -0.072142999999999999  0.39612999999999998  0.074099999999999999
2207    -0.080013000000000001  0.39317200000000002  0.076078000000000007
2208    0.091817999999999997  0.39526098999999998  0.074635999999999994
2209    0.110182  0.39088299999999998  0.077103000000000005
2210    0.12329900000000001  0.38563599999999998  0.080012
2211    0.14953200999999999  0.38563599999999998  0.079770999999999995
2212    0.15215600000000001  0.39369600999999999  0.074778999999999998
2213    0.160026  0.39364100000000002  0.074612999999999999
2214    0.089194999999999997  0.39309999000000001  0.076078000000000007
2215    0.099687999999999999  0.39088299999999998  0.077503000000000002
2216    0.160026  0.38240600000000002  0.081784999999999997
2217    0.118052  0.38377499999999998  0.081324999999999995
2218    0.154779  0.41386299999999998  0.061754999999999997
2219    -0.112805  0.39088299999999998  0.076203999999999994
2220    -0.10100000000000001  0.39612999999999998  0.073568999999999996
2221    -0.118052  0.38563599999999998  0.079502000000000003
2222    -0.098377000000000006  0.39260399000000001  0.076078000000000007
2223    -0.107558  0.39088299999999998  0.076716000000000006
2224    0.14428600999999999  0.42236400000000002  0.055919000000000003
2225    0.154779  0.42236400000000002  0.055545999999999998
2226    0.12592199000000001  0.42236400000000002  0.056011999999999999
2227    0.086899000000000004  0.42236400000000002  0.056186
2228    0.059026000000000002  0.42236400000000002  0.056294999999999998
2229    0.0091819999999999992  0.42279199000000001  0.055511999999999999
2230    -0.027545  0.42277899000000002  0.055435999999999999
2231    -0.118052  0.41549301  0.060338000000000003
2232    -0.13641600000000001  0.42236400000000002  0.054681
2233    -0.160026  0.42236400000000002  0.053776999999999998
2234    -0.058369999999999998  0.41658601000000001  0.060201999999999999
2235    -0.093785999999999994  0.42263600000000001  0.055218999999999997
2236    -0.065584000000000003  0.42236400000000002  0.055745999999999997
2237    -0.055091000000000001  0.17576601  0.21515699999999999
2238    -0.0078700000000000003  0.17576601  0.21559900000000001
2239    -0.10624699999999999  0.17576601  0.21445800000000001
2240    -0.085260000000000002  0.17576601  0.21467499000000001
2241    0.19085099999999999  -0.054944  0.36478498999999998
2242    -0.21642900000000001  -0.048963  0.36095801
2243    -0.22298699999999999  -0.054385000000000003  0.364649
2244    -0.21773999999999999  -0.054935999999999999  0.36482301
2245    -0.20987  -0.055176000000000003  0.36465001000000002
2246    -0.19675300000000001  -0.055377000000000003  0.364649
2247    0.13379199999999999  0.34366198999999997  0.105823
2248    0.160026  0.40439599999999998  0.067637000000000003
2249    0.160026  0.41337299  0.061441000000000003
2250    0.18101300000000001  0.25207800000000002  0.16395999
2251    0.12854499999999999  0.37514299000000001  0.086049
2252    0.14953200999999999  0.38038999000000001  0.082692000000000002
2253    0.12854499999999999  0.38038999000000001  0.082784999999999997
2254    0.12329900000000001  0.38038999000000001  0.082973000000000005
2255    -0.102312  -0.044596999999999998  0.36107500999999997
2256    0.102312  -0.060338000000000003  0.37127199999999999
2257    -0.160026  -0.055094999999999998  0.364649
2258    -0.14953200999999999  -0.054565000000000002  0.364649
2259    0.21773999999999999  -0.035446999999999999  0.35208698999999999
2260    0.15740301000000001  0.37505000999999999  0.086258000000000001
2261    0.165273  0.37818300999999999  0.084208000000000005
2262    0.165273  0.38791099000000001  0.077675999999999995
2263    0.076078000000000007  -0.023609999999999999  0.34686601
2264    -0.21773999999999999  0.001446  0.32900100999999998
2265    0.20200001000000001  0.078952999999999995  0.27943700999999999
2266    0.13903899  0.27283099  0.150842
2267    -0.22823399  -0.055025999999999999  0.364649
2268    0.16133800000000001  -0.049843999999999999  0.36241400000000001
2269    -0.22298699999999999  -0.022445  0.34366198999999997
2270    0.13903899  0.264961  0.15584201
2271    -0.19150600000000001  0.20473801  0.193408
2272    0.20200001000000001  0.092532000000000003  0.270208
2273    0.16264901000000001  -0.054283999999999999  0.364649
2274    0.14166200000000001  -0.052861999999999999  0.364649
2275    0.14690900000000001  -0.055091000000000001  0.36597899
2276    0.160026  -0.055091000000000001  0.36534699999999998
2277    0.13379199999999999  0.33572300999999999  0.110872
2278    -0.20724699999999999  0.076326000000000005  0.28087899
2279    -0.102312  -0.050643000000000001  0.36433700000000002
2280    -0.107558  -0.059212000000000001  0.37054899000000002
2281    0.12854499999999999  0.18101300000000001  0.21156800000000001
2282    0.063617000000000007  0.39088299999999998  0.078419000000000003
2283    0.020986999999999999  0.39088299999999998  0.078182000000000001
2284    -0.17576601  0.33482799000000002  0.10996400000000001
2285    0.19150600000000001  0.15719200999999999  0.22587199999999999
2286    0.19150600000000001  0.16747400000000001  0.21868499999999999
2287    0.17576601  0.29926198999999998  0.13379199999999999
2288    0.065584000000000003  -0.018363999999999998  0.34347298999999998
2289    -0.18626000000000001  0.24659701000000001  0.16608100000000001
2290    -0.20200001000000001  0.099169999999999994  0.26572700999999999
2291    -0.20200001000000001  0.11090700000000001  0.25750699999999999
2292    -0.20200001000000001  0.124898  0.24749399999999999
2293    0.060338000000000003  -0.013117  0.34093001000000001
2294    0.12854499999999999  0.36989599000000001  0.089369000000000004
2295    0.17051899000000001  0.348443  0.102312
2296    0.13903899  0.25971401  0.159523
2297    -0.14428600999999999  0.25872298999999999  0.159409
2298    -0.20724699999999999  0.083947999999999995  0.27544001000000001
2299    0.18626000000000001  0.21497100999999999  0.18792500000000001
2300    0.18626000000000001  0.205038  0.194387
2301    -0.17051899000000001  0.36989599000000001  0.087726999999999999
2302    -0.17051899000000001  0.37994599000000001  0.081007999999999997
2303    0.20724699999999999  0.051225  0.29730098999999999
2304    0.19675300000000001  0.119091  0.25260000999999999
2305    -0.14428600999999999  0.25198199999999998  0.163776
2306    -0.13903899  0.323434  0.11854000000000001
2307    -0.074541999999999997  -0.018363999999999998  0.34366198999999997
2308    -0.081324999999999995  -0.023609999999999999  0.346883
2309    -0.097064999999999999  -0.039350999999999997  0.35717898999999997
2310    -0.036727000000000003  -0.0026229999999999999  0.33503300000000003
2311    -0.21249399999999999  0.042065999999999999  0.30367898999999998
2312    -0.21249399999999999  0.051367999999999997  0.29744800999999998
2313    -0.21249399999999999  0.057714000000000001  0.29291800000000001
2314    -0.049843999999999999  -0.0078700000000000003  0.33767598999999998
2315    0.21249399999999999  0.010494  0.32219999999999999
2316    0.21249399999999999  0.018113000000000001  0.31742901000000001
2317    -0.13903899  0.31694900999999998  0.123
2318    -0.112805  -0.060338000000000003  0.37198799999999999
2319    -0.065584000000000003  -0.013117  0.34063599
2320    0.086570999999999995  -0.034104000000000002  0.353329
2321    -0.118052  -0.060338000000000003  0.37153100999999999
2322    -0.12329900000000001  -0.058838000000000001  0.36989599000000001
2323    0.081324999999999995  0.39088299999999998  0.078232999999999997
2324    -0.027545  0.39088299999999998  0.078211000000000003
2325    -0.21773999999999999  0.019380000000000001  0.31742901000000001
2326    0.13903899  0.249221  0.166412
2327    0.18101300000000001  0.26233801000000001  0.15703499000000001
2328    0.18101300000000001  0.27283099  0.14977299999999999
2329    0.12854499999999999  0.36545199  0.092433000000000001
2330    -0.19675300000000001  0.17183100000000001  0.21475901
2331    -0.026234  -0.0026229999999999999  0.33460300999999998
2332    0.078700999999999993  0.42369699  0.055091000000000001
2333    0.19675300000000001  0.13379199999999999  0.24193500000000001
2334    -0.18626000000000001  0.25504100000000002  0.16037899
2335    -0.044596999999999998  -0.0078700000000000003  0.33710599000000002
2336    0.107558  -0.060338000000000003  0.37202500999999999
2337    0.112805  -0.060338000000000003  0.37189000999999999
2338    0.107558  -0.065584000000000003  0.375384
2339    -0.18101300000000001  0.29945701000000002  0.13224300999999999
2340    0.12329900000000001  0.37530999999999998  0.086743000000000001
2341    0.112805  0.38476600999999999  0.081324999999999995
2342    0.107945  0.385708  0.081324999999999995
2343    0.099687999999999999  0.38708100000000001  0.081324999999999995
2344    -0.165273  0.40931201  0.062323000000000003
2345    0.028857000000000001  -0.0026229999999999999  0.33526999000000002
2346    0.19150600000000001  0.17576601  0.21284001
2347    0.19150600000000001  0.18437301  0.206957
2348    -0.14166200000000001  0.42772399999999999  0.049858
2349    -0.160026  0.42726201000000003  0.049515000000000003
2350    0.13379199999999999  0.18626000000000001  0.20724999999999999
2351    0.13379199999999999  0.18101300000000001  0.21065700000000001
2352    0.14953200999999999  0.42911698999999998  0.049843999999999999
2353    0.10641100000000001  0.42896699999999999  0.050236999999999997
2354    0.034104000000000002  0.42928298999999998  0.049843999999999999
2355    -0.0039350000000000001  0.428983  0.049843999999999999
2356    -0.052468000000000001  0.42859301  0.050130000000000001
2357    -0.095753000000000005  0.42850899999999997  0.049843999999999999
2358    -0.118052  -0.065090999999999996  0.37557399000000002
2359    -0.11223900000000001  -0.065584000000000003  0.37528399000000001
2360    -0.13379199999999999  -0.057222000000000002  0.36989599000000001
2361    0.21249399999999999  0.026816  0.31163700999999999
2362    0.17051899000000001  0.35739699000000003  0.096532999999999994
2363    -0.19150600000000001  0.21935200999999999  0.18307000000000001
2364    -0.070831000000000005  -0.018363999999999998  0.34310900999999999
2365    0.20724699999999999  0.057643  0.29291999000000002
2366    0.21773999999999999  -0.023550999999999999  0.34370199000000001
2367    0.21773999999999999  -0.013117  0.33624500000000002
2368    -0.091817999999999997  -0.034104000000000002  0.35340500000000002
2369    0.120675  0.18101300000000001  0.212779
2370    0.13903899  0.20192399999999999  0.19675300000000001
2371    0.18626000000000001  0.22823399  0.17890900000000001
2372    0.13379199999999999  0.31742901000000001  0.123235
2373    0.13379199999999999  0.32792199  0.11627899999999999
2374    -0.14428600999999999  0.24294101000000001  0.16986200000000001
2375    0.081324999999999995  -0.028857000000000001  0.34964201
2376    -0.22298699999999999  -0.013117  0.33713200999999998
2377    -0.13116901  -0.055091000000000001  0.36698999999999998
2378    0.091817999999999997  -0.039350999999999997  0.35715601000000002
2379    -0.14428600999999999  0.19675300000000001  0.199513
2380    0.18626000000000001  0.23307  0.17547299999999999
2381    0.154779  0.42872900000000003  0.049843999999999999
2382    -0.112805  0.38506099999999999  0.081324999999999995
2383    -0.060338000000000003  -0.013117  0.33990499000000002
2384    0.13852701000000001  0.243756  0.17038700000000001
2385    0.020986999999999999  -0.0026229999999999999  0.33492199
2386    0.110182  0.18101300000000001  0.21353699000000001
2387    0.112805  -0.064976999999999993  0.37572299999999997
2388    0.112805  -0.070831000000000005  0.37958899000000002
2389    0.160026  0.422039  0.054821000000000002
2390    -0.20724699999999999  0.091551999999999994  0.27000800000000003
2391    -0.13903899  0.30995601  0.12759300000000001
2392    -0.14166200000000001  -0.055091000000000001  0.36606698999999998
2393    0.165273  0.39612999999999998  0.071790000000000007
2394    0.102312  -0.065584000000000003  0.37393799
2395    -0.118052  0.38323699999999999  0.081324999999999995
2396    0.20200001000000001  0.099687999999999999  0.26496500000000001
2397    -0.165273  0.42024201  0.054157999999999998
2398    -0.20200001000000001  0.137124  0.23832600000000001
2399    -0.22298699999999999  -0.0051139999999999996  0.33162399999999997
2400    -0.107558  -0.065584000000000003  0.37384098999999998
2401    0.055091000000000001  -0.013117  0.34041199
2402    0.19150600000000001  0.191548  0.20202698999999999
2403    -0.071486999999999995  0.39088299999999998  0.078522999999999996
2404    -0.154779  0.43277499000000003  0.044507999999999999
2405    -0.12739800000000001  0.43309598999999999  0.044856
2406    -0.048531999999999999  0.43285700999999999  0.045956999999999998
2407    0.19150600000000001  0.199377  0.196465
2408    -0.12854499999999999  0.18101300000000001  0.21134
2409    0.17576601  0.31087500000000001  0.12581999999999999
2410    0.13903899  0.23432900000000001  0.17636300999999999
2411    -0.17576601  0.34751599999999999  0.101315
2412    -0.17576601  0.35415598999999998  0.096757999999999997
2413    -0.22823399  -0.049843999999999999  0.36038899000000002
2414    -0.22823399  -0.039863999999999997  0.35377899000000002
2415    -0.112805  -0.070831000000000005  0.37761
2416    0.055091000000000001  0.43374199000000002  0.045541999999999999
2417    0.107067  0.43285700999999999  0.046428999999999998
2418    0.14822099999999999  0.43354600999999998  0.045406000000000002
2419    0.12854499999999999  0.43450900999999997  0.044596999999999998
2420    -0.020330999999999998  0.43348500000000001  0.045304999999999998
2421    0.022627000000000001  0.43356498999999998  0.045380999999999998
2422    -0.19675300000000001  0.18256199000000001  0.20724699999999999
2423    0.17051899000000001  0.36468299999999998  0.091817999999999997
2424    -0.13850900999999999  0.18626000000000001  0.20707600000000001
2425    -0.18101300000000001  0.31253599999999998  0.12329900000000001
2426    -0.18101300000000001  0.32020301000000001  0.118052
2427    0.19675300000000001  0.14822099999999999  0.230965
2428    0.22298699999999999  -0.049843999999999999  0.36057498999999998
2429    0.22298699999999999  -0.054912999999999997  0.364649
2430    -0.19150600000000001  0.231188  0.17461499999999999
2431    -0.086570999999999995  -0.028857000000000001  0.34968901000000002
2432    0.21249399999999999  0.034090000000000002  0.30693501000000001
2433    0.13379199999999999  0.30424401000000001  0.13203500000000001
2434    -0.18626000000000001  0.264961  0.15367401
2435    -0.18626000000000001  0.27104898999999999  0.14953200999999999
2436    -0.12854499999999999  0.36915100000000001  0.091149999999999995
2437    0.17051899000000001  0.37174001000000001  0.086702000000000001
2438    -0.13379199999999999  0.35826400000000003  0.097064999999999999
2439    -0.13379199999999999  0.35208498999999999  0.101705
2440    0.165273  0.40137698999999999  0.068298999999999999
2441    0.118052  -0.060338000000000003  0.37317698999999999
2442    0.039350999999999997  -0.0078700000000000003  0.33760299999999999
2443    0.089194999999999997  0.38811001000000001  0.081324999999999995
2444    0.081324999999999995  0.38841998999999999  0.081324999999999995
2445    0.21249399999999999  0.041973999999999997  0.30155101000000001
2446    -0.160026  0.43252300999999999  0.044214999999999997
2447    -0.14428600999999999  0.23623499000000001  0.17428099999999999
2448    0.154779  0.43330999999999997  0.045122000000000002
2449    -0.20724699999999999  0.098169000000000006  0.264961
2450    0.13903899  0.20968600000000001  0.19272600000000001
2451    0.20200001000000001  0.110052  0.25740400000000002
2452    0.097064999999999999  -0.055091000000000001  0.36630499
2453    0.13379199999999999  0.19150600000000001  0.20501800000000001
2454    -0.165273  0.42531099999999999  0.049843999999999999
2455    -0.21773999999999999  0.034557999999999998  0.30693501000000001
2456    -0.091817999999999997  0.39088299999999998  0.078495999999999996
2457    -0.102312  0.39088299999999998  0.077457999999999999
2458    0.19675300000000001  0.15954099999999999  0.22262599999999999
2459    -0.13903899  0.30127199999999998  0.13350600000000001
2460    -0.13903899  0.29426000000000002  0.138263
2461    0.21773999999999999  -0.0049909999999999998  0.33070000999999999
2462    0.21773999999999999  0.0052469999999999999  0.32366498999999999
2463    0.20724699999999999  0.068699999999999997  0.28503400000000001
2464    0.091817999999999997  -0.044803000000000003  0.35936499
2465    0.165273  0.40662301000000001  0.064449999999999993
2466    -0.102312  -0.055091000000000001  0.36613801000000001
2467    0.160026  0.42738598999999999  0.049843999999999999
2468    -0.057714000000000001  0.43402600000000002  0.044596999999999998
2469    -0.102312  0.18101300000000001  0.21272100999999999
2470    -0.12329900000000001  0.18101300000000001  0.21196100000000001
2471    -0.17051899000000001  0.38701901  0.076078000000000007
2472    -0.20200001000000001  0.14705599999999999  0.23061401000000001
2473    0.118052  0.37795201  0.086570999999999995
2474    -0.19675300000000001  0.19072500000000001  0.201437
2475    0.13379199999999999  0.29235399000000001  0.139789
2476    0.13379199999999999  0.285833  0.14421400000000001
2477    0.086570999999999995  0.18101300000000001  0.21394899000000001
2478    0.12854499999999999  0.18626000000000001  0.20946500000000001
2479    -0.041973999999999997  0.18101300000000001  0.21351200000000001
2480    -0.068208000000000005  0.18101300000000001  0.21330199999999999
2481    0.17576601  0.32267498999999999  0.11754100000000001
2482    0.18626000000000001  0.23932600000000001  0.17092199999999999
2483    0.18626000000000001  0.24610799999999999  0.16605300000000001
2484    0.18101300000000001  0.28070100999999997  0.14407200000000001
2485    0.13903899  0.22153698999999999  0.18537899999999999
2486    0.13903899  0.22800000000000001  0.180867
2487    0.010494  -0.0026229999999999999  0.33442801
2488    -0.001312  -0.0026229999999999999  0.33408099000000002
2489    0.060994  0.38835901  0.081324999999999995
2490    0.025578  0.38825398999999999  0.081324999999999995
2491    -0.118052  -0.070831000000000005  0.37930301
2492    0.22298699999999999  -0.039350999999999997  0.35312501000000002
2493    -0.19150600000000001  0.23791598999999999  0.16994201
2494    -0.107558  0.38680100000000001  0.081324999999999995
2495    0.21249399999999999  -0.055091000000000001  0.36550599
2496    -0.039350999999999997  -0.0078700000000000003  0.33630100000000002
2497    -0.17051899000000001  0.39515799000000001  0.070111000000000007
2498    -0.19675300000000001  0.19692399999999999  0.19675300000000001
2499    0.034104000000000002  -0.0078700000000000003  0.33689999999999998
2500    0.19150600000000001  0.20724699999999999  0.19107099999999999
2501    -0.22298699999999999  0.001516  0.32713699000000002
2502    -0.22298699999999999  0.0078700000000000003  0.32262099
2503    -0.21249399999999999  0.067097000000000004  0.28594800999999997
2504    -0.13903899  0.43756601000000001  0.039350999999999997
2505    0.059026000000000002  0.18101300000000001  0.21398500000000001
2506    0.027545  0.18101300000000001  0.214166
2507    -0.18626000000000001  0.27960399000000002  0.14348900000000001
2508    -0.12329900000000001  0.37609600999999998  0.086570999999999995
2509    -0.013117  -0.0026229999999999999  0.33412701
2510    -0.097064999999999999  -0.044596999999999998  0.35905399999999998
2511    0.14166200000000001  0.43875398999999998  0.039350999999999997
2512    -0.11247699999999999  0.43790098999999999  0.039315000000000003
2513    0.11346100000000001  0.43887299000000002  0.039350999999999997
2514    0.060338000000000003  0.43892100000000001  0.039350999999999997
2515    -0.011476999999999999  0.43841401000000002  0.039350999999999997
2516    -0.055091000000000001  0.43835299999999999  0.039350999999999997
2517    0.12854499999999999  0.35912098999999997  0.097064999999999999
2518    -0.17576601  0.36244899000000003  0.090814000000000006
2519    -0.0078700000000000003  0.18101300000000001  0.21414900000000001
2520    -0.154779  -0.059212000000000001  0.36989599000000001
2521    -0.14690900000000001  -0.058576999999999997  0.36989599000000001
2522    0.076078000000000007  -0.028857000000000001  0.34819000999999999
2523    0.20200001000000001  0.125358  0.24593699999999999
2524    -0.20724699999999999  0.109475  0.25655001
2525    0.20724699999999999  0.078792000000000001  0.27757701000000001
2526    -0.154779  0.43702998999999998  0.039350999999999997
2527    -0.12329900000000001  -0.062303999999999998  0.37514299000000001
2528    -0.055091000000000001  -0.013117  0.33883801000000002
2529    -0.076078000000000007  -0.023609999999999999  0.34516400000000003
2530    0.14953200999999999  0.43844499999999997  0.039350999999999997
2531    0.154779  0.43786499000000001  0.039350999999999997
2532    -0.036399000000000001  0.38840601000000002  0.081324999999999995
2533    0.22299799000000001  -0.031066  0.34659698999999999
2534    -0.19413  -0.059582000000000003  0.36989599000000001
2535    -0.17576601  -0.059641  0.36989599000000001
2536    0.21249399999999999  0.049843999999999999  0.29619601000000001
2537    -0.160026  0.43638700000000002  0.039350999999999997
2538    -0.165273  0.43033901000000002  0.044596999999999998
2539    -0.165273  0.43362400000000001  0.040424000000000002
2540    0.160026  0.43228999000000001  0.044596999999999998
2541    0.16539298999999999  0.41192600000000001  0.060380999999999997
2542    -0.21249399999999999  0.074889999999999998  0.27977899000000001
2543    -0.20200001000000001  0.15797301  0.22228700000000001
2544    -0.14428600999999999  0.20987  0.192136
2545    -0.14428600999999999  0.22520401000000001  0.18203100999999999
2546    -0.14428600999999999  0.21827199999999999  0.18662000000000001
2547    0.070831000000000005  -0.023609999999999999  0.345696
2548    -0.13379199999999999  0.18626000000000001  0.208757
2549    0.12329900000000001  -0.057176999999999999  0.36989599000000001
2550    0.12854499999999999  -0.056579999999999998  0.36989599000000001
2551    0.13641600000000001  -0.057125000000000002  0.36989599000000001
2552    0.14690900000000001  -0.058028999999999997  0.36989599000000001
2553    0.17576601  0.33484798999999998  0.108852
2554    0.060338000000000003  -0.018363999999999998  0.34233799999999998
2555    0.12854499999999999  0.35415598999999998  0.101006
2556    0.17051899000000001  0.38038999000000001  0.080394999999999994
2557    0.19713800000000001  0.16546000999999999  0.21787198999999999
2558    0.19675300000000001  0.17248701  0.21290401
2559    -0.065584000000000003  -0.018363999999999998  0.34148498999999999
2560    0.18101300000000001  0.29381800000000002  0.13480601
2561    0.12854499999999999  0.34890898999999997  0.10463600000000001
2562    0.218309  0.013476999999999999  0.31765300000000002
2563    0.165273  0.41770801000000002  0.055565999999999997
2564    -0.13379199999999999  0.34374698999999997  0.10762099999999999
2565    -0.18626000000000001  0.28594401000000003  0.13903899
2566    -0.18626000000000001  0.293383  0.13379199999999999
2567    0.16789599999999999  -0.058611000000000003  0.36989599000000001
2568    -0.21773999999999999  0.042542000000000003  0.30102899999999999
2569    -0.19150600000000001  0.24451201  0.165273
2570    -0.18101300000000001  0.32759500000000003  0.112805
2571    0.112805  0.38053199999999998  0.086570999999999995
2572    -0.19150600000000001  0.25167700999999998  0.160026
2573    0.13379199999999999  0.27742800000000001  0.15011099999999999
2574    -0.17576601  0.36909400999999997  0.085932999999999995
2575    0.18626000000000001  0.25446798999999998  0.15981200000000001
2576    -0.19675300000000001  0.20406599  0.19150600000000001
2577    -0.14166200000000001  0.44134899999999999  0.034104000000000002
2578    -0.071486999999999995  0.38882898999999999  0.081324999999999995
2579    -0.089194999999999997  0.38910401  0.081324999999999995
2580    -0.107558  0.44177300000000003  0.034104000000000002
2581    -0.060338000000000003  0.44212899  0.034104000000000002
2582    0.013773000000000001  0.44281501000000001  0.033165
2583    -0.22823399  -0.033789  0.34913999000000001
2584    -0.22823399  -0.026303  0.34366198999999997
2585    -0.13903899  0.28574600999999999  0.144153
2586    0.19675300000000001  0.18101300000000001  0.20644799999999999
2587    -0.118052  0.38038999000000001  0.084990999999999997
2588    -0.099687999999999999  0.38841301  0.081324999999999995
2589    0.13379199999999999  0.44299298999999998  0.033508000000000003
2590    0.047220999999999999  0.44295999000000003  0.033491
2591    0.104935  0.44295201000000001  0.033482999999999999
2592    0.072799000000000003  0.44300199000000001  0.033561000000000001
2593    -0.17051899000000001  0.40456101  0.063292000000000001
2594    -0.12329900000000001  0.37514299000000001  0.088234999999999994
2595    0.19675300000000001  -0.058587  0.36989599000000001
2596    0.204623  -0.058278999999999997  0.36989599000000001
2597    0.14428600999999999  0.44240600000000002  0.034104000000000002
2598    -0.154779  0.44077  0.034104000000000002
2599    0.13379199999999999  0.27047700000000002  0.15498400000000001
2600    -0.20724699999999999  0.119203  0.249221
2601    -0.20724699999999999  0.12606201  0.243974
2602    -0.21249399999999999  -0.058735999999999997  0.36989599000000001
2603    0.12338300000000001  0.36995399000000001  0.091817999999999997
2604    -0.13903899  -0.057489999999999999  0.36989599000000001
2605    -0.21249399999999999  0.080526  0.27545500000000001
2606    -0.21249399999999999  0.086910000000000001  0.27046000999999997
2607    0.19150600000000001  0.21313699999999999  0.1867
2608    0.19150600000000001  0.21982101000000001  0.18167800000000001
2609    0.107558  -0.070831000000000005  0.37756601000000001
2610    -0.22298699999999999  0.015533999999999999  0.31742901000000001
2611    0.015740000000000001  0.18626000000000001  0.21314
2612    0.053779  0.18626000000000001  0.21315998999999999
2613    -0.013117  0.18626000000000001  0.213036
2614    -0.037711000000000001  0.18626000000000001  0.21274000000000001
2615    0.10362300000000001  0.18626000000000001  0.21312900000000001
2616    0.024265999999999999  0.19150600000000001  0.21068798999999999
2617    0.060994  0.19150600000000001  0.21074601000000001
2618    0.094441999999999998  0.19150600000000001  0.21083499
2619    -0.033447999999999999  0.19150600000000001  0.21037
2620    0.091817999999999997  0.19675300000000001  0.207367
2621    0.118052  0.19150600000000001  0.21117599000000001
2622    0.042301999999999999  0.19675300000000001  0.20728999000000001
2623    -0.013117  0.19669200000000001  0.20724699999999999
2624    -0.039350999999999997  0.196521  0.20710200000000001
2625    -0.070175000000000001  0.19150600000000001  0.21015598999999999
2626    0.118052  0.19675300000000001  0.20791899999999999
2627    0.090506000000000003  0.204623  0.202401
2628    -0.034104000000000002  0.22300500000000001  0.191496
2629    -0.071486999999999995  0.22229201000000001  0.19150600000000001
2630    -0.047220999999999999  0.210118  0.19877900000000001
2631    -0.012461  0.20675199999999999  0.20111100000000001
2632    -0.001312  0.22348699999999999  0.19150600000000001
2633    0.029513000000000001  0.21445701  0.196633
2634    0.025578  0.22343199999999999  0.19150600000000001
2635    0.052468000000000001  0.22321299999999999  0.19150600000000001
2636    0.061649000000000002  0.215313  0.196024
2637    0.097064999999999999  0.22298699999999999  0.19145100000000001
2638    0.097064999999999999  0.21249399999999999  0.19758600000000001
2639    0.042630000000000001  0.20724699999999999  0.20080000000000001
2640    -0.10362300000000001  0.21971599999999999  0.19264300000000001
2641    -0.091817999999999997  0.23077700000000001  0.18626000000000001
2642    -0.099687999999999999  0.20987  0.19850001
2643    -0.068208000000000005  0.20724699999999999  0.20035701
2644    -0.085260000000000002  0.21511699000000001  0.19555201
2645    -0.12854499999999999  0.204623  0.20208599999999999
2646    -0.107558  0.20200001000000001  0.20334999000000001
2647    -0.12854499999999999  0.21249399999999999  0.19723300999999999
2648    -0.12329900000000001  0.19675300000000001  0.20689199999999999
2649    -0.104935  0.19150600000000001  0.20988699999999999
2650    -0.115756  0.21845400000000001  0.193441
2651    -0.110182  0.23194000000000001  0.18529499999999999
2652    -0.12854499999999999  0.24135098999999999  0.17955900999999999
2653    -0.110182  0.24141499  0.17954500000000001
2654    -0.12854499999999999  0.249221  0.174897
2655    -0.097721000000000002  0.244508  0.17785898999999999
2656    -0.066895999999999997  0.23227900000000001  0.1855
2657    -0.068536  0.24056300999999999  0.180453
2658    -0.091817999999999997  0.24892400000000001  0.17526899000000001
2659    -0.051811999999999997  0.249  0.1754
2660    -0.020986999999999999  0.23175198999999999  0.186358
2661    0.0078700000000000003  0.22823399  0.18869100999999999
2662    0.040497999999999999  0.23205701000000001  0.186198
2663    0.089194999999999997  0.23276400999999999  0.18552899
2664    0.12329900000000001  0.22661999999999999  0.18941499000000001
2665    0.110182  0.22306899999999999  0.19150600000000001
2666    0.12329900000000001  0.21249399999999999  0.198044
2667    0.062961000000000003  0.249221  0.175732
2668    0.041318000000000001  0.24223800000000001  0.17994600999999999
2669    0.011805  0.24193798999999999  0.18017399000000001
2670    0.036070999999999999  0.24921199999999999  0.175597
2671    0.060338000000000003  0.25446798999999998  0.17238899999999999
2672    0.0098379999999999995  0.25446798999999998  0.17207
2673    0.052468000000000001  0.25916600000000001  0.16939101000000001
2674    0.078700999999999993  0.25865701000000002  0.16986299999999999
2675    0.080013000000000001  0.264961  0.16580698999999999
2676    0.039350999999999997  0.264961  0.165464
2677    -0.0019680000000000001  0.25971401  0.16875899999999999
2678    0.011805  0.264961  0.16528000000000001
2679    -0.032792000000000002  0.264961  0.165268
2680    -0.038039000000000003  0.25933500999999998  0.16888399000000001
2681    -0.076078000000000007  0.264961  0.16525598999999999
2682    -0.025578  0.25446798999999998  0.172015
2683    0.098048999999999997  0.25652301  0.17103699999999999
2684    0.099687999999999999  0.249221  0.17558299999999999
2685    0.118052  0.25184399000000002  0.17403001000000001
2686    0.100344  0.24170200999999999  0.18005600999999999
2687    0.12329900000000001  0.23945899000000001  0.18144099
2688    0.12329900000000001  0.24908  0.17568
2689    0.0019680000000000001  0.249221  0.17554601
2690    -0.062304999999999999  0.25527  0.171349
2691    -0.096408999999999995  0.255384  0.17116600000000001
2692    -0.102312  0.264961  0.16520301000000001
2693    -0.12329900000000001  0.26233801000000001  0.166903
2694    -0.053122999999999997  0.270208  0.162046
2695    -0.076733999999999997  0.27186501000000002  0.161056
2696    -0.026234  0.270208  0.16214999999999999
2697    0.0078700000000000003  0.270208  0.162103
2698    0.023609999999999999  0.270208  0.16215300999999999
2699    0.060338000000000003  0.270208  0.16250700000000001
2700    -0.047220999999999999  0.29119500999999998  0.14870299000000001
2701    -0.082472000000000004  0.28576699  0.15235599999999999
2702    -0.049843999999999999  0.28332499  0.15371899
2703    -0.022298999999999999  0.28070100999999997  0.15540101000000001
2704    0.0091819999999999992  0.28070100999999997  0.15539201
2705    0.056238999999999997  0.28090199999999999  0.15550600000000001
2706    0.079356999999999997  0.27264400999999999  0.16107299999999999
2707    0.095424999999999996  0.28164299999999998  0.15536900000000001
2708    0.118052  0.27676600000000001  0.158609
2709    0.118052  0.28594800999999997  0.15288199
2710    -0.013117  0.29119500999999998  0.14876798999999999
2711    0.081324999999999995  0.29119500999999998  0.14925399
2712    0.076078000000000007  0.30371999999999999  0.14150098999999999
2713    0.096408999999999995  0.30373098999999998  0.14157499000000001
2714    0.076078000000000007  0.31218201000000001  0.136208
2715    0.054434999999999997  0.309558  0.13749
2716    0.049843999999999999  0.30168799000000002  0.14230999
2717    0.024265999999999999  0.30431198999999998  0.14057900000000001
2718    0.022955  0.31218201000000001  0.13558598999999999
2719    -0.0052469999999999999  0.31218201000000001  0.13545799
2720    -0.0026229999999999999  0.30168799000000002  0.14208999
2721    0.020986999999999999  0.29644199999999998  0.14561699
2722    0.044596999999999998  0.29644199999999998  0.14564399
2723    -0.044596999999999998  0.31218201000000001  0.13556599999999999
2724    -0.048531999999999999  0.30168799000000002  0.142151
2725    -0.076078000000000007  0.30693501000000001  0.139321
2726    -0.073455000000000006  0.30168799000000002  0.142455
2727    -0.107558  0.30705100000000002  0.13924199000000001
2728    -0.118052  0.30368000000000001  0.14125599999999999
2729    -0.032792000000000002  0.31742901000000001  0.13239600000000001
2730    -0.065255999999999995  0.319774  0.13111
2731    0.0052469999999999999  0.31742901000000001  0.132301
2732    0.028857000000000001  0.31636500000000001  0.13314298999999999
2733    0.061976999999999997  0.31707998999999998  0.133048
2734    0.087554999999999994  0.31701499  0.133384
2735    0.112805  0.314614  0.134995
2736    0.112805  0.30367801  0.14174700000000001
2737    0.034104000000000002  0.29119500999999998  0.148816
2738    -0.021642999999999999  0.29693401000000003  0.145229
2739    -0.052468000000000001  0.29644199999999998  0.14554800000000001
2740    -0.086570999999999995  0.29768801  0.14505800999999999
2741    -0.114117  0.29495701000000002  0.14670800000000001
2742    -0.11674  0.27748600000000001  0.15759601000000001
2743    -0.12329900000000001  0.281773  0.15482499999999999
2744    -0.12329900000000001  0.30352601000000001  0.14116000000000001
2745    0.00065600000000000001  0.28594800999999997  0.15215901000000001
2746    -0.099687999999999999  0.28070100999999997  0.15546600999999999
2747    -0.098377000000000006  0.27184998999999999  0.16104199999999999
2748    -0.013773000000000001  0.241813  0.18020099000000001
2749    -0.12854499999999999  0.22655  0.188696
2750    0.101656  0.20331199  0.203348
2751    0.12329900000000001  0.204375  0.20316400000000001
2752    -0.078700999999999993  0.18626000000000001  0.21251900000000001
2753    0.106903  0.265241  0.16568799000000001
2754    0.12329900000000001  0.26535799999999998  0.16550200000000001
2755    0.118052  0.25870699000000003  0.169909
2756    0.049843999999999999  0.32267498999999999  0.12923899
2757    -0.041973999999999997  0.32267498999999999  0.12906501000000001
2758    -0.020986999999999999  0.32267498999999999  0.12909301000000001
2759    0.0026229999999999999  0.32267498999999999  0.12897301
2760    -0.078700999999999993  0.31218201000000001  0.13594899999999999
2761    -0.115429  0.31218201000000001  0.13595099999999999
2762    -0.12854499999999999  0.25446798999999998  0.17153101000000001
2763    0.097064999999999999  0.32267498999999999  0.12978400000000001
2764    0.112805  0.32267498999999999  0.12991901
2765    0.110182  0.33062999999999998  0.125026
2766    0.090506000000000003  0.33054699999999998  0.124959
2767    0.112805  0.33841600999999999  0.119931
2768    0.054434999999999997  0.33841600999999999  0.119704
2769    0.073455000000000006  0.33054500999999997  0.124893
2770    -0.055091000000000001  0.32267498999999999  0.12909599999999999
2771    0.12329900000000001  0.25651801000000002  0.17102000000000001
2772    0.049843999999999999  0.32792199  0.12612498999999999
2773    0.118052  0.314805  0.13472999999999999
2774    0.118052  0.29485399000000001  0.147177
2775    0.118052  0.33045398999999998  0.12485
2776    0.118052  0.32267498999999999  0.129686
2777    -0.12329900000000001  0.314805  0.13411400000000001
2778    -0.076078000000000007  0.31661098999999998  0.13328599999999999
2779    -0.115429  0.31742901000000001  0.132829
2780    -0.089194999999999997  0.32585599999999998  0.12741899000000001
2781    -0.065584000000000003  0.33841600999999999  0.119476
2782    -0.087226999999999999  0.33995198999999998  0.11852
2783    -0.111494  0.34025401  0.118214
2784    -0.102968  0.35441699999999998  0.109391
2785    -0.112805  0.35825399000000002  0.106784
2786    -0.063617000000000007  0.34294400000000003  0.116796
2787    -0.078700999999999993  0.35576799999999997  0.108601
2788    -0.112805  0.32792199  0.12616099
2789    -0.038039000000000003  0.35415598999999998  0.11024399999999999
2790    0.055091000000000001  0.35415598999999998  0.11017399999999999
2791    0.010494  0.35897601000000001  0.107276
2792    0.0088540000000000008  0.35415598999999998  0.110351
2793    0.072142999999999999  0.35284399999999999  0.110744
2794    0.074765999999999999  0.36764699000000001  0.10127800000000001
2795    0.060665999999999998  0.37514299000000001  0.096433000000000005
2796    -0.016067999999999999  0.37514299000000001  0.096629000000000007
2797    0.040006  0.364649  0.103559
2798    -0.015740000000000001  0.36567499999999997  0.10298599999999999
2799    -0.037383  0.36557900999999998  0.10291
2800    -0.07739  0.37429699  0.096499000000000001
2801    0.099687999999999999  0.37514299000000001  0.096202999999999997
2802    -0.020986999999999999  0.35896999000000002  0.107269
2803    -0.032792000000000002  0.34681498999999999  0.114731
2804    -0.012461  0.34103899999999998  0.11819
2805    -0.049843999999999999  0.33841600999999999  0.119515
2806    0.011805  0.33841600999999999  0.119674
2807    0.018200000000000001  0.34666201000000002  0.11486399999999999
2808    0.043285999999999998  0.34366198999999997  0.116603
2809    0.072470999999999994  0.34246901000000002  0.117301
2810    0.112805  0.34366198999999997  0.116733
2811    0.048860000000000001  0.349051  0.113279
2812    0.107558  0.349356  0.113077
2813    0.091162000000000007  0.358518  0.107209
2814    0.107558  0.36593899000000002  0.102312
2815    0.112805  0.35636801000000001  0.108458
2816    -0.078700999999999993  0.35940301000000002  0.106201
2817    -0.110182  0.36497399000000003  0.10252500000000001
2818    -0.073455000000000006  0.364649  0.10294300000000001
2819    -0.083947999999999995  0.36989599000000001  0.099293999999999993
2820    -0.112805  0.36989599000000001  0.099034999999999998
2821    -0.104935  0.37514299000000001  0.095863000000000004
2822    -0.118052  0.33028600000000002  0.12450899999999999
2823    -0.118052  0.34235099000000002  0.116672
2824    -0.118052  0.35739899000000003  0.10702200000000001
2825    -0.072142999999999999  0.38109600999999999  0.091817999999999997
2826    -0.102312  0.38097199999999998  0.091817999999999997
2827    -0.053779  0.38121501000000002  0.091817999999999997
2828    0.091817999999999997  0.38134000000000001  0.091817999999999997
2829    0.057714000000000001  0.38153899000000002  0.091817999999999997
2830    0.031481000000000002  0.38169101  0.091817999999999997
2831    -0.020986999999999999  0.38168099999999999  0.091817999999999997
2832    0.107558  0.37433000999999999  0.096464999999999995
2833    -0.12854499999999999  0.19675300000000001  0.20681400999999999
2834    -0.12854499999999999  0.26233801000000001  0.16676400999999999
2835    -0.12854499999999999  0.27545500000000001  0.15851699999999999
2836    0.12329900000000001  0.27481698999999998  0.15962000000000001
2837    -0.13379199999999999  0.20987  0.198633
2838    -0.13379199999999999  0.22298699999999999  0.19064598999999999
2839    -0.12329900000000001  0.32267498999999999  0.12900500000000001
2840    -0.12329900000000001  0.33054500999999997  0.12396500000000001
2841    0.12329900000000001  0.28144699000000001  0.15522900000000001
2842    0.12329900000000001  0.28814599000000002  0.15097199
2843    0.12329900000000001  0.19675300000000001  0.20773200999999999
2844    -0.118052  0.364649  0.102268
2845    -0.112805  0.37514299000000001  0.095416000000000001
2846    -0.107558  0.38052601000000003  0.091817999999999997
2847    -0.13379199999999999  0.23085700000000001  0.185554
2848    -0.12329900000000001  0.19150600000000001  0.20987099000000001
2849    -0.12854499999999999  0.29119500999999998  0.14837199000000001
2850    -0.12854499999999999  0.29932299000000001  0.14305899999999999
2851    -0.12854499999999999  0.30693501000000001  0.13824500000000001
2852    -0.12329900000000001  0.33841600999999999  0.118599
2853    -0.12329900000000001  0.34890898999999997  0.11189300000000001
2854    -0.12329900000000001  0.35533198999999999  0.107558
2855    0.118052  0.33841600999999999  0.119537
2856    0.12854499999999999  0.21323700000000001  0.19719300000000001
2857    0.12854499999999999  0.20622499  0.20144599999999999
2858    0.12854499999999999  0.22289100000000001  0.19144800000000001
2859    0.12854499999999999  0.23156399999999999  0.18590899999999999
2860    0.112805  0.36771398999999999  0.10066899999999999
2861    0.118052  0.34628499000000001  0.114564
2862    0.118052  0.35673100000000002  0.107558
2863    0.12329900000000001  0.19150600000000001  0.210591
2864    0.102312  0.38073700999999999  0.091817999999999997
2865    0.12329900000000001  0.29906498999999998  0.14383600999999999
2866    -0.13379199999999999  0.23872699999999999  0.18059599000000001
2867    -0.13379199999999999  0.24515700000000001  0.17645
2868    -0.13379199999999999  0.20200001000000001  0.20306199999999999
2869    0.12874400999999999  0.24141399999999999  0.17948601
2870    0.12854499999999999  0.249221  0.17470799000000001
2871    0.112805  0.37260198999999999  0.097064999999999999
2872    -0.089194999999999997  0.38563599999999998  0.087958999999999996
2873    -0.13379199999999999  0.25187399999999999  0.17228199999999999
2874    -0.118052  0.37148100000000001  0.097064999999999999
2875    0.12854499999999999  0.20200001000000001  0.20377000000000001
2876    0.12854499999999999  0.19675300000000001  0.20668900000000001
2877    -0.13379199999999999  0.19675300000000001  0.20602599999999999
2878    -0.12854499999999999  0.19150600000000001  0.20938398999999999
2879    -0.052468000000000001  0.38563599999999998  0.087571999999999997
2880    -0.12329900000000001  0.36368298999999998  0.101521
2881    0.118052  0.36407300999999997  0.102312
2882    0.12329900000000001  0.309558  0.137104
2883    -0.110182  0.18626000000000001  0.21210398999999999
2884    -0.12329900000000001  0.18626000000000001  0.21163199999999999
2885    0.107558  0.37984800000000002  0.091817999999999997
2886    -0.12854499999999999  0.31979400000000002  0.12978799999999999
2887    -0.12854499999999999  0.31291899000000001  0.13422598999999999
2888    0.12329900000000001  0.32260501000000003  0.12849499
2889    -0.020986999999999999  0.38563599999999998  0.087837999999999999
2890    0.019675000000000002  0.38563599999999998  0.087771000000000002
2891    0.045908999999999998  0.38563599999999998  0.087541999999999995
2892    -0.13379199999999999  0.26179299  0.16586500000000001
2893    -0.13379199999999999  0.27075898999999998  0.160026
2894    0.12854499999999999  0.26434401000000002  0.16483700000000001
2895    0.12908700000000001  0.25591599999999998  0.16991200000000001
2896    -0.097064999999999999  0.38655201  0.086570999999999995
2897    -0.112805  0.37923801000000001  0.091817999999999997
2898    0.087883000000000003  0.38563599999999998  0.087448999999999999
2899    -0.102312  0.38603400999999998  0.086570999999999995
2900    -0.12854499999999999  0.32859701000000002  0.123749
2901    -0.12854499999999999  0.33537301000000003  0.118959
2902    0.070831000000000005  0.38649099999999997  0.086570999999999995
2903    0.118052  0.37021800999999999  0.097064999999999999
2904    0.12329900000000001  0.32792199  0.12491099999999999
2905    0.12329900000000001  0.33579200999999997  0.11944100000000001
2906    -0.13379199999999999  0.27751799999999999  0.15536900000000001
2907    0.097064999999999999  0.38562598999999997  0.086570999999999995
2908    -0.13415199999999999  0.192388  0.20740101
2909    -0.107558  0.38488700999999997  0.086570999999999995
2910    -0.13903899  0.21862999999999999  0.19150600000000001
2911    -0.089194999999999997  0.38681701000000002  0.086570999999999995
2912    0.12854499999999999  0.27316499  0.15881300000000001
2913    0.118052  0.18626000000000001  0.21265000000000001
2914    0.13379199999999999  0.21868098999999999  0.19201799999999999
2915    0.13379199999999999  0.21249399999999999  0.195741
2916    0.112805  0.37798600999999998  0.091817999999999997
2917    0.086570999999999995  0.38635701  0.086570999999999995
2918    -0.13903899  0.20200001000000001  0.20110798999999999
2919    -0.13903899  0.20724699999999999  0.19814301000000001
2920    -0.13903899  0.22659101000000001  0.18626000000000001
2921    -0.13903899  0.233705  0.18115500000000001
2922    0.12854499999999999  0.19150600000000001  0.20840099000000001
2923    0.13379199999999999  0.20724699999999999  0.198351
2924    0.13379199999999999  0.22800501000000001  0.18609500000000001
2925    0.133104  0.20200001000000001  0.20155200000000001
2926    0.12854499999999999  0.28070100999999997  0.15358300999999999
2927    0.12854499999999999  0.28648400000000002  0.14953200999999999
2928    -0.13379199999999999  0.28620299999999999  0.14953200999999999
2929    0.12329900000000001  0.18626000000000001  0.21175499
2930    -0.12329900000000001  0.36882799999999999  0.097064999999999999
2931    -0.118052  0.37659901000000001  0.091817999999999997
2932    -0.12854499999999999  0.34422599999999998  0.112805
2933    0.12329900000000001  0.34674701000000002  0.111855
2934    -0.12854499999999999  0.18626000000000001  0.21071698999999999
2935    -0.13379199999999999  0.29311000999999998  0.14451900000000001
2936    -0  0.38653599999999999  0.086570999999999995
2937    0.13379199999999999  0.23422799999999999  0.18147901
2938    -0.12854499999999999  0.35220000000000001  0.10698299999999999
2939    -0.064929000000000001  0.38651299  0.086570999999999995
2940    -0.044596999999999998  0.38638498999999998  0.086570999999999995
2941    0.102312  0.38472199000000001  0.086570999999999995
2942    0.12329900000000001  0.353605  0.107142
2943    -0.13903899  0.19675300000000001  0.20314699
2944    0.049843999999999999  0.38628599000000002  0.086570999999999995
2945    -0.081324999999999995  -0.028857000000000001  0.34771600000000003
2946    -0.17051899000000001  0.41524199000000001  0.055091000000000001
2947    0.086188000000000001  -0.039350999999999997  0.35441898999999999
2948    -0.20200001000000001  0.16470398999999999  0.21731600000000001
2949    -0.21773999999999999  0.048987999999999997  0.29644199999999998
2950    0.21773999999999999  0.020986999999999999  0.312801
2951    -0.160026  0.43990900999999999  0.034104000000000002
2952    0.12854499999999999  0.29119500999999998  0.145896
2953    0.126029  0.29644199999999998  0.14428600999999999
2954    0.20217500999999999  0.13709400999999999  0.23647401000000001
2955    0.14953200999999999  0.44273001000000001  0.033072999999999998
2956    -0.18626000000000001  0.29644199999999998  0.13163801
2957    -0.18626000000000001  0.30121300000000001  0.12817200000000001
2958    0.065584000000000003  -0.023609999999999999  0.34378901000000001
2959    0.17051899000000001  0.38898700000000003  0.073804999999999996
2960    0.160026  0.43615400999999998  0.039350999999999997
2961    0.154779  0.44132599  0.034104000000000002
2962    -0.18159001  0.33352700000000002  0.10781
2963    -0.18101300000000001  0.34162101  0.102312
2964    -0.20200001000000001  0.170792  0.21269099
2965    -0.20200001000000001  0.17893800000000001  0.206451
2966    -0.22298699999999999  0.023099000000000001  0.31179199000000002
2967    0.20724699999999999  0.091072  0.268401
2968    0.12329900000000001  0.359651  0.102312
2969    0.134434  0.19675300000000001  0.20244799999999999
2970    -0.107886  0.443351  0.031650999999999999
2971    -0.13772701000000001  0.44401699  0.029982000000000002
2972    -0.13379199999999999  0.30091899999999999  0.13903899
2973    0.107558  0.38303398999999999  0.086570999999999995
2974    -0.14953200999999999  0.44383099999999998  0.02971
2975    -0.049188000000000003  0.443351  0.032219999999999999
2976    -0.19150600000000001  0.25446798999999998  0.15786
2977    -0.22823399  -0.018915999999999999  0.33799401000000001
2978    0.118052  0.37482198999999999  0.091817999999999997
2979    0.22298699999999999  -0.023609999999999999  0.34078800999999997
2980    0.12854499999999999  0.33712198999999998  0.112805
2981    -0.091817999999999997  -0.038018000000000003  0.35415598999999998
2982    -0.23348099999999999  -0.051243999999999998  0.35842001000000001
2983    -0.23348099999999999  -0.055091000000000001  0.36151800000000001
2984    0.213028  0.055405000000000003  0.29142600000000002
2985    0.21249399999999999  0.063266000000000003  0.28594800999999997
2986    -0.12854499999999999  0.35818698999999998  0.102312
2987    0.12854499999999999  0.33108500000000002  0.117369
2988    0.12840198999999999  0.30168799000000002  0.13891301
2989    -0.13903899  0.27743199000000002  0.15010599999999999
2990    0.21773999999999999  0.029269  0.30693501000000001
2991    -0.13379199999999999  0.33533700999999999  0.113816
2992    0.097064999999999999  -0.060338000000000003  0.36793198999999999
2993    0.18101300000000001  0.30197600000000002  0.12874299
2994    0.22823399  -0.051069999999999997  0.35848099
2995    0.22823399  -0.055091000000000001  0.36177900000000002
2996    0.22823399  -0.045406000000000002  0.35415598999999998
2997    0.22823399  -0.057863999999999999  0.364649
2998    -0.20724699999999999  0.13324900000000001  0.23826900000000001
2999    -0.105202  -0.060338000000000003  0.36989599000000001
3000    0.17576601  0.34410598999999997  0.102312
3001    0.165273  0.42313700999999998  0.050618999999999997
3002    -0.112805  0.38247499000000001  0.086570999999999995
3003    -0.19675300000000001  0.21175099999999999  0.185673
3004    -0.091652999999999998  -0.039350999999999997  0.35428198999999999
3005    0.19689899999999999  0.18637398999999999  0.20207900000000001
3006    -0.154779  0.44363299  0.029385000000000001
3007    -0.23348099999999999  -0.058175999999999999  0.364649
3008    0.13379199999999999  0.26194899999999999  0.16117901000000001
3009    0.13436501000000001  0.25446798999999998  0.16579000999999999
3010    -0.13903899  0.23872699999999999  0.17740101
3011    -0.13903899  0.24263199999999999  0.17480201000000001
3012    0.18626000000000001  0.26041599999999998  0.15529200000000001
3013    -0.17576601  0.37522599000000001  0.081324999999999995
3014    0.18626000000000001  0.26641300000000001  0.15057901000000001
3015    0.17576601  0.35082700999999999  0.097308000000000006
3016    0.20724699999999999  0.102281  0.25968798999999998
3017    0.13304099  0.24135098999999999  0.17691000000000001
3018    -0.21249399999999999  0.093711000000000003  0.264961
3019    -0.19675300000000001  0.21775199000000001  0.18102199999999999
3020    -0.19675300000000001  0.22373699999999999  0.176311
3021    0.097064999999999999  0.44564301000000001  0.028857000000000001
3022    0.13116901  0.44571701000000002  0.028857000000000001
3023    0.068863999999999995  0.44570500000000002  0.028857000000000001
3024    0.013117  0.44531900000000002  0.028857000000000001
3025    -0.059026000000000002  0.44527501000000003  0.028857000000000001
3026    -0.10362300000000001  0.44499701000000003  0.028857000000000001
3027    0.14166200000000001  0.44553198999999999  0.028857000000000001
3028    -0.22298699999999999  -0.057251999999999997  0.36989599000000001
3029    -0.20724699999999999  0.13895900999999999  0.23340900000000001
3030    -0.049843999999999999  -0.013117  0.33753898999999998
3031    -0.160026  0.44301400000000002  0.028857000000000001
3032    -0.102312  -0.060338000000000003  0.36763500999999998
3033    0.20200001000000001  0.14639799000000001  0.22904400999999999
3034    0.20200001000000001  0.154364  0.22261
3035    -0.17051899000000001  0.42122399999999999  0.049843999999999999
3036    0.222775  -0.013117  0.332986
3037    -0.19150600000000001  0.25923899  0.15441199999999999
3038    -0.17576601  0.38111600000000001  0.076602000000000003
3039    -0.21773999999999999  0.055315999999999997  0.29137000000000002
3040    -0.21773999999999999  0.062122999999999998  0.28594800999999997
3041    -0.13903899  0.270509  0.15499499
3042    -0.13903899  0.26417899  0.15951199999999999
3043    -0.13379199999999999  0.32955300999999998  0.118052
3044    -0.21249399999999999  0.10034999999999999  0.25971401
3045    0.102669  -0.070831000000000005  0.37485400000000002
3046    -0.12854499999999999  0.364649  0.096143000000000006
3047    0.21249001000000001  0.073152999999999996  0.27782199000000002
3048    -0.22823399  -0.057121999999999999  0.36989599000000001
3049    -0.22846900000000001  -0.012947  0.333285
3050    -0.20200001000000001  0.18550301  0.20137399
3051    -0.086570999999999995  -0.034104000000000002  0.35028200999999998
3052    0.160026  0.43867900999999998  0.035101
3053    -0.13379199999999999  0.30752700999999999  0.13417799999999999
3054    -0.18101300000000001  0.34820699999999999  0.097064999999999999
3055    -0.23348099999999999  -0.045385000000000002  0.35415598999999998
3056    0.154779  0.44375101  0.029665
3057    -0.165273  0.43775299000000001  0.034104000000000002
3058    0.21773999999999999  -0.056856999999999998  0.36989599000000001
3059    -0.18654799  0.30737199999999998  0.12329900000000001
3060    -0.18626000000000001  0.31336501  0.11888600000000001
3061    0.16916201  0.40137698999999999  0.065584000000000003
3062    0.19150600000000001  0.22789398999999999  0.17546700000000001
3063    -0.107999  -0.070831000000000005  0.37471800999999999
3064    -0.19168099999999999  0.26510899999999998  0.14963098999999999
3065    0.21773999999999999  0.035084999999999998  0.30238198999999999
3066    0.14953200999999999  0.44761299999999998  0.023609999999999999
3067    0.14428600999999999  0.44800201000000001  0.023609999999999999
3068    0.19374200999999999  0.19675300000000001  0.19675300000000001
3069    -0.13641600000000001  0.44727298999999998  0.023609999999999999
3070    0.060338000000000003  0.44830399999999998  0.023609999999999999
3071    -0.22298699999999999  0.029523000000000001  0.30693501000000001
3072    -0.14953200999999999  0.44689801000000001  0.023609999999999999
3073    0.18101300000000001  0.30806099999999997  0.124138
3074    0.18049100000000001  0.31575199999999998  0.11874700000000001
3075    -0.154779  0.44645499999999999  0.023609999999999999
3076    0.12854499999999999  0.30693501000000001  0.13511500000000001
3077    0.165273  0.42850599  0.044596999999999998
3078    0.17051899000000001  0.39786100000000002  0.066835000000000006
3079    0.204981  0.118052  0.249221
3080    0.091381000000000004  -0.049843999999999999  0.35991098999999999
3081    0.104935  0.44819199999999998  0.023609999999999999
3082    0.13116901  0.44829401000000002  0.023609999999999999
3083    -0.057714000000000001  0.44784798999999997  0.023609999999999999
3084    -0.091817999999999997  0.447662  0.023609999999999999
3085    -0.010821000000000001  0.44777599000000001  0.023609999999999999
3086    0.018363999999999998  0.44784900999999999  0.023609999999999999
3087    0.13370599999999999  0.24914898999999999  0.17047298999999999
3088    0.12329900000000001  0.36501499999999998  0.097411999999999999
3089    0.17544000000000001  0.35916501000000001  0.091604000000000005
3090    0.20724699999999999  0.111152  0.25246099
3091    0.19537599  0.20200001000000001  0.19150600000000001
3092    -0.13379199999999999  0.32253900000000002  0.123205
3093    -0.22823399  -0.0046210000000000001  0.32722801000000001
3094    0.131355  0.31218201000000001  0.12854499999999999
3095    -0.13883798999999999  0.24907199999999999  0.17042199999999999
3096    -0.139484  0.25446798999999998  0.165712
3097    -0.13778999  0.25971401  0.16400698999999999
3098    -0.20724699999999999  0.14464299  0.22852001
3099    -0.084273000000000001  -0.028857000000000001  0.34890898999999997
3100    0.112858  -0.076078000000000007  0.38034900999999999
3101    -0.19675300000000001  0.23160701  0.17013299000000001
3102    -0.20775399999999999  0.14996699999999999  0.223325
3103    -0.22298699999999999  0.037158999999999998  0.30052098999999999
3104    -0.22220200000000001  0.043431999999999998  0.29644199999999998
3105    0.20923901  0.086570999999999995  0.270208
3106    0.22031598999999999  -0  0.32529899000000001
3107    0.22337699999999999  -0.0075589999999999997  0.32813901000000001
3108    0.19723300999999999  0.19194600000000001  0.19708100000000001
3109    -0.13428999  0.31296000000000002  0.12961900000000001
3110    -0.13311200000000001  0.31742901000000001  0.12784899999999999
3111    0.18590899999999999  0.27519800999999999  0.14405399999999999
3112    0.118052  -0.061696000000000001  0.37514299000000001
3113    0.12881801000000001  0.32267498999999999  0.12329900000000001
3114    0.12537699999999999  0.32792199  0.12329900000000001
3115    -0.21773999999999999  0.068858000000000003  0.28009700999999998
3116    -0.17576601  0.38894500999999998  0.070253999999999997
3117    -0.160026  0.44530999999999998  0.023609999999999999
3118    -0.20200001000000001  0.191245  0.19675300000000001
3119    0.17702799999999999  0.32792199  0.112805
3120    -0.096879000000000007  -0.049843999999999999  0.35964300999999999
3121    0.13597999999999999  0.23872699999999999  0.17576601
3122    -0.23351499000000001  -0.039323999999999998  0.34893100999999999
3123    -0.17051899000000001  0.42599499000000002  0.044596999999999998
3124    0.081324999999999995  -0.034104000000000002  0.35072400999999997
3125    0.21722200999999999  0.043767  0.29644199999999998
3126    -0.19150600000000001  0.27340200999999997  0.14343998999999999
3127    0.191609  0.23358101000000001  0.17059500999999999
3128    0.20205300000000001  0.16007299999999999  0.217776
3129    0.22813299000000001  -0.039413999999999998  0.34884598999999999
3130    -0.060338000000000003  -0.018363999999999998  0.33913000999999998
3131    0.154779  0.44658700000000001  0.023609999999999999
3132    -0.071701000000000001  -0.023609999999999999  0.34317699000000002
3133    -0.21249399999999999  0.107085  0.25406699999999999
3134    -0.21258300999999999  0.11287800000000001  0.249276
3135    -0.165273  0.44051400000000002  0.028857000000000001
3136    0.12329900000000001  -0.058531  0.37514299000000001
3137    0.12815499  0.31742901000000001  0.12812299999999999
3138    0.160026  0.44204599  0.028857000000000001
3139    -0.18118398999999999  0.35448300999999999  0.091817999999999997
3140    0.182615  0.28594800999999997  0.13903899
3141    0.212782  0.081581000000000001  0.270403
3142    0.17227200000000001  0.36989599000000001  0.086570999999999995
3143    -0.121808  0.37394698999999998  0.091817999999999997
3144    -0.112805  -0.076078000000000007  0.37789898999999999
3145    -0.118474  -0.076078000000000007  0.38038999000000001
3146    -0.22783101  0.0023149999999999998  0.32241300000000001
3147    0.19897000000000001  0.17051899000000001  0.21249399999999999
3148    0.170295  0.40644601000000002  0.060165000000000003
3149    0.13166600000000001  0.25971401  0.165273
3150    -0.19649900000000001  0.238316  0.165273
3151    -0.18626000000000001  0.31742901000000001  0.115622
3152    -0.18568999999999999  0.32179799999999997  0.112805
3153    -0.17879  0.364649  0.086570999999999995
3154    -0.21773999999999999  0.074412000000000006  0.27545500000000001
3155    0.188913  0.243974  0.165273
3156    -0.13379199999999999  0.44936699000000002  0.018363999999999998
3157    -0.095424999999999996  0.44965199  0.018363999999999998
3158    -0.057057999999999998  0.44986299000000002  0.018363999999999998
3159    -0.014429000000000001  0.44983599000000002  0.018363999999999998
3160    0.034104000000000002  0.45007899000000001  0.018363999999999998
3161    0.078478999999999993  -0.034104000000000002  0.34890898999999997
3162    0.13116901  0.45035600999999997  0.018363999999999998
3163    0.080013000000000001  0.45029398999999998  0.018363999999999998
3164    0.14166200000000001  0.45012700999999999  0.018363999999999998
3165    -0.17530899999999999  0.395401  0.065584000000000003
3166    0.17350199999999999  0.37514299000000001  0.081324999999999995
3167    -0.190993  0.27985000999999998  0.13903899
3168    0.165273  0.43239701000000003  0.039350999999999997
3169    -0.14953200999999999  0.44895100999999998  0.018363999999999998
3170    -0.154779  0.44847900000000002  0.018363999999999998
3171    -0.202178  0.196913  0.191631
3172    0.19983600000000001  0.17576601  0.20724699999999999
3173    -0.17200599999999999  0.40662301000000001  0.060338000000000003
3174    0.20668800000000001  0.122895  0.24359700000000001
3175    0.20679900000000001  0.12854499999999999  0.23872699999999999
3176    0.224934  -0.026234  0.34103899999999998
3177    0.113707  -0.070831000000000005  0.38038999000000001
3178    -0.20724699999999999  0.15812399999999999  0.21721599999999999
3179    0.18093598999999999  0.32260799000000001  0.112737
3180    0.13164100000000001  0.29644199999999998  0.13903899
3181    -0.233739  -0.033869999999999997  0.34384501000000001
3182    -0.22832  0.0080429999999999998  0.31742901000000001
3183    0.22271299  0.007607  0.31718200000000002
3184    0.186226  0.28070100999999997  0.13903899
3185    0.189776  0.249221  0.160026
3186    0.098333000000000004  -0.065584000000000003  0.36989599000000001
3187    0.17583599999999999  0.36480400000000002  0.086570999999999995
3188    0.22298699999999999  -0.056785000000000002  0.36989599000000001
3189    -0.160026  0.44729200000000002  0.018363999999999998
3190    -0.21748100000000001  0.080920000000000006  0.270208
3191    0.228324  -0.034026000000000001  0.34372601000000003
3192    0.21052599999999999  0.094441999999999998  0.26233801000000001
3193    0.23069999999999999  -0.060338000000000003  0.364649
3194    0.226239  -0.018363999999999998  0.33316900999999999
3195    0.20220300999999999  0.16549399000000001  0.212669
3196    -0.210536  0.12854499999999999  0.23872699999999999
3197    0.17838100000000001  0.33316900999999999  0.107558
3198    -0.17051899000000001  0.42873098999999998  0.040891999999999998
3199    -0.19961499999999999  0.20724699999999999  0.18626000000000001
3200    -0.21282699999999999  0.118367  0.24422099999999999
3201    0.19675300000000001  0.198825  0.19211701
3202    0.19175600000000001  0.23902300000000001  0.16550501000000001
3203    -0.20686099999999999  0.16455600000000001  0.21249399999999999
3204    -0.12595700000000001  -0.060338000000000003  0.37514299000000001
3205    -0.12854499999999999  -0.058698  0.37514299000000001
3206    0.21735001000000001  0.049843999999999999  0.29119500999999998
3207    0.179199  0.33841600999999999  0.102312
3208    -0.22610400999999999  0.018363999999999998  0.31218201000000001
3209    0.17046  0.41187000000000001  0.055091000000000001
3210    0.16060199999999999  0.44375700000000001  0.023609999999999999
3211    0.23040199  -0.055091000000000001  0.35940301000000002
3212    0.18395101  0.29119500999999998  0.13379199999999999
3213    -0.203595  0.17576601  0.20724699999999999
3214    0.22298699999999999  -0  0.32254698999999998
3215    0.19605801  0.20724699999999999  0.18626000000000001
3216    -0.19141699000000001  0.28574200999999999  0.13379199999999999
3217    0.16664799999999999  0.42236400000000002  0.049843999999999999
3218    0.21466800999999999  0.060338000000000003  0.28594800999999997
3219    -0.19678499999999999  0.244009  0.160052
3220    0.22021600999999999  0.018363999999999998  0.31218201000000001
3221    -0.12329900000000001  -0.064543000000000003  0.38038999000000001
3222    -0.119628  -0.070831000000000005  0.38038999000000001
3223    -0.165273  0.44284098999999999  0.023609999999999999
3224    -0.22254799  0.049021000000000002  0.29119500999999998
3225    -0.23660800000000001  -0.049843999999999999  0.35415598999999998
3226    -0.17556099999999999  0.40137698999999999  0.060338000000000003
3227    -0.186001  0.32734099  0.107558
3228    -0.18922  0.29644199999999998  0.12854499999999999
3229    0.18479100000000001  0.29644199999999998  0.12854499999999999
3230    0.23126600999999999  -0.049843999999999999  0.35415598999999998
3231    -0.100636  -0.055091000000000001  0.364649
3232    -0.18130500999999999  0.35975098999999999  0.086839
3233    -0.21757299999999999  0.086570999999999995  0.264961
3234    0.22116200999999999  0.023609999999999999  0.30693501000000001
3235    0.20385800000000001  0.14166200000000001  0.23085700000000001
3236    -0.20441999999999999  0.18101300000000001  0.20200001000000001
3237    -0.20688200000000001  0.17051899000000001  0.20724699999999999
3238    -0.23883600999999999  -0.060215999999999999  0.35953700999999999
3239    -0.20230899999999999  0.20232998999999999  0.186526
3240    -0.22251599999999999  0.055091000000000001  0.28594800999999997
3241    -0.212952  0.12379999999999999  0.23914299999999999
3242    0.118052  -0.063331999999999999  0.38038999000000001
3243    0.207036  0.13379199999999999  0.23348099999999999
3244    -0.075999999999999998  -0.028955999999999999  0.34378399999999998
3245    -0.233824  -0.028489  0.33871999000000003
3246    0.165154  0.43651899999999999  0.031481000000000002
3247    -0.233932  -0.059964999999999997  0.36989599000000001
3248    0.22899599000000001  -0.059746  0.36989599000000001
3249    0.010494  -0.028857000000000001  -0.26715898999999999
3250    -0.011805  -0.021042999999999999  -0.26373401000000002
3251    0.015084  -0.019678000000000001  -0.26313701
3252    0.026234  -0.032613999999999997  -0.26882800000000001
3253    -0.015740000000000001  -0.028857000000000001  -0.26720699999999997
3254    -0  -0.012460000000000001  -0.25971401
3255    -0.010494  -0.012362  -0.25971401
3256    -0.028857000000000001  -0.012534999999999999  -0.259965
3257    -0.039350999999999997  -0.011384999999999999  -0.25971401
3258    -0.036727000000000003  -0.022932000000000001  -0.26502901000000001
3259    -0.028857000000000001  -0.028857000000000001  -0.267378
3260    -0.034104000000000002  -0.0026229999999999999  -0.25600698999999999
3261    -0.023609999999999999  -0.0078700000000000003  -0.25801500999999999
3262    -0.018363999999999998  -0.0078700000000000003  -0.25786798999999999
3263    -0.044596999999999998  -0.028857000000000001  -0.26808800999999999
3264    -0.047220999999999999  -0.020501999999999999  -0.26438200000000001
3265    -0.049843999999999999  -0.0090270000000000003  -0.25920901000000002
3266    -0.049843999999999999  0.0026229999999999999  -0.25455498999999998
3267    -0.044596999999999998  0.0078700000000000003  -0.25228499999999998
3268    0.010494  -0.012096000000000001  -0.25971401
3269    0.031481000000000002  -0.015332  -0.26139500999999998
3270    0.023609999999999999  -0.0078700000000000003  -0.25814198999999999
3271    0.031481000000000002  -0.0078700000000000003  -0.25823300999999999
3272    0.013117  -0.0078700000000000003  -0.257909
3273    0.023609999999999999  -0.0026229999999999999  -0.25579000000000002
3274    0.0091819999999999992  -0.035847999999999998  -0.26996200999999997
3275    -0.023609999999999999  -0.036153999999999999  -0.270208
3276    -0.010494  -0.060338000000000003  -0.28053700999999998
3277    -0.022298999999999999  -0.046599000000000002  -0.27456598999999998
3278    0.011805  -0.060650999999999997  -0.28065601000000001
3279    -0.031481000000000002  -0.055091000000000001  -0.27832201000000001
3280    -0.023609999999999999  -0.065584000000000003  -0.28282099999999999
3281    0.023609999999999999  -0.070831000000000005  -0.28525500999999998
3282    0.015084  -0.050879000000000001  -0.27635198999999999
3283    0.030169000000000001  -0.055091000000000001  -0.27832699
3284    -0.034104000000000002  -0.046290999999999999  -0.27471300999999998
3285    -0.039350999999999997  -0.055091000000000001  -0.278611
3286    0.038695  -0.023276000000000002  -0.26527199000000001
3287    0.036727000000000003  -0.041526  -0.27291599
3288    0.041973999999999997  -0.055091000000000001  -0.278833
3289    0.028857000000000001  -0.071942000000000006  -0.28594800999999997
3290    0.049843999999999999  -0.067426  -0.28477799999999998
3291    0.041973999999999997  -0.070887000000000006  -0.28598201000000001
3292    0.041973999999999997  -0.0078700000000000003  -0.25860899999999998
3293    -0.028857000000000001  -0.065584000000000003  -0.28297098999999998
3294    -0.042630000000000001  -0.068208000000000005  -0.28465399000000002
3295    -0.057714000000000001  -0.073455000000000006  -0.28782299
3296    -0.052468000000000001  -0.065584000000000003  -0.28391501000000002
3297    -0.034104000000000002  -0.070831000000000005  -0.285528
3298    0.052468000000000001  -0.015740000000000001  -0.262714
3299    0.052139999999999999  -0.025916000000000002  -0.26733499999999999
3300    0.052468000000000001  -0.0078700000000000003  -0.25930300000000001
3301    0.013117  -0.065584000000000003  -0.28270599000000002
3302    0.0078700000000000003  -0.065584000000000003  -0.28250598999999998
3303    0.0026229999999999999  -0.065584000000000003  -0.28227999999999998
3304    0.034104000000000002  0.0026229999999999999  -0.25421800999999999
3305    -0.039350999999999997  -0.076078000000000007  -0.28823701000000002
3306    -0.0026229999999999999  -0.065584000000000003  -0.28216999999999998
3307    0.039350999999999997  0.0078700000000000003  -0.25251201000000001
3308    0.044596999999999998  0.0078700000000000003  -0.25279700999999999
3309    0.047220999999999999  -0.0026229999999999999  -0.25688100000000003
3310    -0.044596999999999998  -0.076078000000000007  -0.28859699
3311    -0.044596999999999998  -0.081324999999999995  -0.29102500999999997
3312    -0.028857000000000001  -0.070831000000000005  -0.28516299000000001
3313    -0.018363999999999998  -0.065584000000000003  -0.28264999000000002
3314    -0.067552000000000001  -0.04922  -0.27802399
3315    -0.078700999999999993  -0.034104000000000002  -0.27242199
3316    -0.063288999999999998  -0.031505999999999999  -0.27038499999999999
3317    -0.087226999999999999  -0.051719000000000001  -0.28001200999999998
3318    -0.095097000000000001  -0.040661999999999997  -0.27583000000000002
3319    -0.092474000000000001  -0.027983999999999998  -0.27043899999999998
3320    -0.107558  -0.028857000000000001  -0.271395
3321    -0.10100000000000001  -0.001946  -0.25971401
3322    -0.083292000000000005  -0.010326999999999999  -0.26250800000000002
3323    -0.093785999999999994  -0.010494  -0.26314700000000002
3324    -0.102312  -0.018363999999999998  -0.26690301
3325    -0.085260000000000002  -0.020986999999999999  -0.26723598999999998
3326    -0.065584000000000003  -0.023609999999999999  -0.26719499000000002
3327    -0.081324999999999995  -0.065942000000000001  -0.28579101000000001
3328    -0.070831000000000005  -0.013117  -0.26278298999999999
3329    -0.12329900000000001  -0.049843999999999999  -0.28030500000000003
3330    -0.15773100000000001  -0.041318000000000001  -0.27778900000000001
3331    -0.18101300000000001  -0.028857000000000001  -0.27365299999999998
3332    -0.154779  -0.028857000000000001  -0.27255099999999999
3333    -0.14822099999999999  -0.061018999999999997  -0.28564899999999999
3334    -0.137071  -0.036053000000000002  -0.27499499999999999
3335    -0.111494  -0.062005999999999999  -0.28518501000000002
3336    -0.097064999999999999  -0.064818000000000001  -0.28594800999999997
3337    -0.17904501  -0.040661999999999997  -0.27845201000000003
3338    -0.17838999999999999  -0.059218  -0.286082
3339    -0.118052  -0.024695999999999999  -0.26978998999999998
3340    -0.154779  -0.023609999999999999  -0.27020698999999998
3341    -0.14658098999999999  -0.014876  -0.26637699999999997
3342    -0.11674  -0.018363999999999998  -0.26720699999999997
3343    -0.19806499999999999  -0.033738999999999998  -0.27607199999999998
3344    -0.199377  -0.019664999999999998  -0.270208
3345    -0.199377  -0.047406999999999998  -0.28167798999999999
3346    -0.20200001000000001  -0.057507999999999997  -0.28594800999999997
3347    -0.17838999999999999  -0.021183  -0.270208
3348    -0.18101300000000001  -0.013117  -0.26701200000000003
3349    -0.19675300000000001  -0.0090900000000000009  -0.26577898999999999
3350    -0.21249399999999999  -0.040393999999999999  -0.27934700000000001
3351    -0.20724699999999999  -0.032792000000000002  -0.27610001000000001
3352    -0.20724699999999999  -0.018558999999999999  -0.27013000999999998
3353    -0.20724699999999999  -0.0099810000000000003  -0.26666400000000001
3354    -0.20200001000000001  0.0026229999999999999  -0.26116201
3355    -0.20724699999999999  0.003565  -0.26093098999999997
3356    -0.20724699999999999  0.021121000000000001  -0.25334200000000001
3357    -0.21249399999999999  -0.062246000000000003  -0.28866401000000003
3358    -0.084603999999999999  -0.079144999999999993  -0.29210599999999998
3359    -0.086570999999999995  0.0026229999999999999  -0.25724300999999999
3360    -0.097064999999999999  0.018363999999999998  -0.25100401
3361    -0.080013000000000001  0.024253  -0.24776500000000001
3362    -0.073455000000000006  0.013117  -0.25210100000000002
3363    -0.055091000000000001  0.018363999999999998  -0.24897701
3364    -0.104935  0.0078700000000000003  -0.25574499000000001
3365    -0.07739  -0.0038760000000000001  -0.25927900999999998
3366    -0.059026000000000002  0.0014519999999999999  -0.25566101000000002
3367    -0.055091000000000001  0.013117  -0.25100201
3368    -0.060338000000000003  0.028857000000000001  -0.24507699999999999
3369    -0.21249399999999999  -0.026234  -0.27321299999999998
3370    -0.107558  -0.075772999999999993  -0.29147601000000001
3371    -0.097064999999999999  -0.086941000000000004  -0.29626798999999998
3372    -0.07739  -0.086570999999999995  -0.29512399
3373    -0.061649000000000002  -0.083640999999999993  -0.29293200000000003
3374    -0.18101300000000001  -0.082006999999999997  -0.29614201000000001
3375    -0.199377  -0.074043999999999999  -0.29315998999999998
3376    -0.16396099  -0.074782000000000001  -0.29243499000000001
3377    -0.14494199999999999  -0.075386999999999996  -0.29208498999999999
3378    -0.15609100000000001  -0.083551  -0.29594000999999998
3379    -0.13838300000000001  -0.083345000000000002  -0.29544300000000001
3380    -0.15609100000000001  -0.094200000000000006  -0.30076301
3381    -0.137071  -0.095726000000000006  -0.30113699999999999
3382    -0.105591  -0.097844  -0.30168799000000002
3383    -0.112805  -0.104935  -0.30497398999999997
3384    -0.13903899  -0.107558  -0.30630299
3385    -0.115429  -0.115429  -0.30960500000000002
3386    -0.14723700000000001  -0.114117  -0.30928000999999999
3387    -0.14953200999999999  -0.122034  -0.31277298999999997
3388    -0.112805  -0.12232  -0.31259301
3389    -0.099031999999999995  -0.115429  -0.30927600999999999
3390    -0.086570999999999995  -0.123096  -0.31226701000000001
3391    -0.091817999999999997  -0.10362300000000001  -0.30386001000000001
3392    -0.070831000000000005  -0.11608300000000001  -0.30854799999999999
3393    -0.070831000000000005  -0.107558  -0.30471700000000002
3394    -0.079356999999999997  -0.099711999999999995  -0.301568
3395    -0.060338000000000003  -0.102312  -0.30208299
3396    -0.060338000000000003  -0.12329900000000001  -0.31154599999999999
3397    -0.060338000000000003  -0.110246  -0.30573498999999998
3398    -0.069518999999999997  -0.095753000000000005  -0.29914400000000002
3399    -0.049843999999999999  -0.081324999999999995  -0.29133998999999999
3400    -0.049843999999999999  -0.086570999999999995  -0.29392998999999997
3401    -0.055091000000000001  -0.091817999999999997  -0.296653
3402    -0.055091000000000001  -0.097064999999999999  -0.29929899999999998
3403    -0.160026  -0.110275  -0.30798598999999999
3404    -0.17051899000000001  -0.12114900000000001  -0.31307200000000002
3405    -0.17510999999999999  -0.10603899999999999  -0.30663099999999999
3406    -0.17051899000000001  -0.096018999999999993  -0.30215901000000001
3407    -0.17838999999999999  -0.097064999999999999  -0.30283200999999998
3408    -0.19544201  -0.105864  -0.30685800000000002
3409    -0.20200001000000001  -0.10029100000000001  -0.304672
3410    -0.204623  -0.118926  -0.31274300999999999
3411    -0.18363599  -0.12095  -0.31319201000000002
3412    -0.19675300000000001  -0.081629999999999994  -0.29630898999999999
3413    -0.21249399999999999  -0.07739  -0.29525100999999998
3414    -0.21773999999999999  -0.102312  -0.30637198999999998
3415    -0.21249399999999999  -0.089212  -0.30051401
3416    -0.21773999999999999  -0.114311  -0.31155300000000002
3417    -0.21773999999999999  -0.091778999999999999  -0.301705
3418    -0.099031999999999995  -0.131549  -0.31593999
3419    -0.076078000000000007  -0.13379199999999999  -0.31615299000000002
3420    -0.17314299999999999  -0.13116901  -0.31718200000000002
3421    -0.19413  -0.12854499999999999  -0.31635299
3422    -0.14953200999999999  -0.13118099999999999  -0.31639400000000001
3423    -0.13903899  -0.13126399999999999  -0.31624001000000002
3424    -0.112805  -0.12854499999999999  -0.314969
3425    -0.204623  -0.12990599999999999  -0.31720299000000002
3426    -0.076078000000000007  -0.14428600999999999  -0.32059300000000002
3427    -0.10886999999999999  -0.146258  -0.32236399999999998
3428    -0.060338000000000003  -0.13116901  -0.31479098999999999
3429    -0.060338000000000003  -0.14166200000000001  -0.31910601
3430    -0.060338000000000003  -0.15215600000000001  -0.32357001000000002
3431    -0.086570999999999995  -0.148811  -0.32299
3432    -0.075093999999999994  -0.162912  -0.32862999999999998
3433    -0.097064999999999999  -0.158555  -0.32735198999999998
3434    -0.13838300000000001  -0.15677799000000001  -0.32709101000000002
3435    -0.14100599  -0.14711099999999999  -0.32304498999999998
3436    -0.16133800000000001  -0.141818  -0.32128700999999998
3437    -0.14953200999999999  -0.15215600000000001  -0.325351
3438    -0.17314299999999999  -0.14408298999999999  -0.32276498999999997
3439    -0.17183100000000001  -0.15577199999999999  -0.32766699999999999
3440    -0.154779  -0.15895300000000001  -0.32841700000000001
3441    -0.19675300000000001  -0.14102100000000001  -0.32178199000000002
3442    -0.207903  -0.13975800999999999  -0.32161500999999998
3443    -0.199377  -0.15510099999999999  -0.32792199
3444    -0.20987  -0.15424499999999999  -0.32795598999999998
3445    -0.21773999999999999  -0.13123000000000001  -0.31846401000000002
3446    -0.22298699999999999  -0.15084399000000001  -0.32720399
3447    -0.18363599  -0.15545999999999999  -0.32780999
3448    -0.089194999999999997  -0.168182  -0.33154199000000001
3449    -0.078045000000000003  -0.174097  -0.333729
3450    -0.089194999999999997  -0.179701  -0.33661601000000002
3451    -0.078700999999999993  -0.19675300000000001  -0.34335101000000001
3452    -0.090506000000000003  -0.19603599999999999  -0.34366198999999997
3453    -0.104279  -0.18232501000000001  -0.33809899999999998
3454    -0.15084399000000001  -0.19309200000000001  -0.34366198999999997
3455    -0.14100599  -0.18363599  -0.33922201000000002
3456    -0.120675  -0.19444500000000001  -0.34366198999999997
3457    -0.122643  -0.20862  -0.35021099
3458    -0.099687999999999999  -0.20593500000000001  -0.34852298999999998
3459    -0.120019  -0.21742900000000001  -0.35410198999999998
3460    -0.086244000000000001  -0.21803500000000001  -0.35361399999999998
3461    -0.089194999999999997  -0.20593500000000001  -0.34819298999999998
3462    -0.065584000000000003  -0.21773999999999999  -0.35271201000000002
3463    -0.15871399999999999  -0.20572299999999999  -0.34983701
3464    -0.14428600999999999  -0.216306  -0.35415598999999998
3465    -0.165273  -0.21364900000000001  -0.35362600999999999
3466    -0.18363599  -0.20724699999999999  -0.35118200999999999
3467    -0.17051899000000001  -0.19162001000000001  -0.34366198999999997
3468    -0.18626000000000001  -0.191165  -0.34379500000000002
3469    -0.21052599999999999  -0.20174600000000001  -0.34931098999999999
3470    -0.20724699999999999  -0.18992101  -0.34366198999999997
3471    -0.15412298999999999  -0.17694201000000001  -0.33650699000000001
3472    -0.17904501  -0.18232501000000001  -0.33977601000000002
3473    -0.174455  -0.16381501000000001  -0.33142099000000003
3474    -0.13330001  -0.17215399000000001  -0.333978
3475    -0.10362300000000001  -0.16806699  -0.33177799000000002
3476    -0.20068800000000001  -0.18101300000000001  -0.33953898999999998
3477    -0.20068800000000001  -0.165718  -0.33280599
3478    -0.21249399999999999  -0.16547200000000001  -0.33316900999999999
3479    -0.22298699999999999  -0.19150600000000001  -0.34509799000000002
3480    -0.22298699999999999  -0.179701  -0.33994001000000001
3481    -0.22298699999999999  -0.160026  -0.33140901
3482    -0.20987  -0.21259400000000001  -0.35411199999999998
3483    -0.199377  -0.212918  -0.35396298999999998
3484    -0.22298699999999999  -0.21249399999999999  -0.35470399000000002
3485    -0.22823399  -0.20855799  -0.35303100999999998
3486    -0.219052  -0.21773999999999999  -0.35702299999999998
3487    -0.21183800999999999  -0.227071  -0.36089799
3488    -0.22823399  -0.23096099  -0.36340201
3489    -0.22823399  -0.22012000000000001  -0.35852699999999998
3490    -0.20593500000000001  -0.23638899999999999  -0.364649
3491    -0.21773999999999999  -0.25944999000000002  -0.37514299000000001
3492    -0.21642900000000001  -0.24266199999999999  -0.36786899000000001
3493    -0.20724699999999999  -0.26041299000000001  -0.37514299000000001
3494    -0.20855799  -0.24659701000000001  -0.36922801
3495    -0.19544201  -0.249221  -0.37006
3496    -0.20855799  -0.27159699999999998  -0.38035198999999997
3497    -0.22823399  -0.24479899999999999  -0.369537
3498    -0.22823399  -0.257828  -0.37514299000000001
3499    -0.23348099999999999  -0.243974  -0.36915400999999998
3500    -0.23348099999999999  -0.25604501000000002  -0.37444901000000003
3501    -0.22823399  -0.26930200999999998  -0.38038999000000001
3502    -0.23348099999999999  -0.26890099000000001  -0.38038999000000001
3503    -0.23348099999999999  -0.28348601000000001  -0.38657099
3504    -0.18888300999999999  -0.243974  -0.36778399000000001
3505    -0.165273  -0.243974  -0.367475
3506    -0.16789599999999999  -0.237847  -0.364649
3507    -0.18035698999999999  -0.26110199000000001  -0.37514299000000001
3508    -0.160026  -0.26162899000000001  -0.37514299000000001
3509    -0.184948  -0.22823399  -0.36078799
3510    -0.13379199999999999  -0.23927000000000001  -0.36440399000000001
3511    -0.165273  -0.23348000999999999  -0.36276798999999998
3512    -0.064272999999999997  -0.20724699999999999  -0.34727299
3513    -0.051156  -0.20724699999999999  -0.34655601000000003
3514    -0.059026000000000002  -0.200599  -0.34366198999999997
3515    -0.047220999999999999  -0.20167499999999999  -0.34366198999999997
3516    -0.052468000000000001  -0.19675300000000001  -0.34156701
3517    -0.060338000000000003  -0.19281799999999999  -0.34032199000000002
3518    -0.060338000000000003  -0.175457  -0.33316900999999999
3519    -0.055091000000000001  -0.165273  -0.32858899000000003
3520    -0.049843999999999999  -0.17576601  -0.332818
3521    -0.055091000000000001  -0.160026  -0.32647300000000001
3522    -0.039350999999999997  -0.190612  -0.33879900000000002
3523    -0.023609999999999999  -0.20182601  -0.34375399000000001
3524    -0.049843999999999999  -0.18101300000000001  -0.33500499
3525    -0.220364  -0.28357199  -0.38580399999999998
3526    -0.21773999999999999  -0.29896300999999997  -0.39196800999999998
3527    -0.23348099999999999  -0.29256499000000002  -0.39032899999999998
3528    -0.20724699999999999  -0.28204300999999998  -0.38474900000000001
3529    -0.197409  -0.27160098999999999  -0.38016701000000003
3530    -0.20724699999999999  -0.30693501000000001  -0.39507300000000001
3531    -0.22298699999999999  -0.30693501000000001  -0.39536199
3532    -0.23348099999999999  -0.30693501000000001  -0.39588298999999999
3533    -0.22298699999999999  -0.13903899  -0.32192299000000002
3534    -0.22298699999999999  -0.12854499999999999  -0.31715800999999999
3535    -0.179701  -0.21773999999999999  -0.35588398999999998
3536    -0.044596999999999998  -0.18101300000000001  -0.33467701
3537    -0.034104000000000002  -0.190465  -0.33841600999999999
3538    -0.21773999999999999  -0.083947999999999995  -0.29806399
3539    -0.21773999999999999  -0.073455000000000006  -0.29331401000000001
3540    -0.23348099999999999  -0.23388900000000001  -0.36447400000000002
3541    -0.13903899  -0.22298699999999999  -0.35723799000000001
3542    -0.070831000000000005  -0.231461  -0.35977301
3543    -0.107558  -0.22298699999999999  -0.356543
3544    -0.039350999999999997  -0.20724699999999999  -0.34632998999999998
3545    -0.044596999999999998  -0.17788899999999999  -0.33316900999999999
3546    -0.18101300000000001  0.00051599999999999997  -0.26111098999999999
3547    -0.17117499999999999  0.015921999999999999  -0.25413500999999999
3548    -0.18101300000000001  0.028857000000000001  -0.24912000000000001
3549    -0.16264901000000001  0.026234  -0.249311
3550    -0.16166601  0.037658999999999998  -0.24434800000000001
3551    -0.13903899  0.031481000000000002  -0.24615200000000001
3552    -0.13379199999999999  0.01022  -0.25522801000000001
3553    -0.129857  0.021031999999999999  -0.25046798999999997
3554    -0.104935  0.032792000000000002  -0.24483299
3555    -0.098377000000000006  0.026234  -0.247558
3556    -0.070831000000000005  0.044596999999999998  -0.23866200000000001
3557    -0.104279  0.047220999999999999  -0.23850500999999999
3558    -0.12329900000000001  0.044596999999999998  -0.240008
3559    -0.13379199999999999  0.039350999999999997  -0.242479
3560    -0.13379199999999999  0.052468000000000001  -0.23680999999999999
3561    -0.12526599999999999  0.057714000000000001  -0.23432900000000001
3562    -0.13641600000000001  0.060437999999999999  -0.23341899999999999
3563    -0.12329900000000001  0.065584000000000003  -0.230937
3564    -0.10362300000000001  0.060338000000000003  -0.23283100000000001
3565    -0.13969500000000001  0.076378000000000001  -0.22673499999999999
3566    -0.114117  0.076326000000000005  -0.22622999999999999
3567    -0.104935  0.065584000000000003  -0.23072799999999999
3568    -0.081324999999999995  0.070831000000000005  -0.227909
3569    -0.15346799999999999  0.044596999999999998  -0.24105199999999999
3570    -0.185276  0.039232999999999997  -0.244807
3571    -0.20200001000000001  0.054931000000000001  -0.23865500000000001
3572    -0.19675300000000001  0.061834  -0.23555200000000001
3573    -0.19019499000000001  0.051271999999999998  -0.23980599999999999
3574    -0.15937001000000001  0.070831000000000005  -0.22999901
3575    -0.16855200000000001  0.089342000000000005  -0.22223100000000001
3576    -0.16658400000000001  0.119188  -0.20882398999999999
3577    -0.14428600999999999  0.093210000000000001  -0.219531
3578    -0.15068001  0.115609  -0.20987301
3579    -0.13641600000000001  0.112805  -0.210701
3580    -0.128218  0.093130000000000004  -0.21915599999999999
3581    -0.12329900000000001  0.107558  -0.212814
3582    -0.094441999999999998  0.094441999999999998  -0.21818000000000001
3583    -0.107558  0.089194999999999997  -0.22066399
3584    -0.098377000000000006  0.081324999999999995  -0.22389100000000001
3585    -0.065584000000000003  0.080154000000000003  -0.22396099999999999
3586    -0.065584000000000003  0.065584000000000003  -0.23003000000000001
3587    -0.075422000000000003  0.095097000000000001  -0.21759500000000001
3588    -0.081324999999999995  0.107236  -0.21234900000000001
3589    -0.065584000000000003  0.108156  -0.21185200000000001
3590    -0.08362  0.126358  -0.20407400000000001
3591    -0.065584000000000003  0.13553499999999999  -0.20000399999999999
3592    -0.086899000000000004  0.14166200000000001  -0.19749799000000001
3593    -0.078700999999999993  0.155334  -0.19150600000000001
3594    -0.065584000000000003  0.154779  -0.19169600000000001
3595    -0.10264  0.15776699999999999  -0.190717
3596    -0.081324999999999995  0.16658400000000001  -0.186859
3597    -0.105591  0.16765399  -0.18666901
3598    -0.114117  0.17576601  -0.18335699999999999
3599    -0.076078000000000007  0.17809000999999999  -0.18202399999999999
3600    -0.13379199999999999  0.165273  -0.18800500000000001
3601    -0.14166200000000001  0.160026  -0.190246
3602    -0.14953200999999999  0.165273  -0.18829199999999999
3603    -0.160026  0.15911400000000001  -0.19111800000000001
3604    -0.17183100000000001  0.16789599999999999  -0.18792801000000001
3605    -0.17314299999999999  0.15970001  -0.19136900000000001
3606    -0.14690900000000001  0.17838999999999999  -0.18259101
3607    -0.17183100000000001  0.17919499999999999  -0.183063
3608    -0.065584000000000003  0.16789599999999999  -0.18638199999999999
3609    -0.111494  0.14166200000000001  -0.19783500000000001
3610    -0.13641600000000001  0.14953200999999999  -0.194693
3611    -0.13215299999999999  0.13168199  -0.202434
3612    -0.10264  0.12461  -0.20514499999999999
3613    -0.129857  0.120675  -0.20718201
3614    -0.15084399000000001  0.13116901  -0.203067
3615    -0.15084399000000001  0.15022199999999999  -0.19473199999999999
3616    -0.17248701  0.14039201000000001  -0.19976801
3617    -0.17576601  0.117825  -0.20984900000000001
3618    -0.19150600000000001  0.138262  -0.20166400000000001
3619    -0.18626000000000001  0.160026  -0.19200999999999999
3620    -0.19019499000000001  0.072799000000000003  -0.23041600000000001
3621    -0.19019499000000001  0.089194999999999997  -0.22325701000000001
3622    -0.16953599  0.078585000000000002  -0.226989
3623    -0.19150600000000001  0.12592199000000001  -0.20711199999999999
3624    -0.19675300000000001  0.105057  -0.21661299000000001
3625    -0.16330500000000001  0.057714000000000001  -0.23583899
3626    -0.19675300000000001  0.07739  -0.22877800000000001
3627    -0.19675300000000001  0.091817999999999997  -0.22249400999999999
3628    -0.14428600999999999  0.049327999999999997  -0.23849999999999999
3629    -0.20200001000000001  0.043846999999999997  -0.24363900999999999
3630    -0.19413  0.025336000000000001  -0.25117201
3631    -0.160026  0.0026229999999999999  -0.25917699999999999
3632    -0.140351  0.0026229999999999999  -0.258571
3633    -0.12329900000000001  0.0026229999999999999  -0.25819099000000001
3634    -0.19675300000000001  0.0050569999999999999  -0.25971401
3635    -0.065584000000000003  0.17838999999999999  -0.18201600000000001
3636    -0.20200001000000001  0.021167999999999999  -0.25343999
3637    -0.20200001000000001  0.032611000000000001  -0.24856800000000001
3638    -0.18626000000000001  0.165273  -0.189889
3639    -0.18626000000000001  0.17576601  -0.185367
3640    -0.060338000000000003  0.083947999999999995  -0.22212899999999999
3641    -0.060338000000000003  0.094441999999999998  -0.21757299999999999
3642    -0.060338000000000003  0.104935  -0.21296000000000001
3643    -0.060338000000000003  0.11545999999999999  -0.20839099999999999
3644    -0.060338000000000003  0.12592199000000001  -0.20385900000000001
3645    -0.060338000000000003  0.070831000000000005  -0.227662
3646    -0.060338000000000003  0.076078000000000007  -0.22547600000000001
3647    -0.060338000000000003  0.14428600999999999  -0.196051
3648    -0.060338000000000003  0.14953200999999999  -0.193776
3649    -0.060338000000000003  0.15479000000000001  -0.19151001000000001
3650    -0.060338000000000003  0.13379199999999999  -0.20056099999999999
3651    -0.102312  0.055091000000000001  -0.23514599999999999
3652    -0.076078000000000007  0.060338000000000003  -0.23211599999999999
3653    -0.065584000000000003  0.052936999999999998  -0.23516500000000001
3654    -0.060338000000000003  0.17051899000000001  -0.18517201
3655    -0.060338000000000003  0.16264901000000001  -0.18829299999999999
3656    -0.19150600000000001  0.14953200999999999  -0.19670900999999999
3657    -0.19150600000000001  0.165273  -0.18976199999999999
3658    -0.060338000000000003  0.13903899  -0.19819300000000001
3659    -0.060338000000000003  0.17576601  -0.182863
3660    -0.060338000000000003  0.18101300000000001  -0.18069699
3661    -0.065584000000000003  0.190301  -0.1767
3662    -0.060338000000000003  0.044596999999999998  -0.23841999
3663    -0.060338000000000003  0.034104000000000002  -0.24292
3664    -0.060338000000000003  0.052468000000000001  -0.23513999999999999
3665    -0.060338000000000003  0.060338000000000003  -0.23196
3666    -0.060338000000000003  0.065584000000000003  -0.229772
3667    -0.19675300000000001  0.11612  -0.21160300000000001
3668    -0.11838  0.183667  -0.17988399999999999
3669    -0.076078000000000007  0.19181000000000001  -0.17590800000000001
3670    -0.11346100000000001  0.19150600000000001  -0.17636599999999999
3671    -0.14428600999999999  0.19150600000000001  -0.176709
3672    -0.15346799999999999  0.19413  -0.17567099999999999
3673    -0.17183100000000001  0.19675300000000001  -0.17511099999999999
3674    -0.18101300000000001  0.20998700000000001  -0.16942199999999999
3675    -0.15084399000000001  0.20560500000000001  -0.17033899999999999
3676    -0.18101300000000001  0.19150700000000001  -0.17803500999999999
3677    -0.18626000000000001  0.18626000000000001  -0.18060498999999999
3678    -0.060338000000000003  0.18626000000000001  -0.17829300000000001
3679    -0.060338000000000003  0.194269  -0.17459901
3680    -0.065584000000000003  0.20896700000000001  -0.16803201000000001
3681    -0.060338000000000003  0.20296501  -0.17051899000000001
3682    -0.060338000000000003  0.21249399999999999  -0.16606099999999999
3683    -0.20200001000000001  0.068618999999999999  -0.23247599999999999
3684    -0.18626000000000001  0.19656799999999999  -0.175675
3685    -0.076078000000000007  0.19675300000000001  -0.17352600000000001
3686    -0.129857  0.19675300000000001  -0.17400599999999999
3687    -0.07739  0.20496  -0.169741
3688    -0.115429  0.21545500000000001  -0.16511798999999999
3689    -0.076078000000000007  0.21562700000000001  -0.16474
3690    -0.14822099999999999  0.214781  -0.16599800000000001
3691    -0.15412298999999999  0.23137600999999999  -0.15834300000000001
3692    -0.12952900000000001  0.22726499999999999  -0.15976699999999999
3693    -0.18101300000000001  0.21823500000000001  -0.16550200000000001
3694    -0.17576601  0.23689499  -0.156527
3695    -0.15215600000000001  0.24659701000000001  -0.15114599000000001
3696    -0.17576601  0.25317001  -0.14891199999999999
3697    -0.14690900000000001  0.25446798999999998  -0.147337
3698    -0.15215600000000001  0.25971401  -0.145175
3699    -0.17051899000000001  0.26233801000000001  -0.14462601
3700    -0.14690900000000001  0.23602100000000001  -0.15595998999999999
3701    -0.102312  0.22823399  -0.15884601000000001
3702    -0.11428099999999999  0.23596200000000001  -0.15548198999999999
3703    -0.097721000000000002  0.23610400000000001  -0.15526499999999999
3704    -0.080013000000000001  0.22823399  -0.158858
3705    -0.097064999999999999  0.21773999999999999  -0.16376001000000001
3706    -0.073455000000000006  0.264961  -0.142148
3707    -0.073455000000000006  0.24324599999999999  -0.15215600000000001
3708    -0.076078000000000007  0.25709099000000002  -0.14572099999999999
3709    -0.065584000000000003  0.23325699999999999  -0.15693799999999999
3710    -0.060338000000000003  0.243974  -0.152086
3711    -0.060338000000000003  0.249221  -0.14966299999999999
3712    -0.060338000000000003  0.25709099000000002  -0.146064
3713    -0.055091000000000001  0.264961  -0.14251301
3714    -0.118052  0.25446798999999998  -0.146953
3715    -0.094441999999999998  0.25709099000000002  -0.145648
3716    -0.082636000000000001  0.24050199999999999  -0.15331
3717    -0.111494  0.26005300999999997  -0.14443600000000001
3718    -0.094441999999999998  0.264961  -0.14207900000000001
3719    -0.14953200999999999  0.264961  -0.14263500000000001
3720    -0.119364  0.20314001000000001  -0.17100899999999999
3721    -0.17051899000000001  0.270208  -0.14116600000000001
3722    -0.15215600000000001  0.270208  -0.14047899999999999
3723    -0.107558  0.270208  -0.139928
3724    -0.060338000000000003  0.21773999999999999  -0.16384301000000001
3725    -0.17576601  0.26190701  -0.14490998999999999
3726    -0.17576601  0.27515799000000002  -0.13889298999999999
3727    -0.060338000000000003  0.23872699999999999  -0.15445
3728    -0.060338000000000003  0.23348099999999999  -0.156782
3729    -0.060338000000000003  0.22823399  -0.15917498999999999
3730    -0.076078000000000007  0.27065599000000001  -0.13971201
3731    -0.060338000000000003  0.22298699999999999  -0.16139901000000001
3732    -0.17576601  0.28859201000000001  -0.13251099999999999
3733    -0.055091000000000001  0.270208  -0.14007799000000001
3734    -0.19675300000000001  0.12648401000000001  -0.20680799999999999
3735    -0.19675300000000001  0.137903  -0.20146801
3736    -0.20921400000000001  -0.31742901000000001  -0.39909699999999998
3737    -0.23348099999999999  -0.31742901000000001  -0.39952901000000002
3738    -0.059681999999999999  -0.25971401  -0.37297699000000001
3739    -0.049188000000000003  -0.25274300999999999  -0.36948599999999998
3740    -0.028201  -0.25971401  -0.37270001000000003
3741    -0.047220999999999999  -0.24283399999999999  -0.364649
3742    -0.10903400000000001  -0.23108000000000001  -0.36030500999999998
3743    -0.047549000000000001  -0.23259699  -0.35982001000000002
3744    -0.022298999999999999  -0.24337099000000001  -0.364649
3745    -0.012625000000000001  -0.23193599000000001  -0.35906698999999997
3746    -0  -0.243504  -0.364649
3747    0.0026229999999999999  -0.25971401  -0.37255498999999997
3748    0.025578  -0.25971401  -0.37262099999999998
3749    0.026234  -0.24357000000000001  -0.36477101000000001
3750    0.049843999999999999  -0.25971401  -0.37263300999999999
3751    0.048531999999999999  -0.24102399999999999  -0.36359598999999998
3752    0.076733999999999997  -0.23872699999999999  -0.36280200000000001
3753    0.081980999999999998  -0.25119501  -0.36882901000000001
3754    0.091817999999999997  -0.26440998999999998  -0.37520701000000001
3755    0.097064999999999999  -0.24612500000000001  -0.36659700000000001
3756    0.118052  -0.23872699999999999  -0.36350599
3757    0.027545  -0.23300301000000001  -0.35977398999999999
3758    0.053122999999999997  -0.23265  -0.35978499000000003
3759    0.080997  -0.22897500000000001  -0.35843598999999998
3760    0.114117  -0.22855  -0.35887100999999999
3761    0.13641600000000001  -0.23086300000000001  -0.36049600999999998
3762    0.165273  -0.23808999  -0.364649
3763    0.165273  -0.227267  -0.35983600999999998
3764    0.20200001000000001  -0.22823399  -0.36092299
3765    0.19675300000000001  -0.23702100000000001  -0.364649
3766    0.17576601  -0.21773999999999999  -0.35568499999999997
3767    0.20987  -0.21279401000000001  -0.35401698999999998
3768    0.15740301000000001  -0.21453799000000001  -0.35374799000000001
3769    0.135104  -0.21479601000000001  -0.35316500000000001
3770    0.103131  -0.21803500000000001  -0.35387700999999999
3771    0.064436999999999994  -0.220364  -0.35410999999999998
3772    0.078700999999999993  -0.20797201000000001  -0.34890898999999997
3773    0.034759999999999999  -0.22167498999999999  -0.35415598999999998
3774    0.043614  -0.21148400000000001  -0.34936099999999998
3775    0.020330999999999998  -0.21477599  -0.35053599000000002
3776    -0  -0.22246499  -0.35415598999999998
3777    -0.015740000000000001  -0.21367399000000001  -0.34973200999999998
3778    0.0078700000000000003  -0.20724699999999999  -0.34678301
3779    0.025578  -0.20407701  -0.34522700000000001
3780    0.013117  -0.20104  -0.34366198999999997
3781    -0.0091819999999999992  -0.20724699999999999  -0.34662198999999999
3782    -0.022298999999999999  -0.22261301  -0.35423499000000003
3783    -0.094441999999999998  -0.240006  -0.364068
3784    -0.097064999999999999  -0.25971401  -0.37330099999999999
3785    -0.11887200000000001  -0.24671799999999999  -0.36760300000000001
3786    -0.14330198999999999  -0.24659701000000001  -0.36802801000000002
3787    -0.043285999999999998  -0.223937  -0.35520399000000002
3788    0.039350999999999997  -0.20053399999999999  -0.34366198999999997
3789    0.056403000000000002  -0.20724699999999999  -0.34767500000000001
3790    -0.16133800000000001  -0.25184399000000002  -0.37082799999999999
3791    0.0019680000000000001  -0.26506299  -0.37503399999999998
3792    0.055091000000000001  -0.26504298999999998  -0.37510300000000002
3793    -0.026234  -0.265017  -0.37511501000000003
3794    -0.055746999999999998  -0.26486301000000001  -0.37524300999999999
3795    -0.097557000000000005  -0.26434401000000002  -0.37537500000000001
3796    -0.13903899  -0.264961  -0.37622601
3797    -0.165273  -0.28594800999999997  -0.38624501
3798    -0.160026  -0.29688099000000001  -0.39088299999999998
3799    -0.14346600000000001  -0.28716701  -0.38643899999999998
3800    -0.11608400000000001  -0.29755300000000001  -0.39088299999999998
3801    -0.076078000000000007  -0.28614299999999998  -0.38555101000000003
3802    -0.099687999999999999  -0.28070100999999997  -0.383185
3803    -0.076078000000000007  -0.28070100999999997  -0.38310701000000003
3804    -0.044596999999999998  -0.28368399  -0.38423299999999999
3805    0.048531999999999999  -0.28911998999999999  -0.38661300999999998
3806    0.018856000000000001  -0.27942898999999999  -0.38213301
3807    0.060338000000000003  -0.28070100999999997  -0.38278601000000001
3808    -0.031153  -0.288995  -0.38668701
3809    -0.0026229999999999999  -0.28701499000000003  -0.38563599999999998
3810    -0.044596999999999998  -0.270208  -0.37784099999999998
3811    -0.0068859999999999998  -0.270208  -0.37767099999999998
3812    -0.015740000000000001  -0.27814999000000001  -0.38152798999999998
3813    0.035416000000000003  -0.270208  -0.37771100000000002
3814    0.061321000000000001  -0.270208  -0.37779998999999997
3815    0.097064999999999999  -0.270208  -0.37811801
3816    0.12133099999999999  -0.270208  -0.37854999
3817    -0.165273  -0.27252000999999998  -0.38038999000000001
3818    -0.13838300000000001  -0.27184299000000001  -0.37954599
3819    -0.097064999999999999  -0.270208  -0.37825701
3820    0.023609999999999999  -0.286881  -0.38563599999999998
3821    0.052468000000000001  -0.29795199999999999  -0.39088299999999998
3822    0.095097000000000001  -0.29761899000000003  -0.39070498999999997
3823    0.089194999999999997  -0.29119500999999998  -0.38765000999999999
3824    0.120675  -0.297456  -0.39074701000000001
3825    0.115756  -0.29005798999999999  -0.38730200999999997
3826    0.160026  -0.29653800000000002  -0.39084100999999999
3827    0.12690599  -0.30693501000000001  -0.39501101
3828    0.15740301000000001  -0.30693501000000001  -0.39530799
3829    0.18461999000000001  -0.29643601000000003  -0.39085599999999998
3830    0.19675300000000001  -0.30693501000000001  -0.39530599
3831    0.160354  -0.28717899000000002  -0.38673499
3832    0.082308000000000006  -0.30693501000000001  -0.39495798999999998
3833    0.040006  -0.30693501000000001  -0.39503300000000002
3834    0.0039350000000000001  -0.29773301000000002  -0.39088299999999998
3835    -0.003607  -0.309558  -0.39619898999999997
3836    0.028857000000000001  -0.31218201000000001  -0.39731801
3837    0.056403000000000002  -0.31742901000000001  -0.39934798999999999
3838    0.069518999999999997  -0.31186198999999998  -0.39708099000000002
3839    0.10264  -0.31742901000000001  -0.39926001
3840    0.13903899  -0.31742901000000001  -0.39931299999999997
3841    0.16264901000000001  -0.31742901000000001  -0.39952499000000002
3842    0.19675300000000001  -0.31742901000000001  -0.39941200999999998
3843    0.21511699000000001  -0.31742901000000001  -0.39962101
3844    0.20724699999999999  -0.30693501000000001  -0.39545100999999999
3845    -0.052468000000000001  -0.30693501000000001  -0.39508199999999999
3846    -0.064272999999999997  -0.29764399000000002  -0.39088299999999998
3847    -0.091817999999999997  -0.30693501000000001  -0.39495501
3848    -0.13387399999999999  -0.30878800000000001  -0.39575600999999999
3849    -0.080997  -0.31157899  -0.39691499000000002
3850    -0.037711000000000001  -0.31112400000000001  -0.39686701000000002
3851    -0.16264901000000001  -0.30693501000000001  -0.39509900999999997
3852    -0.18626000000000001  -0.30693501000000001  -0.39501700000000001
3853    0.13838300000000001  -0.28283798999999998  -0.38442099000000002
3854    0.15609100000000001  -0.27131301000000002  -0.37986999999999999
3855    0.16396099  -0.27114000999999999  -0.37995201000000001
3856    0.199377  -0.28379800999999999  -0.38563599999999998
3857    0.19413  -0.27087301000000003  -0.38009501000000001
3858    0.204623  -0.27035299000000002  -0.38011199000000001
3859    0.21773999999999999  -0.28147899999999998  -0.38531898999999997
3860    0.220364  -0.29445300000000002  -0.39088299999999998
3861    0.22823399  -0.28980601  -0.38927200000000001
3862    0.22823399  -0.26891100000000001  -0.38038999000000001
3863    0.22298699999999999  -0.26905700999999999  -0.38038999000000001
3864    0.10181999999999999  -0.28003001  -0.38273200000000002
3865    -0.12559400000000001  -0.28326299999999999  -0.38454300000000002
3866    0.19413  -0.26001998999999998  -0.37514299000000001
3867    0.20200001000000001  -0.25708600999999998  -0.37399199999999999
3868    0.17576601  -0.243974  -0.36768001
3869    0.20200001000000001  -0.243974  -0.36809598999999998
3870    0.20987  -0.25904899999999997  -0.37514299000000001
3871    0.160026  -0.26052499000000001  -0.37498501000000001
3872    0.15641899000000001  -0.25195801000000001  -0.37097701
3873    0.158058  -0.243974  -0.36727700000000002
3874    0.135104  -0.24659701000000001  -0.36773399000000001
3875    0.13838300000000001  -0.25359699000000002  -0.37120800999999998
3876    0.13903899  -0.26216599000000002  -0.37514299000000001
3877    0.22298699999999999  -0.25747799999999998  -0.37514299000000001
3878    0.22298699999999999  -0.24474201000000001  -0.36955100000000002
3879    0.0045909999999999996  -0.31742901000000001  -0.399391
3880    -0.070831000000000005  -0.31742901000000001  -0.39924799999999999
3881    -0.12592199000000001  -0.31742901000000001  -0.39912099000000001
3882    -0.16264901000000001  -0.31742901000000001  -0.39916499999999999
3883    0.22823399  -0.252608  -0.37292901000000001
3884    0.22823399  -0.243974  -0.36911500000000003
3885    0.22298699999999999  -0.23125799999999999  -0.36331499
3886    -0.20724699999999999  0.032156999999999998  -0.24829498999999999
3887    -0.22823399  -0.19413  -0.34625199000000001
3888    -0.22823399  -0.18363599  -0.34138000000000002
3889    -0.22823399  -0.17576601  -0.33787500999999998
3890    0.018363999999999998  -0.19675300000000001  -0.34167199999999998
3891    0.023609999999999999  -0.19413  -0.34047100000000002
3892    0.039350999999999997  -0.19150700000000001  -0.33947501000000002
3893    0.028857000000000001  -0.18934201000000001  -0.33841600999999999
3894    0.034104000000000002  -0.18626000000000001  -0.33710799000000002
3895    0.039350999999999997  -0.17712900000000001  -0.33316900999999999
3896    0.044596999999999998  -0.17576601  -0.33265999000000002
3897    0.099687999999999999  -0.20688200000000001  -0.34902701000000003
3898    0.074765999999999999  -0.19651499  -0.343503
3899    0.100836  -0.194691  -0.34359299999999998
3900    0.13379199999999999  -0.206284  -0.34946199999999999
3901    0.13641600000000001  -0.199377  -0.34638100999999999
3902    0.13116901  -0.19254699  -0.34314298999999998
3903    0.15215600000000001  -0.19211300000000001  -0.34345599999999998
3904    0.15937001000000001  -0.20538300000000001  -0.34977001000000002
3905    0.17314299999999999  -0.19149999000000001  -0.34367901000000001
3906    0.17576601  -0.20268600000000001  -0.34890898999999997
3907    0.19675300000000001  -0.19079198999999999  -0.34366198999999997
3908    0.20200001000000001  -0.20064799  -0.34837201000000001
3909    0.199377  -0.21278900000000001  -0.35368698999999998
3910    0.048531999999999999  -0.19413  -0.341028
3911    0.21773999999999999  -0.20130799999999999  -0.34921899000000001
3912    0.22298699999999999  -0.20987  -0.35321200000000003
3913    0.21314900000000001  -0.224381  -0.35961899000000003
3914    0.22298699999999999  -0.19675300000000001  -0.34708699999999998
3915    0.21773999999999999  -0.18626000000000001  -0.34229400999999998
3916    0.20987  -0.23599701000000001  -0.364649
3917    0.051156  -0.18363599  -0.33640099000000001
3918    0.055091000000000001  -0.17051899000000001  -0.33085001000000003
3919    0.044596999999999998  -0.16497800000000001  -0.32792199
3920    0.22298699999999999  -0.18888300999999999  -0.34334099000000001
3921    0.21773999999999999  -0.17463000000000001  -0.33731201
3922    0.197409  -0.17576601  -0.33712800999999998
3923    0.19675300000000001  -0.16586600000000001  -0.33289998999999998
3924    0.21249399999999999  -0.15952500999999999  -0.33072298999999999
3925    0.19675300000000001  -0.15445999999999999  -0.32792199
3926    0.197409  -0.13980699999999999  -0.32167801000000001
3927    0.21249399999999999  -0.14208499999999999  -0.32324201000000002
3928    0.21249399999999999  -0.13119800000000001  -0.31852201000000002
3929    0.19675300000000001  -0.129381  -0.31707798999999998
3930    0.21773999999999999  -0.16254700999999999  -0.33212100999999999
3931    0.21773999999999999  -0.15215600000000001  -0.32744399000000002
3932    0.126578  -0.18363599  -0.33913599999999999
3933    0.135104  -0.16216999000000001  -0.32977300999999998
3934    0.152812  -0.17707101  -0.33680999
3935    0.14494199999999999  -0.16303000000000001  -0.33039299
3936    0.16920800999999999  -0.16850200000000001  -0.33360201
3937    0.17019200000000001  -0.156387  -0.32832499999999998
3938    0.14166200000000001  -0.154779  -0.32670501000000002
3939    0.094441999999999998  -0.15712801000000001  -0.32700601000000001
3940    0.117396  -0.16923099999999999  -0.33260399000000002
3941    0.094441999999999998  -0.17576601  -0.33517000000000002
3942    0.093130000000000004  -0.18363599  -0.33857799
3943    0.17183100000000001  -0.17576601  -0.33672801000000002
3944    0.179701  -0.14166200000000001  -0.32224000000000003
3945    0.174455  -0.129686  -0.31692400999999998
3946    0.165273  -0.14010400000000001  -0.32126999000000001
3947    0.15215600000000001  -0.13225700000000001  -0.31742901000000001
3948    0.14428600999999999  -0.14953200999999999  -0.32467899
3949    0.14166200000000001  -0.13278000000000001  -0.31742901000000001
3950    0.13903899  -0.14471100000000001  -0.32248500000000002
3951    0.097064999999999999  -0.14953200999999999  -0.32400599000000002
3952    0.100672  -0.143424  -0.32143199
3953    0.083947999999999995  -0.14953200999999999  -0.32365701000000002
3954    0.083947999999999995  -0.14244900999999999  -0.320627
3955    0.106903  -0.13376399999999999  -0.31741198999999998
3956    0.081324999999999995  -0.13449299000000001  -0.317139
3957    0.07739  -0.160026  -0.32765098999999998
3958    0.076733999999999997  -0.18232501000000001  -0.33747399
3959    0.080669000000000005  -0.16824301  -0.33141100000000001
3960    0.057714000000000001  -0.160026  -0.32666200000000001
3961    0.068863999999999995  -0.172814  -0.33279699000000001
3962    0.066895999999999997  -0.18757099999999999  -0.33922201000000002
3963    0.065584000000000003  -0.14910100000000001  -0.32267498999999999
3964    0.10100000000000001  -0.12329900000000001  -0.31315400999999998
3965    0.12854499999999999  -0.12329900000000001  -0.31354000999999998
3966    0.085260000000000002  -0.123043  -0.31264001000000002
3967    0.13444801000000001  -0.112805  -0.30915399999999998
3968    0.14690900000000001  -0.118052  -0.31147598999999998
3969    0.111494  -0.106915  -0.306205
3970    0.14953200999999999  -0.107393  -0.30693501000000001
3971    0.165273  -0.11415699999999999  -0.31029201000000001
3972    0.098377000000000006  -0.112805  -0.30859398999999998
3973    0.174455  -0.10588  -0.30693501000000001
3974    0.18921099999999999  -0.118703  -0.312558
3975    0.19675300000000001  -0.105042  -0.30693501000000001
3976    0.20003199999999999  -0.11722100000000001  -0.31221600999999999
3977    0.17838999999999999  -0.097064999999999999  -0.30343300000000001
3978    0.19413  -0.086570999999999995  -0.29935100999999997
3979    0.17183100000000001  -0.089940999999999993  -0.30029499999999998
3980    0.17314299999999999  -0.081005999999999995  -0.29644199999999998
3981    0.19413  -0.079880999999999994  -0.29644199999999998
3982    0.17314299999999999  -0.068643999999999997  -0.29119500999999998
3983    0.19806499999999999  -0.072133000000000003  -0.29337001000000001
3984    0.14953200999999999  -0.086570999999999995  -0.29800799
3985    0.15018799999999999  -0.099687999999999999  -0.30377901000000002
3986    0.12231499999999999  -0.086570999999999995  -0.29730600000000001
3987    0.17051899000000001  -0.12329900000000001  -0.31424600000000003
3988    0.20724699999999999  -0.11158999999999999  -0.31025499000000001
3989    0.21249399999999999  -0.120172  -0.31389400000000001
3990    0.21249399999999999  -0.110182  -0.30961900999999997
3991    0.21249399999999999  -0.099687999999999999  -0.30506899999999998
3992    0.12789001  -0.096223000000000003  -0.30184900999999997
3993    0.085260000000000002  -0.11079  -0.30726798999999999
3994    0.091817999999999997  -0.102312  -0.30378898999999998
3995    0.068208000000000005  -0.123512  -0.31217799000000002
3996    0.065584000000000003  -0.112345  -0.30714899000000001
3997    0.066239999999999993  -0.101199  -0.302147
3998    0.086570999999999995  -0.097612000000000004  -0.30142000000000002
3999    0.055091000000000001  -0.120878  -0.31079000000000001
4000    0.055091000000000001  -0.11007500000000001  -0.30592901
4001    0.19413  -0.055399999999999998  -0.28587499
4002    0.17051899000000001  -0.055757000000000001  -0.28540501000000001
4003    0.098705000000000001  -0.089022000000000004  -0.29781999999999997
4004    0.14953200999999999  -0.082264000000000004  -0.29602599000000002
4005    0.093130000000000004  -0.078700999999999993  -0.29283400999999998
4006    0.086570999999999995  -0.089334999999999998  -0.29751599000000001
4007    0.081324999999999995  -0.081324999999999995  -0.29352599000000001
4008    0.095753000000000005  -0.067228999999999997  -0.28755199999999997
4009    0.13444801000000001  -0.070831000000000005  -0.29049199999999997
4010    0.15215600000000001  -0.076078000000000007  -0.29350399999999999
4011    0.12592199000000001  -0.060360999999999998  -0.28555900000000001
4012    0.15084399000000001  -0.059554000000000003  -0.28612301000000001
4013    0.15346799999999999  -0.068229999999999999  -0.29004799999999997
4014    0.093130000000000004  -0.062394999999999999  -0.28524399
4015    0.16264901000000001  -0.043407000000000001  -0.28003600000000001
4016    0.055091000000000001  -0.13550401000000001  -0.31678000000000001
4017    0.065584000000000003  -0.13977100000000001  -0.31871501000000002
4018    0.055091000000000001  -0.14690900000000001  -0.32142400999999998
4019    -0.19150600000000001  0.17366000000000001  -0.185755
4020    0.20724699999999999  -0.078700999999999993  -0.29652199000000001
4021    0.20724699999999999  -0.063319  -0.28983700000000001
4022    0.20200001000000001  -0.055091000000000001  -0.28617901000000001
4023    0.20724699999999999  -0.094164999999999999  -0.30307600000000001
4024    0.21249399999999999  -0.091748999999999997  -0.30168799000000002
4025    0.20724699999999999  -0.052363  -0.28495300000000001
4026    0.20724699999999999  -0.039350999999999997  -0.27925301000000002
4027    0.15215600000000001  -0.051156  -0.28274500000000002
4028    0.12952900000000001  -0.041973999999999997  -0.27835101000000001
4029    0.123627  -0.031778000000000001  -0.27407198999999999
4030    0.097064999999999999  -0.038404000000000001  -0.27583000000000002
4031    0.109526  -0.047183000000000003  -0.27974000999999998
4032    0.13215299999999999  -0.051484000000000002  -0.282217
4033    0.097064999999999999  -0.028857000000000001  -0.27200499
4034    -0.18101300000000001  0.23118401  -0.15920999999999999
4035    -0.18101300000000001  0.243974  -0.15296299999999999
4036    -0.18101300000000001  0.25270101  -0.148642
4037    0.21773999999999999  -0.13903899  -0.32160698999999998
4038    0.22823399  -0.30693501000000001  -0.39609301000000002
4039    0.049843999999999999  -0.097064999999999999  -0.29954299000000001
4040    -0.22823399  -0.16542699999999999  -0.33309098999999998
4041    -0.097721000000000002  0.27807799  -0.13620499999999999
4042    -0.11608400000000001  0.27545500000000001  -0.13752800000000001
4043    -0.112805  0.29497200000000001  -0.12854499999999999
4044    -0.145597  0.29771501  -0.127744
4045    -0.098705000000000001  0.30222499000000003  -0.12501699999999999
4046    -0.14166200000000001  0.30693501000000001  -0.123455
4047    -0.16264901000000001  0.30739501000000002  -0.12382799999999999
4048    -0.15871399999999999  0.29912900999999997  -0.12745300000000001
4049    -0.154779  0.28832000000000002  -0.13224300999999999
4050    -0.14953200999999999  0.27545500000000001  -0.13794598999999999
4051    -0.160026  0.27545500000000001  -0.13824400000000001
4052    -0.059026000000000002  0.28070100999999997  -0.13494299000000001
4053    -0.044596999999999998  0.27545500000000001  -0.13763900000000001
4054    -0.072470999999999994  0.310031  -0.121362
4055    -0.060338000000000003  0.30576398999999999  -0.12329900000000001
4056    -0.068208000000000005  0.28963399000000001  -0.13086100000000001
4057    -0.048531999999999999  0.29119500999999998  -0.129853
4058    -0.026234  0.30361199  -0.12357799999999999
4059    -0.026890000000000001  0.29888901000000001  -0.12582399999999999
4060    -0.032792000000000002  0.29119500999999998  -0.12960801
4061    -0.043942000000000002  0.28332499  -0.133655
4062    -0.020986999999999999  0.29119500999999998  -0.12953700000000001
4063    0.0032789999999999998  0.29381800000000002  -0.12808998999999999
4064    -0  0.30431198999999998  -0.12302399999999999
4065    -0.023609999999999999  0.28594800999999997  -0.13210601
4066    -0.0078700000000000003  0.31637200999999998  -0.11757099999999999
4067    -0.038366999999999998  0.31446998999999998  -0.118881
4068    -0.10100000000000001  0.31742901000000001  -0.117884
4069    -0.060338000000000003  0.31742901000000001  -0.117866
4070    -0.14297399999999999  0.31742901000000001  -0.11841400000000001
4071    -0.14822099999999999  0.31218201000000001  -0.12095400000000001
4072    -0.17051899000000001  0.288715  -0.132746
4073    -0.17051899000000001  0.29720899000000001  -0.12890299999999999
4074    -0.049843999999999999  0.270208  -0.14005600000000001
4075    -0.16264901000000001  0.31798600999999999  -0.118731
4076    -0.023609999999999999  0.32703701000000002  -0.11269800000000001
4077    0.0052469999999999999  0.32649498999999998  -0.112805
4078    -0.062141000000000002  0.32785299000000001  -0.11276899999999999
4079    -0.17051899000000001  0.30798598999999999  -0.123806
4080    -0.17051899000000001  0.32064198999999999  -0.11759799999999999
4081    -0.17051899000000001  0.33173701  -0.112069
4082    -0.165273  0.32985100000000001  -0.113057
4083    -0.18626000000000001  0.20699801000000001  -0.17051899000000001
4084    0.049843999999999999  -0.16206101000000001  -0.32712901
4085    0.049843999999999999  -0.15077101000000001  -0.32267498999999999
4086    -0.049843999999999999  0.264961  -0.14204600000000001
4087    -0.23348099999999999  -0.22283299000000001  -0.35940301000000002
4088    0.22298699999999999  -0.21773999999999999  -0.35701901000000003
4089    0.028857000000000001  -0.18626000000000001  -0.33691099000000002
4090    -0.21249399999999999  -0.015740000000000001  -0.26858300000000002
4091    0.059681999999999999  -0.088592000000000004  -0.29570001000000001
4092    0.115429  -0.023317000000000001  -0.27024000999999997
4093    0.18626000000000001  -0.030633000000000001  -0.27545500000000001
4094    0.15576300000000001  -0.03202  -0.27509498999999998
4095    0.15969799000000001  -0.024284  -0.27187201
4096    0.17838999999999999  -0.044110000000000003  -0.28090301000000001
4097    0.19413  -0.040644  -0.27982300999999998
4098    0.20200001000000001  -0.031780999999999997  -0.27642899999999998
4099    0.135104  -0.015740000000000001  -0.267542
4100    0.18101300000000001  -0.018845000000000001  -0.270208
4101    0.19413  -0.018171  -0.27027099999999998
4102    0.20200001000000001  -0.020986999999999999  -0.27166899999999999
4103    0.19675300000000001  -0.0053280000000000003  -0.264961
4104    0.165273  -0.013117  -0.26723998999999998
4105    0.156747  -0.0083049999999999999  -0.26492301000000001
4106    0.16789599999999999  0.001789  -0.26069701000000001
4107    0.12329900000000001  0.0026229999999999999  -0.25915301000000002
4108    0.17051899000000001  0.013117  -0.25583801
4109    0.13641600000000001  0.013679  -0.25471600999999999
4110    0.104935  0.015651999999999999  -0.25321299000000003
4111    0.100344  0.0026229999999999999  -0.25870400999999998
4112    0.090506000000000003  0.0078700000000000003  -0.25615901000000002
4113    0.091162000000000007  0.022307  -0.24987701000000001
4114    0.078700999999999993  0.018363999999999998  -0.25103101
4115    0.070831000000000005  0.028857000000000001  -0.24606401
4116    0.076078000000000007  0.035649  -0.243286
4117    0.055091000000000001  0.033078999999999997  -0.24354999999999999
4118    0.055091000000000001  0.044379000000000002  -0.23872699999999999
4119    0.073455000000000006  0.049843999999999999  -0.23693700000000001
4120    0.096408999999999995  0.040164999999999999  -0.24198499000000001
4121    0.095097000000000001  0.052172000000000003  -0.236646
4122    0.055091000000000001  0.023609999999999999  -0.24746799
4123    0.11510099999999999  -0.0052469999999999999  -0.26248600999999999
4124    0.106903  -0.012213  -0.265374
4125    0.18363599  0.0066950000000000004  -0.25910601
4126    0.18626000000000001  0.017569999999999999  -0.25446798999999998
4127    0.19675300000000001  0.007038  -0.25934499999999999
4128    0.19675300000000001  0.031481000000000002  -0.24853601
4129    0.19150600000000001  0.036727000000000003  -0.24619099
4130    0.174455  0.028697  -0.24906400000000001
4131    0.16986399999999999  0.043382999999999998  -0.242364
4132    0.17576601  0.052762000000000003  -0.23839299
4133    0.160026  0.050159000000000002  -0.238867
4134    0.16264901000000001  0.034104000000000002  -0.246253
4135    0.14428600999999999  0.024493000000000001  -0.250056
4136    0.120675  0.039350999999999997  -0.24272199999999999
4137    0.16264901000000001  0.039170999999999997  -0.243894
4138    0.118052  0.044596999999999998  -0.24039199999999999
4139    0.12329900000000001  0.049417000000000003  -0.23825399999999999
4140    0.19675300000000001  0.047220999999999999  -0.24149399999999999
4141    0.119364  0.055091000000000001  -0.23576801
4142    0.16264901000000001  0.055091000000000001  -0.236876
4143    0.093130000000000004  0.060338000000000003  -0.23294999999999999
4144    0.070175000000000001  0.057057999999999998  -0.23378301000000001
4145    0.115429  0.060338000000000003  -0.23327899999999999
4146    0.19150600000000001  0.057556999999999997  -0.23714399
4147    0.20200001000000001  -0.00628  -0.26520300000000002
4148    0.060338000000000003  0.058979999999999998  -0.23292499999999999
4149    0.068208000000000005  0.068208000000000005  -0.22914799999999999
4150    0.060338000000000003  0.069518999999999997  -0.22867398999999999
4151    0.14690900000000001  0.061076999999999999  -0.23366500000000001
4152    0.17051899000000001  0.063391000000000003  -0.23348099999999999
4153    0.069518999999999997  0.087883000000000003  -0.220855
4154    0.076078000000000007  0.165273  -0.18765000000000001
4155    0.060338000000000003  0.17576601  -0.183368
4156    0.073455000000000006  0.17576601  -0.18320701
4157    0.060338000000000003  0.15773100000000001  -0.19086599000000001
4158    0.076078000000000007  0.15793499  -0.19063099999999999
4159    0.060338000000000003  0.14677299999999999  -0.195494
4160    0.073455000000000006  0.14297399999999999  -0.19700599999999999
4161    0.070831000000000005  0.12329900000000001  -0.20546800000000001
4162    0.060338000000000003  0.124706  -0.204989
4163    0.070831000000000005  0.115429  -0.208922
4164    0.070831000000000005  0.097064999999999999  -0.21684200000000001
4165    0.060338000000000003  0.088592000000000004  -0.220662
4166    0.060338000000000003  0.19478901000000001  -0.17485999999999999
4167    0.076078000000000007  0.19248198999999999  -0.17576601
4168    0.080013000000000001  0.070902000000000007  -0.228155
4169    0.083947999999999995  0.085260000000000002  -0.22217400000000001
4170    0.099687999999999999  0.081324999999999995  -0.22422400000000001
4171    0.111494  0.073162000000000005  -0.227795
4172    0.131825  0.081324999999999995  -0.22475700000000001
4173    0.13379199999999999  0.074543999999999999  -0.22758301
4174    0.118052  0.065584000000000003  -0.231153
4175    0.145597  0.065584000000000003  -0.23176999000000001
4176    0.154779  0.074265999999999999  -0.22823399
4177    0.165273  0.079893000000000006  -0.22622301
4178    0.10100000000000001  0.091817999999999997  -0.21979000000000001
4179    0.123627  0.089194999999999997  -0.22120200000000001
4180    0.120675  0.099709999999999993  -0.216555
4181    0.14822099999999999  0.095434000000000005  -0.219025
4182    0.14428600999999999  0.086570999999999995  -0.22268299999999999
4183    0.095753000000000005  0.110182  -0.21163799999999999
4184    0.118052  0.110182  -0.211923
4185    0.15412298999999999  0.107989  -0.21368298999999999
4186    0.13903899  0.118052  -0.20885400000000001
4187    0.165273  0.123367  -0.20727799999999999
4188    0.103951  0.118052  -0.20832101
4189    0.14428600999999999  0.12329900000000001  -0.20660201
4190    0.19150600000000001  0.073455000000000006  -0.230322
4191    0.19150600000000001  0.083947999999999995  -0.22584799999999999
4192    0.17117499999999999  0.096292000000000003  -0.21958200999999999
4193    0.19150600000000001  0.094441999999999998  -0.22135299
4194    0.18626000000000001  0.102423  -0.21778600000000001
4195    0.11674  0.12329900000000001  -0.20608899999999999
4196    0.102476  0.13373699999999999  -0.201435
4197    0.094441999999999998  0.14690900000000001  -0.19561498999999999
4198    0.13051299999999999  0.14166200000000001  -0.198347
4199    0.129857  0.16264901000000001  -0.18927801
4200    0.11969200000000001  0.15215600000000001  -0.193637
4201    0.097064999999999999  0.15740301000000001  -0.19118399999999999
4202    0.097064999999999999  0.165273  -0.18796099999999999
4203    0.15084399000000001  0.14038900000000001  -0.199268
4204    0.13903899  0.15215600000000001  -0.19390199999999999
4205    0.16264901000000001  0.13665199  -0.201242
4206    0.17051899000000001  0.15215600000000001  -0.194775
4207    0.17314299999999999  0.139046  -0.20068800000000001
4208    0.18626000000000001  0.154779  -0.194545
4209    0.18626000000000001  0.14428600999999999  -0.199158
4210    0.18626000000000001  0.12023499999999999  -0.20991800999999999
4211    0.17051899000000001  0.112805  -0.21232100000000001
4212    0.14953200999999999  0.160026  -0.19067501000000001
4213    0.16396099  0.15952500999999999  -0.19132299999999999
4214    0.19150600000000001  0.107558  -0.21560199999999999
4215    0.19150600000000001  0.118052  -0.21086299
4216    0.19150600000000001  0.12854499999999999  -0.20602100000000001
4217    0.055091000000000001  0.082617999999999997  -0.22298699999999999
4218    0.055091000000000001  0.076078000000000007  -0.225768
4219    0.055091000000000001  0.094923999999999994  -0.21773999999999999
4220    0.055091000000000001  0.106836  -0.21249399999999999
4221    0.055091000000000001  0.112805  -0.209895
4222    0.072799000000000003  0.203537  -0.17060401
4223    0.060338000000000003  0.21156099  -0.16711799999999999
4224    0.076078000000000007  0.21773999999999999  -0.16397800000000001
4225    0.060338000000000003  0.23060800000000001  -0.15853600000000001
4226    0.073455000000000006  0.22823399  -0.15923201000000001
4227    0.060338000000000003  0.24715300000000001  -0.15101798999999999
4228    0.070831000000000005  0.249221  -0.149813
4229    0.102312  0.21773999999999999  -0.16420399999999999
4230    0.117396  0.17314299999999999  -0.18465999999999999
4231    0.137071  0.17707798999999999  -0.18318000000000001
4232    0.15740301000000001  0.165273  -0.188749
4233    0.16264901000000001  0.17576601  -0.18438399999999999
4234    0.099687999999999999  0.17576601  -0.18346499999999999
4235    0.111985  0.183672  -0.17998800000000001
4236    0.120675  0.19675300000000001  -0.17408899999999999
4237    0.11051  0.202601  -0.17140200999999999
4238    0.13838300000000001  0.20677498999999999  -0.16980100000000001
4239    0.104935  0.20987  -0.16793100999999999
4240    0.133136  0.21603800000000001  -0.16554999000000001
4241    0.122643  0.229461  -0.15921399999999999
4242    0.097064999999999999  0.22823399  -0.15929699999999999
4243    0.12493799999999999  0.240034  -0.15443299999999999
4244    0.097064999999999999  0.249221  -0.14982699999999999
4245    0.120019  0.249221  -0.150169
4246    0.14002299000000001  0.25446798999999998  -0.14800199999999999
4247    0.14166200000000001  0.243974  -0.15286499000000001
4248    0.14428600999999999  0.23348099999999999  -0.15770601000000001
4249    0.14953200999999999  0.210924  -0.16819701000000001
4250    0.15215600000000001  0.19675300000000001  -0.17460600000000001
4251    0.14166200000000001  0.19150600000000001  -0.17677701000000001
4252    0.114773  0.19195499999999999  -0.17630899999999999
4253    0.070831000000000005  0.25446798999999998  -0.147287
4254    0.107558  0.25446798999999998  -0.14744199999999999
4255    0.073455000000000006  0.25971401  -0.14497299
4256    0.099687999999999999  0.25971401  -0.14505299999999999
4257    0.057714000000000001  0.260685  -0.14472399999999999
4258    0.14822099999999999  0.25971401  -0.14590900000000001
4259    0.055091000000000001  0.25446798999999998  -0.14764699000000001
4260    0.055091000000000001  0.249221  -0.14997099
4261    0.055091000000000001  0.238621  -0.15473400000000001
4262    0.055091000000000001  0.23348099999999999  -0.15701499999999999
4263    0.055091000000000001  0.19217300000000001  -0.17576601
4264    0.055091000000000001  0.20499501000000001  -0.16983500000000001
4265    0.055091000000000001  0.21490498999999999  -0.165273
4266    0.055091000000000001  0.22484100000000001  -0.160826
4267    0.055091000000000001  0.18626000000000001  -0.17844699
4268    0.18101300000000001  0.16789599999999999  -0.18866099
4269    0.18626000000000001  0.165273  -0.189863
4270    0.18626000000000001  0.17576601  -0.18495800000000001
4271    0.073455000000000006  0.264961  -0.14245099999999999
4272    0.108214  0.264961  -0.14266300000000001
4273    0.13903899  0.264961  -0.14313698999999999
4274    0.102312  0.270208  -0.14033999999999999
4275    0.14953200999999999  0.26758399999999999  -0.14224999999999999
4276    0.072799000000000003  0.27143201  -0.139622
4277    0.049843999999999999  0.264961  -0.14278699
4278    0.044596999999999998  0.27163400999999998  -0.13967599999999999
4279    0.14690900000000001  0.27545500000000001  -0.13849500000000001
4280    0.049843999999999999  0.25971401  -0.14491799
4281    0.16592899999999999  0.20593500000000001  -0.17109100999999999
4282    0.174455  0.179701  -0.18323199000000001
4283    0.18101300000000001  0.17838999999999999  -0.18408801
4284    0.18101300000000001  0.18888300999999999  -0.17937700000000001
4285    0.17576601  0.20872099999999999  -0.17040899000000001
4286    0.16789599999999999  0.21931999999999999  -0.165273
4287    0.17576601  0.22092600000000001  -0.16479599
4288    0.17051899000000001  0.23621200000000001  -0.157529
4289    0.16396099  0.22823399  -0.160888
4290    0.17051899000000001  0.25184399000000002  -0.15026
4291    0.165273  0.26621601  -0.14354998999999999
4292    0.17051899000000001  0.26627298999999999  -0.143647
4293    0.165273  0.28594800999999997  -0.13447498999999999
4294    0.17051899000000001  0.27827900999999999  -0.13804699000000001
4295    0.17576601  0.23152301  -0.159695
4296    0.17576601  0.243974  -0.15367700000000001
4297    0.17051899000000001  0.288885  -0.13293999000000001
4298    0.165273  0.30033000999999998  -0.12789798999999999
4299    0.055091000000000001  0.160026  -0.18969100999999999
4300    0.055091000000000001  0.18049799999999999  -0.18101300000000001
4301    0.055091000000000001  0.16814299999999999  -0.18626000000000001
4302    0.055091000000000001  0.17576601  -0.18302999
4303    0.118052  0.27545500000000001  -0.13802600000000001
4304    0.089194999999999997  -0.024742  -0.26973301
4305    0.092474000000000001  -0.015740000000000001  -0.26621299999999998
4306    0.086570999999999995  0.00055400000000000002  -0.25890299999999999
4307    0.086570999999999995  -0.013117  -0.26464099000000002
4308    0.055091000000000001  0.067787  -0.22913900000000001
4309    0.055091000000000001  0.056964000000000001  -0.23348099999999999
4310    0.047220999999999999  0.28070100999999997  -0.13513499000000001
4311    0.039350999999999997  0.27545500000000001  -0.13786501000000001
4312    0.055091000000000001  0.14313999999999999  -0.19675300000000001
4313    0.055091000000000001  0.14953200999999999  -0.19405399000000001
4314    0.054836999999999997  0.15492600000000001  -0.19156300000000001
4315    -0.21773999999999999  -0.067108000000000001  -0.29050499000000002
4316    0.089194999999999997  -0.049843999999999999  -0.27987999000000002
4317    0.078700999999999993  -0.049843999999999999  -0.27926498999999999
4318    0.083292000000000005  -0.031481000000000002  -0.27221098999999999
4319    0.070831000000000005  -0.041818000000000001  -0.27551599999999998
4320    0.057714000000000001  -0.055091000000000001  -0.27993100999999998
4321    0.076078000000000007  -0.065851999999999994  -0.28582798999999998
4322    0.078700999999999993  -0.018363999999999998  -0.26630198999999999
4323    0.039350999999999997  -0.081324999999999995  -0.29109600000000002
4324    0.064272999999999997  -0.078185000000000004  -0.29091500999999997
4325    0.044596999999999998  -0.083947999999999995  -0.29270299999999999
4326    0.049843999999999999  -0.091817999999999997  -0.29681300999999999
4327    0.072799000000000003  -0.002581  -0.25899801
4328    0.20200001000000001  0.0078700000000000003  -0.25867700999999999
4329    0.20200001000000001  0.017780000000000001  -0.25418800000000003
4330    0.18101300000000001  0.199377  -0.174482
4331    0.154779  0.28332499  -0.13508099000000001
4332    0.152812  0.29513001  -0.12954300999999999
4333    0.14953200999999999  0.30693501000000001  -0.12403400000000001
4334    0.165273  0.309558  -0.123546
4335    0.15871399999999999  0.31677300000000003  -0.11971900000000001
4336    0.165273  0.320052  -0.118369
4337    0.160026  0.33003300000000002  -0.113344
4338    0.14822099999999999  0.314805  -0.120156
4339    0.15215600000000001  0.32529899000000001  -0.115129
4340    0.14428600999999999  0.32792199  -0.113589
4341    0.015740000000000001  0.30693501000000001  -0.121945
4342    0.016067999999999999  0.31654599  -0.117647
4343    0.038039000000000003  0.317191  -0.117788
4344    0.062961000000000003  0.28250199999999998  -0.13434199999999999
4345    0.10100000000000001  0.30722901000000002  -0.123041
4346    0.120019  0.29627299000000001  -0.12851099999999999
4347    0.10362300000000001  0.28814599000000002  -0.13196801
4348    0.055091000000000001  0.29947799000000003  -0.12628800000000001
4349    0.070831000000000005  0.30680299  -0.123069
4350    0.073455000000000006  0.29408898999999999  -0.12901199999999999
4351    0.061649000000000002  0.31742901000000001  -0.117983
4352    0.102312  0.31742901000000001  -0.11813
4353    0.10624699999999999  0.32529899000000001  -0.114257
4354    0.094441999999999998  0.32792199  -0.112886
4355    0.099687999999999999  0.33842501000000003  -0.107561
4356    0.107558  0.34366198999999997  -0.105089
4357    0.072799000000000003  0.34571400000000002  -0.103975
4358    0.039350999999999997  0.33568998999999999  -0.108749
4359    0.037383  0.34496099000000002  -0.10421999999999999
4360    0.066239999999999993  0.33316900999999999  -0.11015
4361    0.001312  0.34890898999999997  -0.101823
4362    0.0052469999999999999  0.35940301000000002  -0.096851000000000007
4363    0.031481000000000002  0.36280500999999998  -0.095505999999999994
4364    0.0026229999999999999  0.36727300000000002  -0.093101000000000003
4365    0.028857000000000001  0.37514299000000001  -0.089539999999999995
4366    -0.010166  0.37514299000000001  -0.089321999999999999
4367    -0.019675000000000002  0.36330699999999999  -0.095059000000000005
4368    -0.040661999999999997  0.37251898999999999  -0.090692999999999996
4369    -0.020823000000000001  0.34690499000000002  -0.102907
4370    -0.0091819999999999992  0.35677901000000001  -0.098085000000000006
4371    -0.013773000000000001  0.33793299999999998  -0.107179
4372    0.0052469999999999999  0.33778598999999998  -0.10721700000000001
4373    -0.047220999999999999  0.33316900999999999  -0.109919
4374    -0.056403000000000002  0.35415598999999998  -0.09962
4375    -0.059026000000000002  0.34097701000000002  -0.106186
4376    -0.078045000000000003  0.33576399000000001  -0.10874200000000001
4377    0.104935  0.359483  -0.097159999999999996
4378    0.076733999999999997  0.364649  -0.094699000000000005
4379    0.102312  0.34894600999999997  -0.10233
4380    0.14428600999999999  0.34890898999999997  -0.102876
4381    0.14166200000000001  0.35940301000000002  -0.097590999999999997
4382    0.14297399999999999  0.34103899999999998  -0.10689
4383    0.020659  0.38308798999999999  -0.085592000000000001
4384    0.052139999999999999  0.38043901000000002  -0.086939000000000002
4385    -0.0026229999999999999  0.38038999000000001  -0.086646000000000001
4386    0.064601000000000006  0.39350599000000003  -0.080579999999999999
4387    0.042301999999999999  0.38826000999999999  -0.083183000000000007
4388    0.017871999999999999  0.39365499999999998  -0.080367999999999995
4389    -0.013117  0.40137698999999999  -0.076435000000000003
4390    0.034759999999999999  0.40137698999999999  -0.076661999999999994
4391    -0.036727000000000003  0.40137698999999999  -0.076483999999999996
4392    -0.061649000000000002  0.39088299999999998  -0.081656999999999993
4393    -0.097064999999999999  0.393536  -0.08004
4394    -0.091326000000000004  0.38238900999999997  -0.085646
4395    -0.123627  0.38830199999999998  -0.082771999999999998
4396    -0.13444801000000001  0.38190499  -0.085965
4397    -0.160026  0.388706  -0.082909999999999998
4398    -0.14887698999999999  0.37649199  -0.088768
4399    -0.11706800000000001  0.37384400000000001  -0.089917999999999998
4400    -0.065584000000000003  0.36989599000000001  -0.092011999999999997
4401    -0.14953200999999999  0.40137698999999999  -0.076130000000000003
4402    -0.102312  0.40137698999999999  -0.076111999999999999
4403    -0.070831000000000005  0.40137698999999999  -0.076364000000000001
4404    -0.160026  0.40137698999999999  -0.076325000000000004
4405    -0.015740000000000001  0.38563599999999998  -0.084209999999999993
4406    -0.044596999999999998  0.37913998999999998  -0.087425000000000003
4407    -0.038366999999999998  0.38826000999999999  -0.082973000000000005
4408    -0.085916000000000006  0.35022101  -0.10152799999999999
4409    -0.11346100000000001  0.34268399999999999  -0.105325
4410    -0.096408999999999995  0.32518198999999998  -0.114024
4411    -0.12920098999999999  0.32267498999999999  -0.11554399999999999
4412    -0.118052  0.33054500999999997  -0.111525
4413    -0.14428600999999999  0.32792199  -0.113182
4414    -0.107558  0.34890898999999997  -0.102149
4415    -0.094278000000000001  0.36268698999999999  -0.095366999999999993
4416    -0.102312  0.36989599000000001  -0.091748999999999997
4417    -0.14428600999999999  0.35940301000000002  -0.097193000000000002
4418    -0.119364  0.36202601000000001  -0.095732999999999999
4419    -0.165273  0.35826599999999997  -0.098719000000000001
4420    -0.165273  0.36989599000000001  -0.092610999999999999
4421    -0.15871399999999999  0.36232901000000001  -0.096250000000000002
4422    -0.165273  0.37805899999999998  -0.088400999999999993
4423    -0.156747  0.34589799999999998  -0.10445599999999999
4424    -0.14166200000000001  0.33316900999999999  -0.110428
4425    -0.156747  0.32661000000000001  -0.11412
4426    0.073455000000000006  0.38563599999999998  -0.084467
4427    0.097064999999999999  0.39148399  -0.081632999999999997
4428    0.081324999999999995  0.40137698999999999  -0.076703999999999994
4429    0.107558  0.40137698999999999  -0.076797000000000004
4430    0.12854499999999999  0.39270300000000002  -0.081442000000000001
4431    0.12854499999999999  0.40137698999999999  -0.077169000000000001
4432    0.154779  0.40137698999999999  -0.077396000000000006
4433    0.154779  0.38957101  -0.083266999999999994
4434    0.123955  0.38301300999999999  -0.086101999999999998
4435    0.154779  0.38038999000000001  -0.087704000000000004
4436    0.15215600000000001  0.36989599000000001  -0.092766000000000001
4437    0.123463  0.37266498999999997  -0.091060000000000002
4438    0.097064999999999999  0.38038999000000001  -0.08702
4439    0.068536  0.37262201  -0.090771000000000004
4440    0.102312  0.36989599000000001  -0.092111999999999999
4441    0.057714000000000001  0.32528600000000002  -0.114082
4442    0.032135999999999998  0.32757500000000001  -0.11269
4443    0.12592199000000001  0.314805  -0.11980399999999999
4444    0.119364  0.338451  -0.107805
4445    0.15215600000000001  0.34103899999999998  -0.107238
4446    0.140351  0.29240799000000001  -0.13050801000000001
4447    0.041973999999999997  0.29119500999999998  -0.129916
4448    0.013117  0.30168799000000002  -0.124358
4449    0.013117  0.29119500999999998  -0.12944998999999999
4450    -0.165273  0.34366198999999997  -0.106174
4451    0.160026  0.34497401  -0.105763
4452    0.115429  0.364649  -0.09486
4453    0.14428600999999999  0.36727300000000002  -0.093838000000000005
4454    -0.165273  0.38964900000000002  -0.082317000000000001
4455    0.160026  0.38301300999999999  -0.086345000000000005
4456    0.034104000000000002  0.28201300000000001  -0.13441700000000001
4457    0.023609999999999999  0.28594800999999997  -0.13234501000000001
4458    0.14953200999999999  0.35940301000000002  -0.097798999999999997
4459    0.160026  0.36727300000000002  -0.094386999999999999
4460    0.160026  0.37514299000000001  -0.090432999999999999
4461    0.160026  0.35940301000000002  -0.098325999999999997
4462    0.013117  0.28594800999999997  -0.13155700000000001
4463    0.028857000000000001  0.28070100999999997  -0.13473300999999999
4464    0.034104000000000002  0.27545500000000001  -0.13736699999999999
4465    -0.17051899000000001  0.34156501  -0.107026
4466    0.165273  0.33579200999999997  -0.11029700000000001
4467    -0.20200001000000001  0.079586000000000004  -0.22744600000000001
4468    -0.20200001000000001  0.090550000000000005  -0.22239998999999999
4469    -0.23872699999999999  -0.30693501000000001  -0.39567598999999998
4470    -0.17576601  0.296628  -0.128637
4471    0.19675300000000001  0.057714000000000001  -0.23672999
4472    0.19675300000000001  0.068208000000000005  -0.23196600000000001
4473    0.22823399  -0.23348000999999999  -0.36407599000000002
4474    0.22823399  -0.22298699999999999  -0.35905999
4475    -0.013117  0.29119500999999998  -0.129381
4476    0.0026229999999999999  0.29119500999999998  -0.129186
4477    -0.23872699999999999  -0.29479  -0.39088299999999998
4478    0.055091000000000001  0.13081699999999999  -0.20200001000000001
4479    0.054753000000000003  0.119454  -0.20680200000000001
4480    0.064272999999999997  0.010494  -0.25323001000000001
4481    0.049843999999999999  0.018363999999999998  -0.24916901
4482    0.049843999999999999  0.023609999999999999  -0.24709199000000001
4483    0.049843999999999999  0.030259000000000001  -0.243974
4484    0.0052469999999999999  -0.0078700000000000003  -0.25734001000000001
4485    0.049843999999999999  -0.107558  -0.304371
4486    -0.21773999999999999  -0.056168000000000003  -0.28547400000000001
4487    -0.21773999999999999  -0.045071  -0.28048300999999998
4488    -0.19675300000000001  0.14860499999999999  -0.196301
4489    0.22823399  -0.31742901000000001  -0.39987900999999998
4490    0.140351  0.40662301000000001  -0.074482999999999994
4491    0.039350999999999997  -0.17051899000000001  -0.32971098999999998
4492    0.0078700000000000003  -0.2014  -0.34366198999999997
4493    0.22298699999999999  -0.17576601  -0.33739299
4494    0.22298699999999999  -0.16589699999999999  -0.33285599999999999
4495    0.044596999999999998  -0.091817999999999997  -0.29638200999999997
4496    -0.034104000000000002  0.28594800999999997  -0.13240099999999999
4497    -0.039350999999999997  0.28070100999999997  -0.13491701
4498    -0.039350999999999997  0.27545500000000001  -0.13722201000000001
4499    -0.028857000000000001  0.28594800999999997  -0.13236301
4500    -0.17051899000000001  0.35196  -0.101595
4501    0.160026  0.39350599000000003  -0.080938999999999997
4502    0.04972  -0.13895399999999999  -0.31746200000000002
4503    0.049843999999999999  -0.12329900000000001  -0.31103501
4504    0.049843999999999999  -0.11328199999999999  -0.30675200000000002
4505    -0.018363999999999998  0.40662301000000001  -0.073611999999999997
4506    0.091817999999999997  0.40662301000000001  -0.073852000000000001
4507    0.115429  0.41187000000000001  -0.071086999999999997
4508    0.14428600999999999  0.41213799000000001  -0.071391999999999997
4509    0.060338000000000003  0.41187000000000001  -0.070900000000000005
4510    0.090506000000000003  0.41187000000000001  -0.070849999999999996
4511    -0.072470999999999994  0.40662301000000001  -0.073389999999999997
4512    -0.115429  0.40662301000000001  -0.073140999999999998
4513    -0.036727000000000003  0.41187000000000001  -0.070583000000000007
4514    -0.014429000000000001  0.41187000000000001  -0.070613999999999996
4515    0.028857000000000001  0.40662301000000001  -0.073774000000000006
4516    0.039350999999999997  0.013622  -0.24952299999999999
4517    -0.055091000000000001  0.25971401  -0.14460698999999999
4518    0.0078700000000000003  0.28594800999999997  -0.13087199999999999
4519    -0.028857000000000001  -0.19675300000000001  -0.34137698999999999
4520    -0.010494  -0.0078700000000000003  -0.25726500000000002
4521    0.18626000000000001  0.18626000000000001  -0.17979698999999999
4522    -0.013117  -0.065584000000000003  -0.28243100999999998
4523    0.18101300000000001  0.20997499999999999  -0.169349
4524    0.081324999999999995  -0.32792199  -0.40292700999999997
4525    0.13903899  -0.32792199  -0.40291700000000003
4526    0.160026  -0.32792199  -0.403115
4527    0.19413  -0.32792199  -0.40294200000000002
4528    0.220364  -0.32792199  -0.40306899000000002
4529    -0.14756501  -0.32267498999999999  -0.400837
4530    -0.094441999999999998  -0.32267498999999999  -0.40085500000000002
4531    -0.19675300000000001  -0.32267498999999999  -0.40075298999999998
4532    -0.16396099  -0.32792199  -0.40250399999999997
4533    -0.22298699999999999  -0.32792199  -0.40248400000000001
4534    -0.040334000000000002  -0.32287498999999997  -0.40115800000000001
4535    0.0052469999999999999  -0.32276698999999998  -0.40120101000000002
4536    -0.021642999999999999  -0.32792199  -0.40283500999999999
4537    -0.091817999999999997  -0.32792199  -0.40246099000000002
4538    -0.14428600999999999  -0.32792199  -0.40243100999999998
4539    0.047220999999999999  -0.32792199  -0.40291300000000002
4540    -0.23348099999999999  -0.32792199  -0.40264299999999997
4541    0.22823399  -0.32792199  -0.40309699999999998
4542    0.21773999999999999  -0.13116901  -0.31801300999999998
4543    0.023609999999999999  -0.19011299000000001  -0.33841600999999999
4544    -0.049843999999999999  0.016060999999999999  -0.249221
4545    -0.18626000000000001  0.21754599999999999  -0.16516900000000001
4546    0.154779  0.41236099999999998  -0.071156999999999998
4547    0.044596999999999998  -0.097064999999999999  -0.29841200000000001
4548    -0.23872699999999999  -0.320052  -0.40014498999999998
4549    -0.23872699999999999  -0.32792199  -0.40241799
4550    -0.018363999999999998  -0.20187899000000001  -0.34373501000000001
4551    -0.023609999999999999  -0.19675300000000001  -0.34090701000000001
4552    0.17576601  0.25446798999999998  -0.14849899999999999
4553    -0.028857000000000001  0.28070100999999997  -0.13401399999999999
4554    -0.20724699999999999  0.040256  -0.24438301000000001
4555    -0.055091000000000001  0.023609999999999999  -0.24677399999999999
4556    -0.055091000000000001  -0.102312  -0.30156298999999998
4557    -0.018363999999999998  0.28594800999999997  -0.131579
4558    0.034104000000000002  0.0078700000000000003  -0.25141299
4559    0.028857000000000001  0.0018580000000000001  -0.25403400999999998
4560    0.044596999999999998  0.264961  -0.14230599999999999
4561    0.23348099999999999  -0.30693501000000001  -0.39560401000000001
4562    0.23348099999999999  -0.29572200999999998  -0.39115801
4563    0.23348099999999999  -0.28463599000000001  -0.38637799
4564    -0.18101300000000001  0.26280501000000001  -0.14365600000000001
4565    -0.165273  0.40137698999999999  -0.075994999999999993
4566    0.165273  0.34890898999999997  -0.103295
4567    0.17051899000000001  0.29945098999999997  -0.127774
4568    -0.22298699999999999  -0.11704299999999999  -0.31218201000000001
4569    0.034104000000000002  -0.17821001  -0.33316900999999999
4570    0.039350999999999997  -0.086570999999999995  -0.29320800000000002
4571    0.044596999999999998  0.016865000000000002  -0.249221
4572    -0.23348099999999999  -0.215142  -0.35546498999999998
4573    -0.21249399999999999  -0.0074790000000000004  -0.264961
4574    0.23348099999999999  -0.31742901000000001  -0.39935799999999999
4575    -0.23872699999999999  -0.28172901  -0.38519499000000001
4576    -0.23872699999999999  -0.27052199999999998  -0.380247
4577    0.039350999999999997  0.270208  -0.139677
4578    -0.023609999999999999  -0.070831000000000005  -0.28451699000000003
4579    -0.013117  -0.20195199999999999  -0.34366198999999997
4580    -0.0052469999999999999  -0.20202698999999999  -0.34358799000000001
4581    -0.055091000000000001  -0.107558  -0.30354100000000001
4582    -0.17576601  0.30700701000000002  -0.123336
4583    -0.080013000000000001  0.41187000000000001  -0.070277999999999993
4584    -0.14953200999999999  0.41187000000000001  -0.069894999999999999
4585    -0.11051  0.41121300999999999  -0.070418999999999995
4586    -0.160026  0.41128901000000001  -0.070455000000000004
4587    0.160026  0.40210399000000002  -0.076468999999999995
4588    0.19150600000000001  0.13903899  -0.20102300000000001
4589    0.19150600000000001  0.14953200999999999  -0.19603300000000001
4590    0.018363999999999998  -0.0017750000000000001  -0.25446798999999998
4591    0.20724699999999999  -0.029947999999999999  -0.27493200000000001
4592    -0.22298699999999999  -0.10451100000000001  -0.30630299
4593    -0.055091000000000001  0.25446798999999998  -0.14650299999999999
4594    -0.055091000000000001  -0.15167800000000001  -0.32267498999999999
4595    -0.17051899000000001  0.35985898999999999  -0.097296999999999995
4596    0.044596999999999998  -0.15444399  -0.32267498999999999
4597    -0.010494  0.28594800999999997  -0.13053699999999999
4598    -0.19150600000000001  0.18317799000000001  -0.18101300000000001
4599    -0.028857000000000001  -0.00069999999999999999  -0.25446798999999998
4600    -0.039350999999999997  0.0026229999999999999  -0.25411001
4601    -0.20200001000000001  0.101345  -0.21726598999999999
4602    -0.044596999999999998  0.270208  -0.13950799
4603    -0.049843999999999999  -0.17051899000000001  -0.33025599
4604    0.165273  0.36057900999999998  -0.097064999999999999
4605    -0.055091000000000001  0.249221  -0.148228
4606    0.22823399  -0.21249399999999999  -0.35366201000000003
4607    -0.0026229999999999999  -0.0078700000000000003  -0.25684801000000002
4608    0.19675300000000001  0.076443999999999998  -0.22823399
4609    0.018363999999999998  -0.191471  -0.33841600999999999
4610    -0.023609999999999999  -0.0020690000000000001  -0.25446798999999998
4611    0.028857000000000001  -0.076078000000000007  -0.28757301000000002
4612    0.034104000000000002  -0.081324999999999995  -0.29037099999999999
4613    -0.18626000000000001  0.22777700000000001  -0.159779
4614    -0.039350999999999997  -0.081324999999999995  -0.28984400999999999
4615    0.013117  -0.19675300000000001  -0.34117201000000003
4616    -0.049843999999999999  -0.091817999999999997  -0.29592699
4617    0.21773999999999999  -0.11809799999999999  -0.31215900000000002
4618    0.21249399999999999  -0.078700999999999993  -0.29570201000000002
4619    0.21249399999999999  -0.067695000000000005  -0.29064699999999999
4620    -0.18101300000000001  0.27221999000000002  -0.13903899
4621    -0.165273  0.41083699000000001  -0.070133000000000001
4622    -0.23348099999999999  -0.20201000999999999  -0.34890400999999999
4623    0.20200001000000001  0.028538999999999998  -0.24906200000000001
4624    -0.044596999999999998  -0.086570999999999995  -0.29250100000000001
4625    0.22823399  -0.202485  -0.34865098999999999
4626    0.023609999999999999  -0.00025900000000000001  -0.25446798999999998
4627    0.18232501000000001  -0.33316900999999999  -0.40440899000000002
4628    0.22298699999999999  -0.33316900999999999  -0.40442299999999998
4629    0.22823399  -0.33579200999999997  -0.40491799000000001
4630    -0.19675300000000001  0.15905599000000001  -0.191027
4631    0.18101300000000001  0.21817499000000001  -0.165273
4632    0.023609999999999999  0.28070100999999997  -0.13405700000000001
4633    0.17051899000000001  0.30829999000000002  -0.12329900000000001
4634    0.13903899  -0.33316900999999999  -0.40429100000000001
4635    -0.19150600000000001  -0.33316900999999999  -0.403752
4636    -0.22298699999999999  -0.33316900999999999  -0.40377399000000003
4637    -0.23348099999999999  -0.33841600999999999  -0.40492401
4638    -0.21249399999999999  -0.33841600999999999  -0.40486199
4639    -0.165273  -0.33841600999999999  -0.40492001
4640    -0.14428600999999999  -0.33316900999999999  -0.40374199
4641    -0.078700999999999993  -0.33316900999999999  -0.40384199999999998
4642    0.0062310000000000004  -0.33316900999999999  -0.40417901000000001
4643    0.055091000000000001  -0.33316900999999999  -0.40425301000000002
4644    0.110182  -0.33316900999999999  -0.40423900000000001
4645    -0.23872699999999999  -0.33579200999999997  -0.40415498999999999
4646    -0.23872699999999999  -0.25983499999999998  -0.37508899000000001
4647    -0.23872699999999999  -0.24890399999999999  -0.37002798999999997
4648    0.22298699999999999  -0.155332  -0.32765200999999999
4649    -0.17051899000000001  0.36980000000000002  -0.091761999999999996
4650    0.20200001000000001  0.039099000000000002  -0.24384600000000001
4651    0.049843999999999999  0.25446798999999998  -0.14680198999999999
4652    0.23348099999999999  -0.270208  -0.38000100999999997
4653    0.17576601  0.264961  -0.14334000999999999
4654    0.17576601  0.27459898999999999  -0.13857301
4655    0.018363999999999998  -0.070831000000000005  -0.28472900000000001
4656    -0.049843999999999999  -0.165996  -0.32792199
4657    0.17051899000000001  0.31804499000000003  -0.118052
4658    0.18626000000000001  0.19394401  -0.17576601
4659    0.18101300000000001  0.228214  -0.16001499999999999
4660    0.19675300000000001  0.088020000000000001  -0.22298699999999999
4661    -0.22823399  -0.15491299  -0.32785499000000001
4662    -0.20724699999999999  0.051796000000000002  -0.23872699999999999
4663    -0.028857000000000001  -0.191609  -0.33830800999999999
4664    0.23348099999999999  -0.26233801000000001  -0.37616399
4665    -0.054975000000000003  0.029012  -0.243974
4666    -0.17576601  0.31721600999999999  -0.117937
4667    0.160026  0.41187000000000001  -0.070644999999999999
4668    -0.0026229999999999999  0.28594800999999997  -0.129939
4669    0.165273  0.37021101000000001  -0.091817999999999997
4670    0.20724699999999999  -0.020986999999999999  -0.27061000000000002
4671    -0.21773999999999999  -0.034407  -0.27545500000000001
4672    0.160026  -0.33841600999999999  -0.40557101000000001
4673    0.19675300000000001  -0.33841600999999999  -0.40549700999999999
4674    0.22298699999999999  -0.33841600999999999  -0.40553600000000001
4675    0.23348099999999999  -0.33054500999999997  -0.40313900000000003
4676    0.028857000000000001  -0.18081801  -0.33316900999999999
4677    -0.073455000000000006  0.41711700000000002  -0.066697000000000006
4678    -0.022134999999999998  0.41801700000000003  -0.066267000000000006
4679    0.062961000000000003  0.41821398999999998  -0.066389000000000004
4680    0.109526  0.41833000999999997  -0.066439999999999999
4681    -0.160026  0.41792299999999999  -0.065584000000000003
4682    -0.106903  0.41757399000000001  -0.065948000000000007
4683    0.135104  0.41864601000000001  -0.066705
4684    0.14953200999999999  0.41711700000000002  -0.067887000000000003
4685    0.044596999999999998  0.023609999999999999  -0.24509600000000001
4686    0.049843999999999999  0.249221  -0.148421
4687    0.19150600000000001  0.160026  -0.190833
4688    -0.22298699999999999  -0.093890000000000001  -0.30118298999999998
4689    -0.034104000000000002  0.0026229999999999999  -0.25325998999999999
4690    -0.034104000000000002  0.27545500000000001  -0.13575599999999999
4691    -0.023609999999999999  -0.19336  -0.33841600999999999
4692    0.142318  -0.33841600999999999  -0.40541898999999998
4693    -0.097064999999999999  -0.33841600999999999  -0.40479499000000002
4694    -0.010494  -0.33841600999999999  -0.40515499999999999
4695    0.048531999999999999  -0.33841600999999999  -0.40530898999999998
4696    0.102312  -0.33841600999999999  -0.40532899
4697    -0.14690900000000001  -0.33841600999999999  -0.40483299
4698    0.049843999999999999  0.039669999999999997  -0.238873
4699    -0.049843999999999999  0.018363999999999998  -0.24782299999999999
4700    -0.034104000000000002  -0.076078000000000007  -0.28724699999999997
4701    0.013117  -0.070831000000000005  -0.28385100000000002
4702    0.013117  -0.0029780000000000002  -0.25446798999999998
4703    -0.21249399999999999  0.0031259999999999999  -0.25993400999999999
4704    -0.21249399999999999  0.014659999999999999  -0.25446798999999998
4705    -0.20200001000000001  0.109739  -0.21307300000000001
4706    0.034104000000000002  -0.17576601  -0.33125901000000002
4707    -0.018363999999999998  -0.070831000000000005  -0.28348698999999999
4708    -0.039350999999999997  0.0078700000000000003  -0.25065500000000002
4709    -0.18626000000000001  0.23720799000000001  -0.154779
4710    -0.19150600000000001  0.19302399000000001  -0.17576601
4711    -0.049843999999999999  0.25971401  -0.143205
4712    0.21773999999999999  -0.107282  -0.30693501000000001
4713    0.21249399999999999  -0.056403000000000002  -0.28522398999999998
4714    0.0078700000000000003  -0.19675300000000001  -0.33998600000000001
4715    0.048767999999999999  -0.102312  -0.30168799000000002
4716    0.22298699999999999  -0.14502399999999999  -0.32267498999999999
4717    0.044596999999999998  -0.102312  -0.30010301
4718    0.19675300000000001  0.100843  -0.21706501
4719    -0.22823399  -0.14433201000000001  -0.32267498999999999
4720    0.044596999999999998  0.25971401  -0.143401
4721    0.0026229999999999999  0.28594800999999997  -0.13020799999999999
4722    -0.17051899000000001  0.37972  -0.086183999999999997
4723    0.154779  0.41843000000000002  -0.066614000000000007
4724    -0.054795999999999997  -0.117286  -0.30693501000000001
4725    -0.038758000000000001  -0.18101300000000001  -0.33316900999999999
4726    0.23348099999999999  -0.24905799000000001  -0.36989599000000001
4727    -0.049843999999999999  -0.097064999999999999  -0.29713698999999999
4728    -0.035088000000000001  0.42236400000000002  -0.062887999999999999
4729    -0.083292000000000005  0.42236400000000002  -0.062526999999999999
4730    -0.118052  0.42338600999999998  -0.061247000000000003
4731    0.107558  0.42236400000000002  -0.063281000000000004
4732    0.068863999999999995  0.42236400000000002  -0.063200999999999993
4733    -0.154779  0.42236400000000002  -0.062049
4734    0.165273  0.38006698999999999  -0.086388000000000006
4735    0.13379199999999999  0.42236400000000002  -0.063829999999999998
4736    0.20724699999999999  -0.0083049999999999999  -0.26474198999999998
4737    0.018363999999999998  0.28070100999999997  -0.13284199999999999
4738    0.023178000000000001  -0.076078000000000007  -0.28609800000000002
4739    0.14953200999999999  0.42236400000000002  -0.063750000000000001
4740    0.17576601  0.28368800999999999  -0.13379199999999999
4741    -0.18101300000000001  0.28142199000000001  -0.13414398999999999
4742    -0.015740000000000001  -0.0037559999999999998  -0.25446798999999998
4743    0.18101300000000001  0.23841301000000001  -0.15460699999999999
4744    0.22823399  -0.34366198999999997  -0.40627199000000003
4745    0.17051899000000001  0.32774400999999997  -0.112705
4746    0.20724699999999999  0.0022260000000000001  -0.25951400000000002
4747    0.047421999999999999  0.25971401  -0.14428600999999999
4748    0.22823399  -0.19303398999999999  -0.34366198999999997
4749    0.028857000000000001  0.27545500000000001  -0.13578399999999999
4750    0.23348099999999999  -0.34103899999999998  -0.40527998999999998
4751    -0.23872699999999999  -0.23769799999999999  -0.364649
4752    -0.023609999999999999  0.28070100999999997  -0.132746
4753    -0.23348099999999999  -0.19176000000000001  -0.343532
4754    -0.055091000000000001  -0.142177  -0.31785801000000002
4755    0.039350999999999997  -0.16743400999999999  -0.32792199
4756    -0.23348099999999999  -0.34366198999999997  -0.40569498999999998
4757    -0.166912  -0.34366198999999997  -0.40573499000000002
4758    -0.12559400000000001  -0.34366198999999997  -0.40562599999999999
4759    -0.080013000000000001  -0.34366198999999997  -0.40568398999999999
4760    -0.0065579999999999996  -0.34366198999999997  -0.40593401000000001
4761    0.078700999999999993  -0.34366198999999997  -0.40612199999999998
4762    0.12461  -0.34366198999999997  -0.40617201000000003
4763    0.160026  -0.34366198999999997  -0.40637201000000001
4764    0.19675300000000001  -0.34366198999999997  -0.40630701000000002
4765    -0.23872699999999999  -0.34366198999999997  -0.40546301000000001
4766    -0.20724699999999999  0.061307  -0.23393000999999999
4767    -0.034104000000000002  -0.18626000000000001  -0.33527099999999999
4768    -0.17576601  0.32731301000000002  -0.112471
4769    -0.165273  0.416848  -0.065584000000000003
4770    -0.018363999999999998  -0.19527  -0.33841600999999999
4771    0.165273  0.38789001000000001  -0.082124000000000003
4772    0.023609999999999999  -0.18626000000000001  -0.33525400999999999
4773    -0.160026  0.42322599999999999  -0.061144999999999998
4774    0.154779  0.42236400000000002  -0.063343999999999998
4775    0.18626000000000001  0.203623  -0.17051899000000001
4776    -0.23872699999999999  -0.22703699999999999  -0.35940301000000002
4777    0.20200001000000001  0.049606999999999998  -0.23860799999999999
4778    0.19150600000000001  0.168956  -0.18626000000000001
4779    -0.20200001000000001  0.122349  -0.20675499999999999
4780    -0.243974  -0.32267498999999999  -0.39946100000000001
4781    0.19675300000000001  0.110443  -0.21249399999999999
4782    -0.17051899000000001  0.38836300000000001  -0.081324999999999995
4783    -0.17051899000000001  0.39679301  -0.076429999999999998
4784    0.21773999999999999  -0.096254000000000006  -0.30168799000000002
4785    -0.028857000000000001  -0.076078000000000007  -0.28567699000000002
4786    -0.039350999999999997  0.270208  -0.137877
4787    0.060338000000000003  0.42565398999999998  -0.060338000000000003
4788    0.10985399999999999  0.42671901000000001  -0.059424999999999999
4789    -0.072142999999999999  0.42499101  -0.060338000000000003
4790    0.022627000000000001  0.42655599  -0.059360000000000003
4791    -0.028528999999999999  0.42527899000000002  -0.060338000000000003
4792    0.22823399  -0.18265398999999999  -0.33841600999999999
4793    -0.054991999999999999  0.243974  -0.14963000000000001
4794    -0.055091000000000001  -0.12909699999999999  -0.31218201000000001
4795    0.23348099999999999  -0.24132700000000001  -0.36597401000000002
4796    -0.044596999999999998  0.013079  -0.249221
4797    0.22298699999999999  -0.34890898999999997  -0.40687600000000002
4798    -0.243974  -0.30984299999999998  -0.39499699999999999
4799    -0.16920800999999999  -0.34890898999999997  -0.40630901000000003
4800    -0.097064999999999999  -0.34890898999999997  -0.40615401000000001
4801    -0.18626000000000001  0.24691799  -0.14953200999999999
4802    0.160026  0.41822999999999999  -0.065584000000000003
4803    -0.22298699999999999  -0.085528000000000007  -0.296931
4804    -0.056403000000000002  -0.34890898999999997  -0.40630901000000003
4805    0.032135999999999998  -0.34890898999999997  -0.406528
4806    0.093130000000000004  -0.34890898999999997  -0.40663701000000002
4807    0.154451  -0.34890898999999997  -0.40680799000000001
4808    0.19675300000000001  -0.34890898999999997  -0.40682000000000001
4809    0.034259999999999999  -0.086570999999999995  -0.29109600000000002
4810    0.0026229999999999999  -0.005019  -0.25446798999999998
4811    -0.19150600000000001  0.20223000999999999  -0.17064001000000001
4812    0.165273  0.400177  -0.075412000000000007
4813    0.20724699999999999  0.012626999999999999  -0.25446798999999998
4814    0.034104000000000002  0.270208  -0.137905
4815    -0.154779  0.42425001000000001  -0.060338000000000003
4816    -0.055091000000000001  0.034104000000000002  -0.24102799999999999
4817    -0.243974  -0.29861599  -0.39028400000000002
4818    0.049676999999999999  0.243974  -0.14970399000000001
4819    -0.21773999999999999  -0.026342999999999998  -0.27131599000000001
4820    -0.23348099999999999  -0.34890898999999997  -0.40618101000000001
4821    0.21249399999999999  -0.046656000000000003  -0.28070100999999997
4822    -0.055091000000000001  -0.13379199999999999  -0.31391599999999997
4823    -0.0078700000000000003  -0.0051549999999999999  -0.25446798999999998
4824    -0.0026229999999999999  -0.0054310000000000001  -0.25446798999999998
4825    0.135104  0.42691099999999998  -0.059648
4826    -0.19675300000000001  0.16816400000000001  -0.18626000000000001
4827    0.17576601  0.29329898999999998  -0.12854499999999999
4828    -0.165273  0.422622  -0.060588999999999997
4829    -0.044596999999999998  0.264961  -0.14003400999999999
4830    -0.23348099999999999  -0.181778  -0.33841600999999999
4831    -0.055091000000000001  -0.12329900000000001  -0.30954701000000001
4832    0.22298699999999999  -0.13483999999999999  -0.31742901000000001
4833    0.22823399  -0.35153201000000001  -0.40692299999999998
4834    0.18101300000000001  0.24796299999999999  -0.14953200999999999
4835    -0.013117  -0.070831000000000005  -0.28231298999999999
4836    0.0026229999999999999  -0.19671699000000001  -0.33841600999999999
4837    -0.243974  -0.33841600999999999  -0.40321600000000002
4838    -0.243974  -0.34366198999999997  -0.40403399000000001
4839    0.23348099999999999  -0.22824401  -0.35940301000000002
4840    -0.22823399  -0.13663600000000001  -0.31859899000000003
4841    0.23348099999999999  -0.35153201000000001  -0.40638398999999997
4842    -0.11870799999999999  0.42985600000000002  -0.055091000000000001
4843    -0.074765999999999999  0.43043800999999998  -0.055091000000000001
4844    0.0031150000000000001  0.43086499  -0.055091000000000001
4845    0.074109999999999995  0.43103701  -0.055091000000000001
4846    -0.17051899000000001  0.40596600999999999  -0.070831000000000005
4847    -0.17576601  0.33728001000000002  -0.106892
4848    -0.23872699999999999  -0.35153201000000001  -0.40606701000000001
4849    0.19675300000000001  0.121062  -0.20724699999999999
4850    -0.038135000000000002  0.0086560000000000005  -0.249221
4851    0.14953200999999999  0.42676899000000001  -0.059479999999999998
4852    -0.20200001000000001  0.13156999999999999  -0.20200001000000001
4853    0.21249399999999999  -0.036105999999999999  -0.27545500000000001
4854    -0.21249399999999999  0.024256  -0.24952700999999999
4855    0.20200001000000001  0.060079  -0.233349
4856    -0.22298699999999999  -0.072183999999999998  -0.29050300000000001
4857    0.17051899000000001  0.33674200999999998  -0.107558
4858    -0.0026229999999999999  -0.197459  -0.33841600999999999
4859    -0.0078700000000000003  -0.197381  -0.33841600999999999
4860    0.22298699999999999  -0.35415598999999998  -0.40715000000000001
4861    -0.052468000000000001  -0.35415598999999998  -0.40656900000000001
4862    0.028857000000000001  -0.35415598999999998  -0.40673500000000001
4863    0.095753000000000005  -0.35415598999999998  -0.40686801
4864    0.177734  -0.35415598999999998  -0.40706900000000001
4865    -0.120347  -0.35415598999999998  -0.40646499000000003
4866    -0.16658400000000001  -0.35415598999999998  -0.40658501000000002
4867    -0.23348099999999999  -0.35415598999999998  -0.40641298999999997
4868    -0.20724699999999999  0.071753999999999998  -0.228654
4869    -0.18101300000000001  0.29149899000000001  -0.12869900000000001
4870    -0.012583  -0.19667599999999999  -0.33841600999999999
4871    0.21773999999999999  -0.083621000000000001  -0.29528799999999999
4872    0.044690000000000001  -0.107558  -0.30158499
4873    -0.18626000000000001  0.25634100999999998  -0.14428600999999999
4874    -0.051221000000000003  0.25446798999999998  -0.14428600999999999
4875    0.0078700000000000003  -0.070831000000000005  -0.28269601
4876    0.20724699999999999  0.022762000000000001  -0.249221
4877    -0.243974  -0.28866699000000001  -0.38563599999999998
4878    0.19150600000000001  0.178596  -0.18101300000000001
4879    0.23872699999999999  -0.32792199  -0.40025898999999998
4880    0.22298699999999999  -0.124365  -0.31218201000000001
4881    0.18626000000000001  0.212696  -0.165378
4882    0.039350999999999997  -0.091817999999999997  -0.29441801000000001
4883    0.165273  0.40763301000000002  -0.070831000000000005
4884    0.160026  0.42306301000000002  -0.061078
4885    -0.21773999999999999  -0.013367  -0.264961
4886    -0.044596999999999998  -0.17077400000000001  -0.32792199
4887    0.18101300000000001  0.25762200000000002  -0.14428600999999999
4888    0.23872699999999999  -0.30140700999999998  -0.390986
4889    0.23872699999999999  -0.31344599000000001  -0.39566699
4890    0.23872699999999999  -0.320052  -0.39785901000000001
4891    -0.17576601  0.34722598999999998  -0.101284
4892    0.22823399  -0.17257901  -0.33316900999999999
4893    -0.22823399  -0.12368  -0.31218201000000001
4894    0.17051899000000001  0.34593201000000001  -0.102312
4895    -0.057466999999999997  0.22298699999999999  -0.160026
4896    0.037872000000000003  0.013117  -0.249221
4897    0.034104000000000002  0.010838  -0.249221
4898    -0.22298699999999999  -0.062370000000000002  -0.28549400000000003
4899    -0.19150600000000001  0.21163399999999999  -0.165273
4900    0.19675300000000001  0.131327  -0.20200001000000001
4901    -0.057123  0.065584000000000003  -0.22823399
4902    -0.055091000000000001  0.038736  -0.23872699999999999
4903    0.034104000000000002  -0.17197098999999999  -0.32792199
4904    0.23348099999999999  -0.21834700000000001  -0.35379400999999999
4905    -0.23348099999999999  -0.17186899  -0.33316900999999999
4906    -0.19675300000000001  0.176562  -0.18143401000000001
4907    -0.243974  -0.35153201000000001  -0.40468200999999998
4908    0.039350999999999997  -0.161523  -0.32267498999999999
4909    0.053101000000000002  0.12854499999999999  -0.20200001000000001
4910    -0.23872699999999999  -0.217614  -0.35415598999999998
4911    -0.23872699999999999  -0.20777900999999999  -0.34857400999999999
4912    0.028857000000000001  -0.081324999999999995  -0.28790501000000002
4913    -0.056363999999999997  0.23348099999999999  -0.154779
4914    -0.055091000000000001  0.23872699999999999  -0.15124499999999999
4915    0.039350999999999997  0.264961  -0.14015099
4916    0.037060999999999997  0.270208  -0.13903899
4917    0.20200001000000001  0.070261000000000004  -0.22823399
4918    0.044596999999999998  -0.14953200999999999  -0.31916298999999998
4919    0.049843999999999999  0.044596999999999998  -0.23587701
4920    0.029302000000000002  0.0076189999999999999  -0.249221
4921    0.023609999999999999  0.0026229999999999999  -0.25132799
4922    0.17576601  0.30211898999999998  -0.123527
4923    0.21249399999999999  -0.026158000000000001  -0.270208
4924    -0.20724699999999999  0.082169000000000006  -0.22337099999999999
4925    -0.057518  0.13903899  -0.19675300000000001
4926    0.23872699999999999  -0.29119500999999998  -0.38638898999999999
4927    0.23872699999999999  -0.27789301  -0.38038999000000001
4928    0.23872699999999999  -0.33568099000000001  -0.40197899999999998
4929    0.052754000000000002  0.165273  -0.18626000000000001
4930    0.049785999999999997  0.049936000000000001  -0.23351499000000001
4931    -0.18101300000000001  0.30104899000000002  -0.12329900000000001
4932    0.0078700000000000003  -0.19530900000000001  -0.33841600999999999
4933    -0.0052469999999999999  -0.070831000000000005  -0.28142299999999998
4934    0.053786  0.20200001000000001  -0.17051899000000001
4935    0.053027999999999999  0.21249399999999999  -0.165273
4936    0.21773999999999999  -0.075329999999999994  -0.29119500999999998
4937    -0.243974  -0.27645998999999999  -0.37987101000000001
4938    -0.20200001000000001  0.140935  -0.19691500000000001
4939    0.050990000000000001  0.23348099999999999  -0.154779
4940    -0.049957000000000001  0.023504000000000001  -0.243974
4941    -0.049396000000000002  -0.15908401  -0.32267498999999999
4942    -0.054984999999999999  0.21795200000000001  -0.16009999999999999
4943    -0.056934999999999999  0.17576601  -0.18101300000000001
4944    -0.21249399999999999  0.034409000000000002  -0.24412601
4945    -0.17051899000000001  0.41303300999999998  -0.065584000000000003
4946    -0.17576601  0.35467300000000002  -0.097064999999999999
4947    -0.055822999999999998  0.076078000000000007  -0.22298699999999999
4948    -0.018363999999999998  0.28070100999999997  -0.13068200999999999
4949    0.045789000000000003  -0.14428600999999999  -0.31742901000000001
4950    0.051468  0.17576601  -0.18101300000000001
4951    0.20724699999999999  0.033234  -0.24347500999999999
4952    0.21249399999999999  -0.015699000000000001  -0.264961
4953    -0.054955999999999998  0.060625999999999999  -0.22832701
4954    -0.029905999999999999  -0.18693499  -0.33316900999999999
4955    0.18101300000000001  0.26730499000000002  -0.13903899
4956    -0.18645999999999999  0.26514399  -0.13913
4957    0.018363999999999998  -0.076078000000000007  -0.28381898999999999
4958    -0.055244000000000001  0.049461999999999999  -0.23348099999999999
4959    -0.055091000000000001  0.044596999999999998  -0.23517001000000001
4960    0.18626000000000001  0.22184300000000001  -0.160026
4961    0.20200001000000001  0.081064999999999998  -0.222856
4962    -0.056388000000000001  0.14953200999999999  -0.19150600000000001
4963    -0.042101  -0.086570999999999995  -0.29119500999999998
4964    -0.055030000000000003  0.13391501  -0.196796
4965    -0.22298699999999999  -0.053185000000000003  -0.28086501000000003
4966    0.19675300000000001  0.14017299999999999  -0.19730400000000001
4967    0.049970000000000001  0.076078000000000007  -0.2228
4968    -0.21773999999999999  -0.0035599999999999998  -0.25971401
4969    0.17051899000000001  0.35507399000000001  -0.097064999999999999
4970    0.17051899000000001  0.36437198999999998  -0.091652999999999998
4971    0.23872699999999999  -0.34628599999999998  -0.40365099999999998
4972    0.050789000000000001  0.14953200999999999  -0.19150600000000001
4973    -0.049843999999999999  -0.102312  -0.29765701
4974    0.23348099999999999  -0.209782  -0.34890898999999997
4975    -0.056134000000000003  0.18626000000000001  -0.17576601
4976    0.049843999999999999  0.065584000000000003  -0.22661400000000001
4977    -0.054822999999999997  0.22883300000000001  -0.15497901
4978    -0.043004000000000001  0.264961  -0.13903899
4979    -0.044596999999999998  -0.091817999999999997  -0.29239600999999998
4980    -0.055091000000000001  0.072562000000000001  -0.22356801000000001
4981    0.165273  0.41582400000000003  -0.064402000000000001
4982    0.165273  0.42013698999999999  -0.060338000000000003
4983    -0.055177999999999998  0.206983  -0.165273
4984    0.19150600000000001  0.186915  -0.17611299
4985    -0.24654499999999999  -0.31742901000000001  -0.39612999999999998
4986    -0.17576601  0.36346400000000001  -0.091817999999999997
4987    -0.243645  -0.264961  -0.37440499999999999
4988    0.049681999999999997  0.086860999999999994  -0.21784498999999999
4989    0.052238  0.091817999999999997  -0.21773999999999999
4990    0.050788  0.18626000000000001  -0.17576601
4991    0.0026229999999999999  -0.070831000000000005  -0.28175699999999998
4992    -0.055088999999999999  0.086574999999999999  -0.21774199999999999
4993    -0.19150600000000001  0.21978900000000001  -0.160469
4994    -0.055091000000000001  0.23348099999999999  -0.15332000000000001
4995    0.22298699999999999  -0.114693  -0.30693501000000001
4996    0.23872699999999999  -0.35415598999999998  -0.40431800000000001
4997    0.17576601  0.31143799  -0.118052
4998    0.049567  0.22823399  -0.155191
4999    0.049843999999999999  0.22298699999999999  -0.15764800000000001
5000    0.050161999999999998  0.112805  -0.20679501
5001    -0.20760298999999999  0.092182  -0.21791199999999999
5002    -0.055016000000000002  0.17069899999999999  -0.18107000000000001
5003    -0.21249399999999999  0.044295000000000001  -0.23872699999999999
5004    0.22823399  -0.16425300000000001  -0.32844600000000002
5005    0.041466999999999997  -0.097064999999999999  -0.29644199999999998
5006    0.049702000000000003  0.17084200999999999  -0.18111999000000001
5007    0.049843999999999999  0.107558  -0.20859499000000001
5008    0.049843999999999999  0.102312  -0.21090700000000001
5009    -0.18101300000000001  0.31007200000000001  -0.118052
5010    0.21773999999999999  -0.065475000000000005  -0.28600200999999997
5011    0.018363999999999998  -0.18789400000000001  -0.33316900999999999
5012    0.039241999999999999  0.018511  -0.24430899
5013    0.049589000000000001  0.060865000000000002  -0.228404
5014    0.051332999999999997  0.065584000000000003  -0.22823399
5015    0.040507000000000001  -0.160026  -0.32267498999999999
5016    -0.034104000000000002  -0.081324999999999995  -0.28667398999999999
5017    -0.22823399  -0.113758  -0.30693501000000001
5018    0.049843999999999999  0.081324999999999995  -0.22012599999999999
5019    -0.055333  0.122598  -0.20200001000000001
5020    -0.17051899000000001  0.41890901000000003  -0.060338000000000003
5021    0.045755999999999998  0.25446798999999998  -0.14428600999999999
5022    -0.19675300000000001  0.18584400000000001  -0.17576601
5023    0.049917999999999997  0.207118  -0.16519400000000001
5024    0.049843999999999999  0.055091000000000001  -0.230795
5025    0.20189399999999999  0.091725000000000001  -0.217692
5026    -0.055398000000000003  0.19589098999999999  -0.17051899000000001
5027    -0.054887999999999999  0.14477599999999999  -0.19167100000000001
5028    0.17033200000000001  0.37224400000000002  -0.087070999999999996
5029    -0.055280999999999997  0.15935199999999999  -0.18626000000000001
5030    -0.23348099999999999  -0.16264901000000001  -0.32779700000000001
5031    0.049556999999999997  0.14428600999999999  -0.19197798999999999
5032    0.23901901  -0.26823699000000001  -0.37512298999999999
5033    -0.20200001000000001  0.15007000000000001  -0.19178799999999999
5034    -0.055091000000000001  0.065584000000000003  -0.22612699999999999
5035    -0.243974  -0.25524899000000001  -0.36946800000000002
5036    0.050390999999999998  0.19675300000000001  -0.17051899000000001
5037    -0.17471300000000001  0.37251898999999999  -0.087157999999999999
5038    -0.055091000000000001  0.081324999999999995  -0.219612
5039    -0.055091000000000001  0.055091000000000001  -0.23035800000000001
5040    0.049533000000000001  0.097672999999999996  -0.21271799999999999
5041    0.049843999999999999  0.091817999999999997  -0.215583
5042    0.051272999999999999  0.102312  -0.21249399999999999
5043    0.049879  0.123248  -0.20196900000000001
5044    0.043950999999999997  0.024513  -0.243974
5045    0.049901000000000001  0.15982199999999999  -0.18626000000000001
5046    -0.054948999999999998  0.097340999999999997  -0.21259600000000001
5047    -0.057272999999999998  0.102312  -0.21249399999999999
5048    0.049843999999999999  0.23872699999999999  -0.15134400000000001
5049    0.049843999999999999  0.23348099999999999  -0.153392
5050    0.049686000000000001  0.13411400000000001  -0.19686601000000001
5051    0.051801  0.13903899  -0.19675300000000001
5052    0.18101300000000001  0.27590701000000001  -0.13403899999999999
5053    0.23872699999999999  -0.25721200999999999  -0.36989599000000001
5054    -0.21726598999999999  0.0069779999999999998  -0.25446798999999998
5055    0.18626000000000001  0.23058498999999999  -0.154779
5056    -0.054870000000000002  0.181587  -0.17595901
5057    -0.055091000000000001  0.21249399999999999  -0.16225500000000001
5058    0.20785699999999999  0.039975999999999998  -0.23904900000000001
5059    0.19675300000000001  0.150866  -0.19150600000000001
5060    0.049735000000000001  0.21795398999999999  -0.16010099999999999
5061    0.052007999999999999  0.22298699999999999  -0.160026
5062    0.21773999999999999  -0.054949999999999999  -0.28070100999999997
5063    -0.18626000000000001  0.27505699  -0.13353300000000001
5064    0.044400000000000002  -0.112805  -0.301983
5065    0.049589000000000001  0.18101300000000001  -0.17620499000000001
5066    0.049843999999999999  0.17576601  -0.178758
5067    -0.22298699999999999  -0.043625999999999998  -0.27591898999999998
5068    -0.23872699999999999  -0.199377  -0.34338798999999998
5069    -0.055091000000000001  0.091817999999999997  -0.21495800000000001
5070    -0.24686400999999999  -0.33841600999999999  -0.40137698999999999
5071    -0.028857000000000001  0.0031700000000000001  -0.249221
5072    0.013117  0.28070100999999997  -0.13075700000000001
5073    0.049843999999999999  0.14953200999999999  -0.19010299
5074    0.023609999999999999  -0.18426500000000001  -0.33316900999999999
5075    -0.055091000000000001  0.22298699999999999  -0.15765399999999999
5076    0.047253999999999997  -0.118052  -0.30693501000000001
5077    -0.243974  -0.24577199999999999  -0.36450498999999997
5078    -0.023609999999999999  -0.076078000000000007  -0.28280898999999998
5079    0.049843999999999999  0.12854499999999999  -0.199156
5080    0.19150600000000001  0.19600300000000001  -0.17051899000000001
5081    0.024084000000000001  0.27545500000000001  -0.13347299000000001
5082    -0.20724699999999999  0.10263700000000001  -0.21265100000000001
5083    0.17576601  0.32014900000000002  -0.112805
5084    0.044596999999999998  0.25446798999999998  -0.14288500000000001
5085    0.21291599999999999  -0.0074070000000000004  -0.25994300999999997
5086    -0.055091000000000001  0.12854499999999999  -0.19870399999999999
5087    0.048418999999999997  -0.12854499999999999  -0.31218201000000001
5088    0.049843999999999999  0.118052  -0.203821
5089    -0.055091000000000001  0.154779  -0.187474
5090    -0.055091000000000001  0.19150600000000001  -0.17181399
5091    -0.055091000000000001  0.20200001000000001  -0.16701099
5092    -0.191834  0.22823399  -0.15514900000000001
5093    -0.054830999999999998  0.108138  -0.207452
5094    -0.055091000000000001  0.102312  -0.210198
5095    -0.056340000000000001  0.112805  -0.20724699999999999
5096    -0.055091000000000001  0.118052  -0.20333699999999999
5097    -0.24785299999999999  -0.30693501000000001  -0.39088299999999998
5098    0.20200001000000001  0.10188  -0.21249399999999999
5099    0.165273  0.42236400000000002  -0.057962
5100    -0.052581000000000003  -0.107558  -0.30168799000000002
5101    -0.22790500999999999  -0.102968  -0.30168799000000002
5102    0.039350999999999997  -0.097064999999999999  -0.29396000999999999
5103    0.22823399  -0.154254  -0.322934
5104    -0.21249399999999999  0.053789999999999998  -0.23348099999999999
5105    -0.24898398999999999  -0.32302998999999999  -0.39601599999999998
5106    -0.249221  -0.33054500999999997  -0.39776700999999998
5107    0.049843999999999999  0.13903899  -0.19456799
5108    -0.24276900000000001  -0.23348000999999999  -0.35940301000000002
5109    0.17083198999999999  0.38072401  -0.081498000000000001
5110    0.16931599  0.38563599999999998  -0.080189999999999997
5111    0.160026  0.42798299000000001  -0.055530999999999997
5112    -0.18138800999999999  0.31779798999999997  -0.11301
5113    0.17052300000000001  0.39089098999999999  -0.076078000000000007
5114    0.049843999999999999  0.21249399999999999  -0.16219801
5115    -0.055091000000000001  0.13903899  -0.19414400000000001
5116    -0.023609999999999999  0.00070699999999999995  -0.249221
5117    0.23348099999999999  -0.20167399999999999  -0.34384199999999998
5118    -0.17051899000000001  0.42310600999999998  -0.055948999999999999
5119    0.22354899  -0.107558  -0.302338
5120    0.22162499999999999  -0.102312  -0.30168799000000002
5121    -0.165273  0.42766699000000002  -0.055155999999999997
5122    -0.039883000000000002  -0.17634401  -0.32792199
5123    0.049843999999999999  0.165273  -0.18329698999999999
5124    -0.045255999999999998  0.017599  -0.243974
5125    -0.055091000000000001  0.165273  -0.18292800000000001
5126    -0.028857000000000001  0.27545500000000001  -0.13307901
5127    -0.20724699999999999  0.112413  -0.20724699999999999
5128    -0.17582500000000001  0.38045298999999999  -0.081359000000000001
5129    -0.17628100999999999  0.37251898999999999  -0.085598999999999995
5130    0.18101300000000001  0.28513300000000003  -0.12854499999999999
5131    0.20756701  0.050212  -0.23366298999999999
5132    0.049843999999999999  0.19589799999999999  -0.16998599
5133    0.21773999999999999  -0.044936999999999998  -0.27545500000000001
5134    -0.249221  -0.314805  -0.39271200000000001
5135    -0.233788  -0.15403600000000001  -0.32267498999999999
5136    -0.23149399000000001  -0.14953200999999999  -0.32267498999999999
5137    -0.19150600000000001  0.23861099999999999  -0.14953200999999999
5138    -0.173794  0.40137698999999999  -0.070831000000000005
5139    0.21268500000000001  0.0028600000000000001  -0.254581
5140    0.17576601  0.32883400000000002  -0.107558
5141    0.19675300000000001  0.16017899999999999  -0.18626000000000001
5142    -0.18626000000000001  0.28396000999999998  -0.12801399999999999
5143    0.240815  -0.34103899999999998  -0.40137698999999999
5144    -0.20200001000000001  0.15943599999999999  -0.18626000000000001
5145    -0.055091000000000001  0.17576601  -0.17854300000000001
5146    0.24199999999999999  -0.32267498999999999  -0.39612999999999998
5147    0.243808  -0.32828400000000002  -0.39603200999999999
5148    0.243974  -0.33579200999999997  -0.39749801000000001
5149    0.18639500000000001  0.23888201000000001  -0.14961400999999999
5150    -0.23872699999999999  -0.19115299999999999  -0.33860001000000001
5151    -0.20982598999999999  0.068208000000000005  -0.22823399
5152    -0.17535800000000001  0.39049599000000002  -0.075817999999999997
5153    0.16742398999999999  0.41187000000000001  -0.065584000000000003
5154    0.20189199999999999  0.10994900000000001  -0.20830201000000001
5155    -0.039350999999999997  -0.086570999999999995  -0.28872799999999998
5156    -0.19510200999999999  0.19675300000000001  -0.17051899000000001
5157    0.22118399999999999  -0.091817999999999997  -0.29644199999999998
5158    0.018363999999999998  0.001305  -0.249221
5159    0.023609999999999999  0.0039459999999999999  -0.249221
5160    -0.033569000000000002  -0.081892999999999994  -0.28594800999999997
5161    0.18983000999999999  0.20724699999999999  -0.165273
5162    -0.013117  0.28070100999999997  -0.12879499999999999
5163    -0.22298699999999999  -0.033766999999999998  -0.27037799000000001
5164    0.17008001  0.40050598999999998  -0.070831000000000005
5165    0.23897699999999999  -0.24887799999999999  -0.36481601000000002
5166    0.236845  -0.243974  -0.364649
5167    0.23872699999999999  -0.23847599  -0.35940301000000002
5168    0.23653699  -0.23348000999999999  -0.35940301000000002
5169    -0.18101300000000001  0.327544  -0.107558
5170    -0.24442000999999999  -0.238089  -0.35970398999999997
5171    -0.051524  0.249221  -0.14428600999999999
5172    -0.21249399999999999  0.063645999999999994  -0.22781599999999999
5173    0.045989000000000002  -0.13379199999999999  -0.31218201000000001
5174    -0.22573399999999999  -0.078700999999999993  -0.29119500999999998
5175    -0.24888500999999999  -0.34890898999999997  -0.40108498999999997
5176    -0.051541999999999998  -0.112805  -0.30168799000000002
5177    0.23325900999999999  -0.19202400999999999  -0.33841600999999999
5178    -0.21615498999999999  0.018363999999999998  -0.249221
5179    0.17543700000000001  0.33779499000000002  -0.102312
5180    -0.188971  0.25184399000000002  -0.14428600999999999
5181    0.220998  -0.081324999999999995  -0.29119500999999998
5182    0.207287  0.060388999999999998  -0.22825899999999999
5183    -0.249221  -0.33841600999999999  -0.39949200000000001
5184    0.17943700000000001  0.29644199999999998  -0.12329900000000001
5185    0.030693999999999999  -0.17576601  -0.32792199
5186    0.028857000000000001  -0.17768800000000001  -0.32792199
5187    -0.22037499999999999  -0.018363999999999998  -0.264961
5188    -0.22825100000000001  -0.094730999999999996  -0.29665899000000001
5189    -0.19723098999999999  0.192054  -0.17085101
5190    -0.22823399  -0.083316000000000001  -0.29071200000000003
5191    0.22328700000000001  -0.097064999999999999  -0.29682799999999998
5192    -0.24185499999999999  -0.22298699999999999  -0.35415598999999998
5193    0.22814198999999999  -0.14449801000000001  -0.31742901000000001
5194    -0.19150600000000001  0.24717700000000001  -0.14428600999999999
5195    -0.17833099999999999  0.34103899999999998  -0.102312
5196    0.20158999999999999  0.122336  -0.20200001000000001
5197    -0.22298699999999999  -0.024004999999999999  -0.264961
5198    -0.20687599000000001  0.12242699999999999  -0.20200001000000001
5199    0.24374199999999999  -0.31290700999999999  -0.39088299999999998
5200    0.24148700000000001  -0.30693501000000001  -0.39088299999999998
5201    0.217526  -0.037169000000000001  -0.27116900999999999
5202    0.18598200000000001  0.24862000000000001  -0.14428600999999999
5203    -0.24909200000000001  -0.35677901000000001  -0.40126401
5204    -0.243974  -0.36202601000000001  -0.40475199000000001
5205    -0.21792698999999999  0.015976000000000001  -0.24828701
5206    0.191945  0.20252299000000001  -0.16558300000000001
5207    -0.21084900000000001  0.076078000000000007  -0.22298699999999999
5208    0.045565000000000001  -0.12329900000000001  -0.30693501000000001
5209    -0.043450999999999997  -0.091817999999999997  -0.29119500999999998
5210    0.196383  0.169678  -0.18101300000000001
5211    -0.233463  -0.14430599999999999  -0.317415
5212    0.243974  -0.320052  -0.39311798999999997
5213    0.21244099999999999  0.010366  -0.25052999999999997
5214    -0.20063998999999999  0.17051899000000001  -0.18101300000000001
5215    0.22314498999999999  -0.086359000000000005  -0.29129600999999999
5216    0.24224899999999999  -0.35153201000000001  -0.40137698999999999
5217    0.013117  -0.001248  -0.249221
5218    0.046716000000000001  0.034104000000000002  -0.23872699999999999
5219    -0.18632499999999999  0.291273  -0.12334199999999999
5220    0.202565  0.118052  -0.20283399999999999
5221    0.18145700000000001  0.29173600999999999  -0.123611
5222    0.044732000000000001  -0.13903899  -0.31218201000000001
5223    -0.051110999999999997  -0.14953200999999999  -0.31742901000000001
5224    -0.053518000000000003  -0.14428600999999999  -0.31742901000000001
5225    0.037701999999999999  0.264961  -0.13903899
5226    0.24259998999999999  -0.36202601000000001  -0.40137698999999999
5227    0.044512999999999997  0.029085  -0.23872699999999999
5228    0.0078700000000000003  0.280559  -0.12868499999999999
5229    -0.0078700000000000003  0.28238600000000003  -0.12854499999999999
5230    -0.044873999999999997  0.26054298999999997  -0.13903899
5231    0.0026229999999999999  0.28233399999999997  -0.12854499999999999
5232    -0.0026229999999999999  0.28307900000000003  -0.12854499999999999
5233    -0.034344  0.270208  -0.13379199999999999
5234    0.029242000000000001  0.270208  -0.13379199999999999
5235    0.18232501000000001  -0.049003999999999999  0.45384401000000002
5236    0.15871399999999999  -0.049523999999999999  0.45369800999999998
5237    0.17051899000000001  -0.056452000000000002  0.443351
5238    0.154779  -0.055351999999999998  0.44523001000000001
5239    0.15084399000000001  -0.063769999999999993  0.43285700999999999
5240    0.14428600999999999  -0.046239000000000002  0.45900601000000002
5241    0.13903899  -0.062294000000000002  0.43548101
5242    0.20527898999999999  -0.056944000000000002  0.44072699999999998
5243    0.18626000000000001  -0.055987000000000002  0.443351
5244    0.17576601  -0.063200000000000006  0.43285700999999999
5245    0.202656  -0.065563999999999997  0.42752900999999999
5246    0.17051899000000001  -0.066733000000000001  0.42761000999999998
5247    0.13903899  -0.067587999999999995  0.42761000999999998
5248    0.166912  -0.070458999999999994  0.42236400000000002
5249    0.19150700000000001  -0.090417999999999998  0.39088299999999998
5250    0.20724699999999999  -0.088264999999999996  0.39349498999999999
5251    0.19806499999999999  -0.083988999999999994  0.40020498999999998
5252    0.20593500000000001  -0.078632999999999995  0.40787199000000002
5253    0.19019499000000001  -0.080744999999999997  0.40553900999999998
5254    0.202656  -0.070337999999999998  0.42034701000000002
5255    0.18330800999999999  -0.073440000000000005  0.41683598999999999
5256    0.21118200000000001  -0.046448000000000003  0.45646798999999999
5257    0.21773999999999999  -0.072247000000000006  0.41711700000000002
5258    0.21773999999999999  -0.056689999999999997  0.44072699999999998
5259    0.22298699999999999  -0.050154999999999998  0.45051198999999997
5260    0.22298699999999999  -0.054813000000000001  0.443351
5261    0.17576601  -0.039134000000000002  0.46958399000000001
5262    0.18888300999999999  -0.045524000000000002  0.45909101000000002
5263    0.20987  -0.038039999999999997  0.46958399000000001
5264    0.158058  -0.044298999999999998  0.46186501000000002
5265    0.14428600999999999  -0.039434999999999998  0.46958399000000001
5266    0.22298699999999999  -0.043116000000000002  0.46171400000000001
5267    0.22298699999999999  -0.038087000000000003  0.46958399000000001
5268    0.16920800999999999  -0.034104000000000002  0.47691499999999998
5269    0.14428600999999999  -0.032066999999999998  0.48007801
5270    0.19281799999999999  -0.034104000000000002  0.47589901000000001
5271    0.21249399999999999  -0.034104000000000002  0.47498499999999999
5272    0.21773999999999999  -0.078646999999999995  0.40791300000000003
5273    0.21773999999999999  -0.089729000000000003  0.39088299999999998
5274    0.18035698999999999  -0.085740999999999998  0.39902100000000001
5275    0.16723999000000001  -0.081469  0.40652099000000003
5276    0.16789599999999999  -0.091697000000000001  0.39088299999999998
5277    0.22298699999999999  -0.034104000000000002  0.47520300999999998
5278    0.22298699999999999  -0.059399  0.43588299000000003
5279    0.165273  -0.031847  0.48007801
5280    0.18101300000000001  -0.031400999999999998  0.48007801
5281    0.213805  -0.029533  0.48087001000000001
5282    0.22298699999999999  -0.029618999999999999  0.48097000000000001
5283    0.13903899  -0.075275999999999996  0.41711700000000002
5284    0.17183100000000001  -0.075176999999999994  0.41517400999999998
5285    0.15346799999999999  -0.081324999999999995  0.40793099999999999
5286    0.13903899  -0.081659999999999996  0.40855100999999999
5287    0.15609100000000001  -0.086346000000000006  0.40066499
5288    0.15215600000000001  -0.092503000000000002  0.39088299999999998
5289    0.13903899  -0.086730000000000002  0.40161401000000002
5290    0.13903899  -0.090103000000000003  0.39612999999999998
5291    0.13379199999999999  -0.090020000000000003  0.39612999999999998
5292    0.13379199999999999  -0.086570999999999995  0.40170299999999998
5293    0.13379199999999999  -0.072998999999999994  0.41984099000000002
5294    0.20855799  -0.092892000000000002  0.38563599999999998
5295    0.181669  -0.093914999999999998  0.38563599999999998
5296    0.22298699999999999  -0.071640999999999996  0.41711700000000002
5297    0.22823399  -0.035630000000000002  0.47220799000000002
5298    0.22823399  -0.029895000000000001  0.48007801
5299    0.22298699999999999  -0.081794000000000006  0.40210199000000002
5300    0.22298699999999999  -0.076994999999999994  0.40924701000000002
5301    0.13903899  -0.040813000000000002  0.46696100000000001
5302    0.13903899  -0.051331000000000002  0.45122098999999999
5303    0.13903899  -0.092982999999999996  0.39088299999999998
5304    0.22823399  -0.039981999999999997  0.46538001000000001
5305    0.22823399  -0.043962000000000001  0.45909101000000002
5306    0.13379199999999999  -0.067133999999999999  0.42761000999999998
5307    0.13379199999999999  -0.061573000000000003  0.43548101
5308    0.13903899  -0.031677999999999998  0.48007801
5309    0.14428600999999999  -0.028271999999999999  0.48467200999999999
5310    0.13903899  -0.028035000000000001  0.48442700999999999
5311    0.160026  -0.028115999999999999  0.48453700999999999
5312    0.18101300000000001  -0.028857000000000001  0.48304200000000003
5313    0.15215600000000001  -0.095127000000000003  0.38563599999999998
5314    0.22823399  -0.048489999999999998  0.45122098999999999
5315    0.21773999999999999  -0.092456999999999998  0.38563599999999998
5316    0.13903899  -0.095384999999999998  0.38563599999999998
5317    0.22298699999999999  -0.087376999999999996  0.39310801000000001
5318    0.13379199999999999  -0.095200000000000007  0.38563599999999998
5319    0.22823399  -0.024313999999999999  0.48600999
5320    0.22298699999999999  -0.023609999999999999  0.48715799999999998
5321    0.21249399999999999  -0.023609999999999999  0.48693201000000003
5322    0.18888300999999999  -0.095917000000000002  0.38038999000000001
5323    0.16396099  -0.096636  0.38038999000000001
5324    0.21249399999999999  -0.094914999999999999  0.38038999000000001
5325    0.13379199999999999  -0.055508000000000002  0.44392400999999998
5326    0.22298699999999999  -0.091311000000000003  0.38563599999999998
5327    0.14428600999999999  -0.022889  0.48999800999999998
5328    0.13903899  -0.023609999999999999  0.48888200999999998
5329    0.15215600000000001  -0.023609999999999999  0.489232
5330    0.19347399000000001  -0.023609999999999999  0.48765998999999999
5331    0.13379199999999999  -0.048973999999999997  0.45266299999999998
5332    0.12854499999999999  -0.091571  0.39088299999999998
5333    0.21773999999999999  -0.094392000000000004  0.38038999000000001
5334    0.22823399  -0.054602999999999999  0.44072699999999998
5335    0.12854499999999999  -0.085857000000000003  0.40032199000000002
5336    0.12854499999999999  -0.081324999999999995  0.40641999000000001
5337    0.22823399  -0.059311999999999997  0.43285700999999999
5338    0.228323  -0.064029000000000003  0.42504399999999998
5339    0.22823399  -0.074372999999999995  0.40925099999999998
5340    0.22823399  -0.069231000000000001  0.41711700000000002
5341    0.14166200000000001  -0.096952999999999998  0.38038999000000001
5342    0.13379199999999999  -0.038727999999999999  0.46753800000000001
5343    0.13379199999999999  -0.033862999999999997  0.47450700000000001
5344    0.22823399  -0.018596000000000001  0.49072099000000002
5345    0.165273  -0.021308000000000001  0.49057098999999998
5346    0.21249399999999999  -0.018662000000000002  0.49076101
5347    0.22298699999999999  -0.018849000000000001  0.49088100000000001
5348    0.22298699999999999  -0.093022999999999995  0.38038999000000001
5349    0.12854499999999999  -0.093812999999999994  0.38563599999999998
5350    0.13379199999999999  -0.096630999999999995  0.38038999000000001
5351    0.19408301  -0.097118999999999997  0.37514299000000001
5352    0.21249399999999999  -0.096276  0.37514299000000001
5353    0.13379199999999999  -0.029252  0.48054200000000002
5354    0.22823399  -0.079558000000000004  0.40137698999999999
5355    0.12854499999999999  -0.076546000000000003  0.41245499000000002
5356    0.12854499999999999  -0.070246000000000003  0.42037401000000002
5357    0.21773999999999999  -0.095630000000000007  0.37514299000000001
5358    0.23348099999999999  -0.027129  0.48007801
5359    0.23348099999999999  -0.02281  0.48460001000000003
5360    0.23348099999999999  -0.018363999999999998  0.48830899999999999
5361    0.14428600999999999  -0.018363999999999998  0.49309598999999998
5362    0.174455  -0.018363999999999998  0.49216800999999999
5363    0.13903899  -0.018363999999999998  0.49256
5364    0.13379199999999999  -0.024178000000000002  0.48586899
5365    0.12854499999999999  -0.065584000000000003  0.42633301000000001
5366    0.12854499999999999  -0.095454999999999998  0.38038999000000001
5367    0.23348099999999999  -0.034320000000000003  0.46992400000000001
5368    0.23348099999999999  -0.039100000000000003  0.46171400000000001
5369    0.160026  -0.097673999999999997  0.37514299000000001
5370    0.22823399  -0.085859000000000005  0.39088299999999998
5371    0.22823399  -0.088294999999999998  0.38563599999999998
5372    0.22298699999999999  -0.094186000000000006  0.37514299000000001
5373    0.12854499999999999  -0.060338000000000003  0.43320798999999999
5374    0.14166200000000001  -0.097649  0.37514299000000001
5375    0.12854499999999999  -0.054012999999999999  0.44115200999999998
5376    0.13379199999999999  -0.097244999999999998  0.37514299000000001
5377    0.12854499999999999  -0.096287999999999999  0.37514299000000001
5378    0.13379199999999999  -0.018363999999999998  0.49045199
5379    0.22298699999999999  -0.013117  0.49382999999999999
5380    0.22823399  -0.013117  0.49351500999999998
5381    0.21249399999999999  -0.013117  0.49357799000000002
5382    0.23348099999999999  -0.044760000000000001  0.45122098999999999
5383    0.17707798999999999  -0.013117  0.49459699000000001
5384    0.14428600999999999  -0.013117  0.49567698999999998
5385    0.13903899  -0.013117  0.495168
5386    0.22823399  -0.090136999999999995  0.38038999000000001
5387    0.23300999  -0.049381000000000001  0.443351
5388    0.23348099999999999  -0.013927  0.49096098999999999
5389    0.22823399  -0.091332999999999998  0.37514299000000001
5390    0.23025999999999999  -0.070831000000000005  0.41187000000000001
5391    0.22977  -0.081324999999999995  0.39612999999999998
5392    0.23554900000000001  -0.028857000000000001  0.47483101
5393    0.23320099999999999  -0.054754999999999998  0.43285700999999999
5394    0.13379199999999999  -0.013117  0.49293700000000001
5395    0.23411298999999999  -0.050665000000000002  0.43810399999999999
5396    0.23348099999999999  -0.058826000000000003  0.42498699000000001
5397    0.231958  -0.065584000000000003  0.41711700000000002
5398    0.118052  -0.092088000000000003  0.36989599000000001
5399    0.23664499999999999  -0.023609999999999999  0.48007801
5400    0.230156  -0.086570999999999995  0.38563599999999998
5401    0.231685  -0.076078000000000007  0.40137698999999999
5402    0.23348099999999999  -0.065227999999999994  0.41449401000000002
5403    0.23633999999999999  -0.018363999999999998  0.48532501
5404    0.23330100000000001  -0.070540000000000005  0.40662301000000001
5405    0.233705  -0.076432  0.39612999999999998
5406    0.112805  -0.089996000000000007  0.36989599000000001
5407    0.23661301000000001  -0.034104000000000002  0.46433799999999997
5408    0.23301100999999999  -0.080600000000000005  0.39088299999999998
5409    0.238896  -0.023927  0.47483101
5410    0.23192299999999999  -0.086570999999999995  0.38038999000000001
5411    0.23815  -0.028857000000000001  0.46958399000000001
5412    0.23911399999999999  -0.019214999999999999  0.48007801
5413    0.233845  -0.081895999999999997  0.38563599999999998
5414    0.23672301000000001  -0.039350999999999997  0.45384401000000002
5415    0.23299199000000001  -0.086570999999999995  0.37514299000000001
5416    0.238848  -0.013270000000000001  0.48542099999999999
5417    0.23702000000000001  -0.0078700000000000003  0.49057098999999998
5418    0.233374  -0.086570999999999995  0.36989599000000001
5419    0.0065579999999999996  -0.42761000999999998  -0.38165599
5420    0.049843999999999999  -0.42761000999999998  -0.38145699999999999
5421    0.017052000000000001  -0.42899501000000001  -0.38038999000000001
5422    0.049843999999999999  -0.42879400000000001  -0.38038999000000001
5423    0.119364  -0.42899199999999998  -0.38038999000000001
5424    0.12854499999999999  -0.42761000999999998  -0.38167799000000002
5425    0.177734  -0.42761000999999998  -0.38185400000000003
5426    0.047220999999999999  -0.42236400000000002  -0.38547301
5427    0.115429  -0.42236400000000002  -0.38556001000000001
5428    0.14494199999999999  -0.42236400000000002  -0.38547399999999998
5429    0.0085260000000000006  -0.42238199999999998  -0.38563999999999998
5430    -0.030169000000000001  -0.42246898999999999  -0.38563599999999998
5431    -0.039350999999999997  -0.42761000999999998  -0.38170200999999998
5432    -0.081324999999999995  -0.42236400000000002  -0.38558998999999999
5433    0.18101300000000001  -0.42236400000000002  -0.38549101000000002
5434    0.219052  -0.42761000999999998  -0.38134399000000002
5435    0.21511699000000001  -0.42236400000000002  -0.38516101000000003
5436    -0.073126999999999998  -0.42761000999999998  -0.38148799999999999
5437    -0.14133399999999999  -0.42812401  -0.38084500999999998
5438    -0.10886999999999999  -0.42236400000000002  -0.385409
5439    -0.073455000000000006  -0.41711700000000002  -0.38932201
5440    -0.036727000000000003  -0.41711700000000002  -0.38937199
5441    0.015084  -0.41711700000000002  -0.38922200000000001
5442    0.087554999999999994  -0.41711700000000002  -0.38906299999999999
5443    -0.16789599999999999  -0.41711700000000002  -0.38915199
5444    -0.111494  -0.41711700000000002  -0.38916799000000002
5445    -0.14526901  -0.42236400000000002  -0.38545900999999999
5446    -0.17183100000000001  -0.42236400000000002  -0.38553700000000002
5447    -0.17051899000000001  -0.42761000999999998  -0.38146998999999998
5448    -0.22561  -0.42780300999999998  -0.38041601000000003
5449    -0.23085700000000001  -0.42236400000000002  -0.38451099
5450    -0.20691899999999999  -0.42783901000000002  -0.38075301
5451    -0.204459  -0.422344  -0.38507801000000003
5452    -0.20593500000000001  -0.41711700000000002  -0.38866001
5453    -0.23348099999999999  -0.41711700000000002  -0.38812198999999997
5454    0.22823399  -0.42236400000000002  -0.38475901000000001
5455    0.22823399  -0.42791799000000003  -0.38065901000000002
5456    -0.23872699999999999  -0.41973999000000001  -0.38591199999999998
5457    0.13248098999999999  -0.41711700000000002  -0.38890201000000002
5458    0.160026  -0.41711700000000002  -0.38885598999999998
5459    0.19150600000000001  -0.41711700000000002  -0.38873401000000002
5460    -0.110182  -0.41441101000000002  -0.39088299999999998
5461    -0.048531999999999999  -0.41467600999999998  -0.39088299999999998
5462    -0.154779  -0.41432899000000001  -0.39088299999999998
5463    0.22298699999999999  -0.41711700000000002  -0.38827601
5464    -0.18232501000000001  -0.414078  -0.39088299999999998
5465    -0.23348099999999999  -0.41272398999999999  -0.39088299999999998
5466    0.112805  -0.41399699000000001  -0.39088299999999998
5467    0.068863999999999995  -0.41413  -0.39088299999999998
5468    0.014429000000000001  -0.41442700999999998  -0.39088299999999998
5469    -0.23872699999999999  -0.41231999000000003  -0.39088299999999998
5470    0.112805  -0.40662301000000001  -0.39500998999999998
5471    0.14297399999999999  -0.40662301000000001  -0.39469000999999998
5472    0.18626000000000001  -0.40662301000000001  -0.39453899999999997
5473    0.20987  -0.40662301000000001  -0.39425501000000002
5474    0.22823399  -0.40662301000000001  -0.39398699999999998
5475    -0.23348099999999999  -0.40662301000000001  -0.39428299999999999
5476    -0.17051899000000001  -0.40662301000000001  -0.39505699
5477    -0.14002299000000001  -0.40662301000000001  -0.39510801000000001
5478    -0.091162000000000007  -0.40662301000000001  -0.39521801000000001
5479    -0.028857000000000001  -0.40662301000000001  -0.39531200999999999
5480    0.018036  -0.40662301000000001  -0.395206
5481    0.068208000000000005  -0.40662301000000001  -0.39513599999999999
5482    0.22823399  -0.41458201  -0.38950899
5483    -0.23872699999999999  -0.40428001000000002  -0.39524000999999997
5484    0.23348099999999999  -0.41138398999999998  -0.39088299999999998
5485    0.23348099999999999  -0.42236400000000002  -0.38415101000000001
5486    0.23348099999999999  -0.42761000999999998  -0.38026800999999999
5487    -0.23872699999999999  -0.42729199000000001  -0.38011
5488    -0.23348099999999999  -0.40211701  -0.39646101
5489    -0.19478599999999999  -0.40251899000000002  -0.39667299
5490    0.103295  -0.40137698999999999  -0.39750201000000002
5491    0.13641600000000001  -0.40137698999999999  -0.39719199999999999
5492    0.17183100000000001  -0.40137698999999999  -0.39701700000000001
5493    0.112805  -0.39612999999999998  -0.39973500000000001
5494    0.15346799999999999  -0.39612999999999998  -0.39939201000000002
5495    0.19150600000000001  -0.39612999999999998  -0.39919099000000002
5496    0.081324999999999995  -0.39612999999999998  -0.39978099
5497    0.049188000000000003  -0.40137698999999999  -0.39756000000000002
5498    -0.00164  -0.39612999999999998  -0.39971500999999998
5499    -0  -0.40137698999999999  -0.39759000999999999
5500    -0.058369999999999998  -0.40137698999999999  -0.39763099000000002
5501    -0.056403000000000002  -0.39612999999999998  -0.39971899999999999
5502    -0.097064999999999999  -0.39612999999999998  -0.39958799
5503    -0.10460700000000001  -0.40137698999999999  -0.39750499
5504    -0.15871399999999999  -0.39612999999999998  -0.39952499000000002
5505    -0.16789599999999999  -0.40137698999999999  -0.39741399999999999
5506    -0.19281799999999999  -0.39612999999999998  -0.39932098999999999
5507    -0.23872699999999999  -0.39612999999999998  -0.39885198999999999
5508    -0.220364  -0.39612999999999998  -0.39901701000000001
5509    0.22823399  -0.39612999999999998  -0.39885300000000001
5510    0.23348099999999999  -0.398756  -0.39731100000000003
5511    0.22823399  -0.39088299999999998  -0.400947
5512    0.23348099999999999  -0.39088299999999998  -0.40061200000000002
5513    0.17838999999999999  -0.39088299999999998  -0.40123501
5514    0.11969200000000001  -0.39088299999999998  -0.40155801000000002
5515    -0.23872699999999999  -0.39088299999999998  -0.40077400000000002
5516    -0.20495099999999999  -0.39088299999999998  -0.40104201
5517    -0.156747  -0.39088299999999998  -0.401333
5518    -0.068208000000000005  -0.39088299999999998  -0.40148499999999998
5519    -0.015412  -0.39088299999999998  -0.40151101
5520    0.060010000000000001  -0.39088299999999998  -0.40162598999999999
5521    -0.243974  -0.40400001000000002  -0.39441100000000001
5522    -0.243974  -0.41125199000000001  -0.39050499
5523    -0.243974  -0.39612999999999998  -0.39789500999999999
5524    -0.243974  -0.41711700000000002  -0.38667100999999998
5525    0.105591  -0.38563599999999998  -0.40323200999999997
5526    0.16133800000000001  -0.38563599999999998  -0.40295999999999998
5527    0.20855799  -0.38563599999999998  -0.40270999000000002
5528    0.22823399  -0.38038999000000001  -0.40432400000000002
5529    0.23348099999999999  -0.38301300999999999  -0.40309599000000002
5530    0.043614  -0.38563599999999998  -0.40314201
5531    -0.23348099999999999  -0.38038999000000001  -0.40374898999999997
5532    -0.22561  -0.38301300999999999  -0.403032
5533    -0.184948  -0.38563599999999998  -0.402702
5534    -0.14133399999999999  -0.38563599999999998  -0.40286601
5535    -0.072142999999999999  -0.38563599999999998  -0.40297698999999998
5536    -0.0078700000000000003  -0.38563599999999998  -0.40304699999999999
5537    0.202656  -0.38038999000000001  -0.40425599000000001
5538    0.15264800000000001  -0.38038999000000001  -0.40437201
5539    -0.243974  -0.39088299999999998  -0.39981100000000003
5540    -0.23872699999999999  -0.38038999000000001  -0.40361601000000003
5541    0.23872699999999999  -0.39936101000000002  -0.39574501000000001
5542    0.23872699999999999  -0.40905699000000001  -0.39088299999999998
5543    -0.199377  -0.38038999000000001  -0.40391701000000002
5544    -0.160026  -0.38038999000000001  -0.404109
5545    -0.052304000000000003  -0.38038999000000001  -0.40426800000000002
5546    0.033447999999999999  -0.38038999000000001  -0.40436699999999998
5547    0.092474000000000001  -0.38038999000000001  -0.40448400000000001
5548    0.23872699999999999  -0.41750699000000002  -0.38587701000000002
5549    0.17576601  -0.42932701000000001  -0.38038999000000001
5550    -0.243974  -0.42555499000000002  -0.38038999000000001
5551    0.20200001000000001  -0.37514299000000001  -0.40533798999999998
5552    0.22823399  -0.37514299000000001  -0.40548899999999999
5553    -0.224299  -0.37251898999999999  -0.40509500999999998
5554    -0.20724699999999999  -0.37514299000000001  -0.40485999
5555    -0.23348099999999999  -0.37251898999999999  -0.40516201000000002
5556    0.23348099999999999  -0.37251898999999999  -0.40546399
5557    0.15609100000000001  -0.37514299000000001  -0.40536100000000003
5558    0.10100000000000001  -0.37514299000000001  -0.40534100000000001
5559    -0.064436999999999994  -0.37514299000000001  -0.40513700000000002
5560    -0.137071  -0.37514299000000001  -0.40505998999999998
5561    0.032955999999999999  -0.37514299000000001  -0.40525698999999998
5562    -0.23872699999999999  -0.37251898999999999  -0.40501799999999999
5563    -0.243974  -0.38038999000000001  -0.40251899000000002
5564    0.22823399  -0.36989599000000001  -0.40634199999999998
5565    -0.078536999999999996  -0.36989599000000001  -0.40581699999999998
5566    -0.131825  -0.36989599000000001  -0.405783
5567    -0.20331199  -0.36989599000000001  -0.40565699
5568    -0.0052469999999999999  -0.36989599000000001  -0.40585600999999999
5569    0.051156  -0.36989599000000001  -0.40597799000000001
5570    0.098212999999999995  -0.36989599000000001  -0.40601199999999998
5571    0.14953200999999999  -0.36989599000000001  -0.40610099
5572    0.20200001000000001  -0.36989599000000001  -0.40612199999999998
5573    0.23872699999999999  -0.38826000999999999  -0.39998600000000001
5574    0.23872699999999999  -0.42395200999999999  -0.38152099
5575    -0.21232999999999999  -0.364649  -0.40611899000000001
5576    -0.23348099999999999  -0.36202601000000001  -0.40622800999999997
5577    -0.152812  -0.364649  -0.40628201000000003
5578    -0.23872699999999999  -0.36202601000000001  -0.406032
5579    0.20855799  -0.364649  -0.40671300999999999
5580    0.22823399  -0.364649  -0.40684301
5581    0.110182  -0.364649  -0.406497
5582    0.039350999999999997  -0.364649  -0.40643799000000003
5583    -0.088210999999999998  -0.364649  -0.406252
5584    -0.012871  -0.364649  -0.40631100999999997
5585    -0.243974  -0.37251898999999999  -0.40382999000000003
5586    0.23348099999999999  -0.36202601000000001  -0.40647301000000002
5587    0.133136  -0.35940301000000002  -0.40687999000000002
5588    0.20724699999999999  -0.35940301000000002  -0.40701198999999999
5589    -0.20987  -0.35940301000000002  -0.406472
5590    -0.097064999999999999  -0.35940301000000002  -0.40645798999999999
5591    -0.019019000000000001  -0.35940301000000002  -0.40657799999999999
5592    0.043285999999999998  -0.35940301000000002  -0.40672499000000001
5593    -0.15609100000000001  -0.35940301000000002  -0.40655801000000003
5594    0.23872699999999999  -0.38038999000000001  -0.40211001000000002
5595    0.22823399  -0.35940301000000002  -0.40707499000000003
5596    -0.17051899000000001  -0.42882000999999997  -0.38038999000000001
5597    -0.036727000000000003  -0.42905900000000002  -0.38038999000000001
5598    -0.086570999999999995  -0.42871999999999999  -0.38038999000000001
5599    0.23872699999999999  -0.42761000999999998  -0.37867999000000002
5600    0.23872699999999999  -0.37251898999999999  -0.40348100999999997
5601    -0.23056599  -0.43810399999999999  -0.36998501
5602    -0.220364  -0.43810399999999999  -0.37035300999999998
5603    -0.17051899000000001  -0.43337600999999998  -0.37564798999999999
5604    -0.19150700000000001  -0.43810399999999999  -0.37068000000000001
5605    -0.145925  -0.43810399999999999  -0.37094799000000001
5606    -0.118052  -0.43810399999999999  -0.37106800000000001
5607    -0.11346100000000001  -0.43285700999999999  -0.37603500000000001
5608    -0.080669000000000005  -0.43810399999999999  -0.37133500000000003
5609    -0.072142999999999999  -0.43285700999999999  -0.37624999999999997
5610    -0.049843999999999999  -0.43810399999999999  -0.37161601
5611    -0.015084  -0.43285700999999999  -0.37642999999999999
5612    0.055254999999999999  -0.43285700999999999  -0.37623200000000001
5613    -0.017052000000000001  -0.43810399999999999  -0.37158200000000002
5614    0.090833999999999998  -0.43810399999999999  -0.37114701
5615    0.037711000000000001  -0.43810399999999999  -0.37139898999999998
5616    0.101656  -0.43285700999999999  -0.37622401
5617    0.13641600000000001  -0.43810399999999999  -0.37112298999999999
5618    0.14313801000000001  -0.43356298999999998  -0.37580001000000002
5619    0.18626000000000001  -0.43357899999999999  -0.37587400999999998
5620    0.17838999999999999  -0.43810399999999999  -0.37115699000000002
5621    0.20987  -0.43810399999999999  -0.37081598999999998
5622    0.22298699999999999  -0.43810399999999999  -0.37057098999999999
5623    -0.23872699999999999  -0.43810399999999999  -0.36923400000000001
5624    0.22823399  -0.43810399999999999  -0.37018800000000002
5625    -0.243974  -0.43645400000000001  -0.36989599000000001
5626    0.23348099999999999  -0.43810399999999999  -0.36942700000000001
5627    -0.249221  -0.40662301000000001  -0.39037298999999998
5628    0.23872699999999999  -0.43625798999999998  -0.36989599000000001
5629    -0.249221  -0.39612999999999998  -0.39518799999999998
5630    0.243974  -0.41711700000000002  -0.38337499000000003
5631    0.243974  -0.42205798999999999  -0.38017201
5632    0.244371  -0.41217800999999998  -0.38579699000000001
5633    0.243974  -0.40662301000000001  -0.38937101000000002
5634    0.244562  -0.40137698999999999  -0.39136699000000003
5635    -0.249221  -0.42236400000000002  -0.38004199
5636    0.243974  -0.39612999999999998  -0.39417899000000001
5637    -0.249751  -0.39088299999999998  -0.39654800000000001
5638    -0.249221  -0.38301300999999999  -0.39893298999999999
5639    -0.249221  -0.41187000000000001  -0.38708299000000002
5640    0.23872699999999999  -0.36202601000000001  -0.40433799999999998
5641    0.243974  -0.39088299999999998  -0.396034
5642    -0.249221  -0.42785500999999998  -0.37536599999999998
5643    0.24426401  -0.42773898999999999  -0.37526301000000001
5644    0.24421900999999999  -0.43295898999999999  -0.36999100000000001
5645    -0.13936699999999999  -0.443351  -0.37175300999999999
5646    -0.18101300000000001  -0.443351  -0.37130099999999999
5647    -0.213805  -0.443351  -0.37138700000000002
5648    -0.23348099999999999  -0.443351  -0.37134298999999998
5649    -0.243974  -0.43810399999999999  -0.36772999000000001
5650    0.23872699999999999  -0.43810399999999999  -0.36754199999999998
5651    -0.249221  -0.43332699000000002  -0.36989599000000001
5652    -0.249221  -0.37514299000000001  -0.40030101000000001
5653    -0.24897601  -0.36727300000000002  -0.40118199999999998
5654    0.243974  -0.38301300999999999  -0.39794499
5655    0.179701  -0.443351  -0.37207099999999999
5656    0.20396800000000001  -0.443351  -0.37197300999999999
5657    0.14428600999999999  -0.443351  -0.37209100000000001
5658    0.093130000000000004  -0.443351  -0.372253
5659    0.046565000000000002  -0.443351  -0.37240299999999998
5660    0.243974  -0.43810399999999999  -0.36444800999999999
5661    -0.243974  -0.443351  -0.36967700999999997
5662    0.24288199999999999  -0.37383100000000002  -0.40035301000000001
5663    -0.10886999999999999  -0.443351  -0.37221700000000002
5664    -0.062797000000000006  -0.443351  -0.37261599000000001
5665    -0.249221  -0.43810399999999999  -0.36432001000000003
5666    -0.011805  -0.443351  -0.37272701000000003
5667    0.23872699999999999  -0.443351  -0.36970401000000003
5668    -0.25157499  -0.40137698999999999  -0.39088299999999998
5669    -0.25297099000000001  -0.41711700000000002  -0.38038999000000001
5670    0.22561  -0.443351  -0.37211000999999999
5671    0.247311  -0.41711700000000002  -0.38038999000000001
5672    -0.25180200000000003  -0.38563599999999998  -0.39612999999999998
5673    0.24925998999999999  -0.41194901  -0.38042501000000001
5674    0.24773800000000001  -0.40662301000000001  -0.38563599999999998
5675    -0.25392400999999998  -0.40662301000000001  -0.38563599999999998
5676    0.245334  -0.38563599999999998  -0.39612999999999998
5677    -0.23872699999999999  -0.443351  -0.37090799000000002
5678    -0.25455498999999998  -0.42768898999999999  -0.36996498999999999
5679    0.24737899999999999  -0.39612999999999998  -0.39088299999999998
5680    0.243974  -0.36727300000000002  -0.39996200999999998
5681    0.23348099999999999  -0.443351  -0.37122500000000003
5682    -0.25368699  -0.39612999999999998  -0.39088299999999998
5683    -0.254832  -0.41294301  -0.38038999000000001
5684    0.24924300999999999  -0.42763298999999999  -0.36991598999999997
5685    0.24889800000000001  -0.42193600999999997  -0.37484601000000001
5686    -0.25437799  -0.43279800000000002  -0.36458001000000001
5687    0.24911800000000001  -0.43285700999999999  -0.36447200000000002
5688    -0.25409299000000002  -0.43810399999999999  -0.35882401000000003
5689    0.249221  -0.41711700000000002  -0.37737598999999999
5690    -0.253021  -0.37776600999999999  -0.39612999999999998
5691    0.243974  -0.443351  -0.36730098999999999
5692    -0.249221  -0.443351  -0.36672500000000002
5693    -0.013117  -0.43810399999999999  0.43018201
5694    -0.00098400000000000007  -0.43285700999999999  0.42927501000000001
5695    -0.054434999999999997  -0.43285700999999999  0.42920700000000001
5696    0.087226999999999999  -0.43810399999999999  0.42954200999999997
5697    0.115429  -0.43810399999999999  0.42923599000000001
5698    0.101656  -0.43285700999999999  0.42854600999999998
5699    0.053122999999999997  -0.43810399999999999  0.42992999999999998
5700    0.052468000000000001  -0.43285700999999999  0.42907899999999999
5701    -0.067879999999999996  -0.43810399999999999  0.42990898999999999
5702    -0.104935  -0.43285700999999999  0.42885199000000002
5703    -0.118052  -0.43810399999999999  0.42958400000000002
5704    0.14166200000000001  -0.43285700999999999  0.42843400999999998
5705    0.15871399999999999  -0.43810399999999999  0.42911898999999998
5706    0.19150600000000001  -0.43285700999999999  0.42790201
5707    0.18691599  -0.43810399999999999  0.42872399
5708    0.213805  -0.43810399999999999  0.42812498999999998
5709    0.21773999999999999  -0.43285700999999999  0.42732701000000001
5710    -0.15740301000000001  -0.43285700999999999  0.42905900000000002
5711    -0.14953200999999999  -0.43810399999999999  0.429836
5712    -0.17707798999999999  -0.43810399999999999  0.42986598999999998
5713    -0.19281799999999999  -0.43285700999999999  0.42887600999999997
5714    -0.199377  -0.43810399999999999  0.42975000000000002
5715    -0.219052  -0.43285700999999999  0.42831798999999998
5716    -0.21511699000000001  -0.43810399999999999  0.42941298999999999
5717    -0.22561  -0.43810399999999999  0.42885000000000001
5718    0.22398699999999999  -0.43810399999999999  0.42769399000000002
5719    0.22561  -0.43285700999999999  0.42682001000000003
5720    -0.23141401  -0.43285700999999999  0.42749598999999999
5721    -0.23610400000000001  -0.43824399000000003  0.42777100000000001
5722    0.23610400000000001  -0.43810399999999999  0.42626600999999997
5723    0.23348099999999999  -0.43285700999999999  0.42586201000000001
5724    -0.24135098999999999  -0.43285700999999999  0.42597899
5725    -0.24659701000000001  -0.43810399999999999  0.42575899
5726    0.24135098999999999  -0.43285700999999999  0.42414798999999997
5727    0.243974  -0.43810399999999999  0.42431598999999998
5728    -0.22561  -0.43223801000000001  0.42761000999999998
5729    0.25005298999999998  -0.43810399999999999  0.42236400000000002
5730    0.249221  -0.43285700999999999  0.42211198999999999
5731    -0.0039350000000000001  -0.442909  0.43285700999999999
5732    -0.049843999999999999  -0.44292301000000001  0.43285700999999999
5733    -0.090506000000000003  -0.44334300999999998  0.43285400000000002
5734    0.057714000000000001  -0.44311099999999998  0.43285700999999999
5735    -0.20987  -0.43134999000000002  0.42761000999999998
5736    -0.14494199999999999  -0.44312799000000003  0.43285700999999999
5737    -0.20987  -0.44299701000000002  0.43285700999999999
5738    -0.118052  -0.44337200999999998  0.43283000999999999
5739    0.23085700000000001  -0.43934699999999999  0.42761000999999998
5740    0.23872699999999999  -0.44150800000000001  0.42761000999999998
5741    0.084603999999999999  -0.44335499  0.43283999000000001
5742    0.110182  -0.443351  0.43257600000000002
5743    0.179701  -0.443351  0.43241798999999997
5744    0.19413  -0.43248399999999998  0.42761000999999998
5745    -0.18560401000000001  -0.43083999000000001  0.42761000999999998
5746    -0.158058  -0.43065198999999998  0.42761000999999998
5747    -0.12329900000000001  -0.43098398999999998  0.42761000999999998
5748    -0.086570999999999995  -0.43079600000000001  0.42761000999999998
5749    0.17314299999999999  -0.43200000999999999  0.42761000999999998
5750    0.14166200000000001  -0.43163201000000001  0.42761000999999998
5751    0.104935  -0.43147901  0.42761000999999998
5752    0.076078000000000007  -0.43107000000000001  0.42761000999999998
5753    0.038039000000000003  -0.43061199999999999  0.42761000999999998
5754    -0.001312  -0.43044000999999998  0.42761000999999998
5755    -0.046565000000000002  -0.430502  0.42761000999999998
5756    -0.22562399999999999  -0.44346799999999997  0.43285700999999999
5757    0.21511699000000001  -0.443351  0.43205199
5758    -0.24135098999999999  -0.443351  0.43072301000000002
5759    0.24659701000000001  -0.443351  0.42764099999999999
5760    0.22561  -0.443351  0.43158299
5761    0.243974  -0.43120101  0.42236400000000002
5762    0.23872699999999999  -0.42975198999999997  0.42236400000000002
5763    0.23348099999999999  -0.42893799999999999  0.42236400000000002
5764    0.23610400000000001  -0.443351  0.43029401
5765    0.22561  -0.42841899  0.42236400000000002
5766    -0.23872699999999999  -0.42848398999999998  0.42236400000000002
5767    -0.243974  -0.42911300000000002  0.42236400000000002
5768    -0.249221  -0.43039501000000002  0.42236400000000002
5769    -0.24659701000000001  -0.44151699999999999  0.42761000999999998
5770    0.220364  -0.44399300000000003  0.43285700999999999
5771    -0.25446798999999998  -0.443546  0.42734501000000003
5772    0.026890000000000001  -0.443351  0.43341899
5773    -0.23085700000000001  -0.42810600999999998  0.42236400000000002
5774    0.199377  -0.42810400999999998  0.42236400000000002
5775    -0.038366999999999998  -0.443351  0.43347299
5776    -0.220364  -0.42794599999999999  0.42236400000000002
5777    0.16789599999999999  -0.42792299  0.42236400000000002
5778    0.18626000000000001  -0.44369998999999999  0.43285700999999999
5779    0.12592199000000001  -0.44355401  0.43285700999999999
5780    0.097721000000000002  -0.42781201000000002  0.42236400000000002
5781    -0.204623  -0.42784399000000001  0.42236400000000002
5782    0.17576601  -0.028185000000000002  0.42498699000000001
5783    0.19413  -0.032064000000000002  0.41842899
5784    0.17051899000000001  -0.032874  0.41711700000000002
5785    0.19150600000000001  -0.024910000000000002  0.43023399000000001
5786    0.17379898999999999  -0.019682000000000002  0.43941598999999998
5787    0.165273  -0.024941999999999999  0.43023399000000001
5788    0.16264901000000001  -0.018654  0.44072699999999998
5789    0.17314299999999999  -0.013117  0.45078200000000002
5790    0.16133800000000001  -0.013117  0.45013300000000001
5791    0.20593500000000001  -0.018203  0.44072699999999998
5792    0.20200001000000001  -0.025440999999999998  0.42892200000000003
5793    0.17838999999999999  -0.037747999999999997  0.40924701000000002
5794    0.18363599  -0.042562000000000003  0.40137698999999999
5795    0.199377  -0.035005000000000001  0.41318199
5796    0.19413  -0.042405999999999999  0.40137698999999999
5797    0.19413  -0.048529000000000003  0.39088299999999998
5798    0.18101300000000001  -0.048652000000000001  0.39088299999999998
5799    0.16920800999999999  -0.037600000000000001  0.40924701000000002
5800    0.15215600000000001  -0.050955  0.38563599999999998
5801    0.16658400000000001  -0.042278999999999997  0.40137698999999999
5802    0.16789599999999999  -0.04845  0.39088299999999998
5803    0.16789599999999999  -0.051451999999999998  0.38563599999999998
5804    0.15609100000000001  -0.033181000000000002  0.41580500999999997
5805    0.15215600000000001  -0.041637  0.40137698999999999
5806    0.15412298999999999  -0.022043  0.43416898999999998
5807    0.14953200999999999  -0.014727000000000001  0.44602199999999997
5808    0.16396099  -0.010817999999999999  0.45384401000000002
5809    0.19413  -0.051418999999999999  0.38563599999999998
5810    0.19413  -0.017221  0.443351
5811    0.19806499999999999  -0.013117  0.45010899999999998
5812    0.18363599  -0.01095  0.45384401000000002
5813    0.14428600999999999  -0.044191000000000001  0.39612999999999998
5814    0.13379199999999999  -0.049964000000000001  0.38563599999999998
5815    0.14166200000000001  -0.056112000000000002  0.37514299000000001
5816    0.13379199999999999  -0.055752000000000003  0.37514299000000001
5817    0.15412298999999999  -0.056384999999999998  0.37514299000000001
5818    0.14953200999999999  -0.032740999999999999  0.41580500999999997
5819    0.14953200999999999  -0.024074999999999999  0.43023399000000001
5820    0.14428600999999999  -0.039550000000000002  0.40377100999999999
5821    0.13379199999999999  -0.044969000000000002  0.39350599000000003
5822    0.20200001000000001  -0.049631000000000002  0.38826000999999999
5823    0.20200001000000001  -0.039614000000000003  0.40531200000000001
5824    0.20724699999999999  -0.030342999999999998  0.41996101000000002
5825    0.13903899  -0.022148999999999999  0.43154499000000002
5826    0.13903899  -0.029176000000000001  0.41973999000000001
5827    0.13379199999999999  -0.033529999999999997  0.41187000000000001
5828    0.13379199999999999  -0.028778000000000001  0.41973999000000001
5829    0.13379199999999999  -0.020508999999999999  0.43416898999999998
5830    0.13903899  -0.012001  0.44859701000000002
5831    0.13379199999999999  -0.012102  0.44859701000000002
5832    0.14953200999999999  -0.0078700000000000003  0.45654601
5833    0.13903899  -0.0078700000000000003  0.45481800999999999
5834    0.154779  -0.0078700000000000003  0.45713899000000002
5835    0.13379199999999999  -0.0078700000000000003  0.45518500000000001
5836    0.13379199999999999  -0.036627  0.40662301000000001
5837    0.17051899000000001  -0.056570000000000002  0.37514299000000001
5838    0.19675300000000001  -0.056464  0.37514299000000001
5839    0.199377  -0.010441000000000001  0.45384401000000002
5840    0.20987  -0.020948000000000001  0.43548101
5841    0.21773999999999999  -0.012527999999999999  0.44859701000000002
5842    0.204623  -0.056142999999999998  0.37514299000000001
5843    0.160026  -0.0078700000000000003  0.45752901000000001
5844    0.17314299999999999  -0.0078700000000000003  0.457708
5845    0.20724699999999999  -0.050615  0.38563599999999998
5846    0.20724699999999999  -0.039849000000000002  0.40400001000000002
5847    0.21773999999999999  -0.0078700000000000003  0.45524299000000001
5848    0.21249399999999999  -0.023674000000000001  0.43023399000000001
5849    0.12854499999999999  -0.048834000000000002  0.38859000999999999
5850    0.12854499999999999  -0.042471000000000002  0.39875298999999997
5851    0.12854499999999999  -0.053692999999999998  0.38038999000000001
5852    0.12854499999999999  -0.056196000000000003  0.37514299000000001
5853    0.22298699999999999  -0.0078700000000000003  0.45429199999999997
5854    0.21773999999999999  -0.019036999999999998  0.43676701000000001
5855    0.21511699000000001  -0.049430000000000002  0.38563599999999998
5856    0.21249399999999999  -0.038678999999999998  0.40451400999999998
5857    0.21249399999999999  -0.032632000000000001  0.41470998999999997
5858    0.21511699000000001  -0.026138000000000002  0.42498699000000001
5859    0.21511699000000001  -0.052104999999999999  0.38038999000000001
5860    0.21773999999999999  -0.054796999999999998  0.37514299000000001
5861    0.22298699999999999  -0.051069000000000003  0.38038999000000001
5862    0.22298699999999999  -0.054482000000000003  0.37514299000000001
5863    0.22298699999999999  -0.048245999999999997  0.38563599999999998
5864    0.22298699999999999  -0.040874000000000001  0.39762101
5865    0.21773999999999999  -0.041516999999999998  0.398009
5866    0.22298699999999999  -0.035104000000000003  0.40662301000000001
5867    0.12854499999999999  -0.035999000000000003  0.40924701000000002
5868    0.12854499999999999  -0.031372999999999998  0.41711700000000002
5869    0.13903899  -0.0043670000000000002  0.45909101000000002
5870    0.13379199999999999  -0.0050049999999999999  0.45909101000000002
5871    0.14690900000000001  -0.0046639999999999997  0.45909101000000002
5872    0.22823399  -0.037733999999999997  0.404055
5873    0.22823399  -0.033488999999999998  0.41084799
5874    0.22823399  -0.044596999999999998  0.393233
5875    0.22298699999999999  -0.028804  0.41702499999999998
5876    0.22298699999999999  -0.023205  0.42685199000000001
5877    0.22823399  -0.029104000000000001  0.41752401
5878    0.22823399  -0.023609999999999999  0.42643999999999999
5879    0.22823399  -0.019088999999999998  0.43412899999999999
5880    0.22823399  -0.012537  0.44597398999999999
5881    0.22298699999999999  -0.011488999999999999  0.44859701000000002
5882    0.22823399  -0.0078700000000000003  0.45406699
5883    0.18101300000000001  -0.0078700000000000003  0.45751700000000001
5884    0.199377  -0.0078700000000000003  0.45676898999999999
5885    0.22823399  -0.051135  0.38283299999999998
5886    0.13379199999999999  -0.0026229999999999999  0.46165600000000001
5887    0.12854499999999999  -0.025714000000000001  0.42761000999999998
5888    0.12854499999999999  -0.020048  0.43810399999999999
5889    0.22823399  -0.056103  0.37514299000000001
5890    0.22313599000000001  -0.0026229999999999999  0.45906901
5891    0.22823399  -0.0026229999999999999  0.45980399999999999
5892    0.21773999999999999  -0.0026229999999999999  0.458702
5893    0.12854499999999999  -0.014185  0.44859701000000002
5894    0.23348099999999999  -0.010019  0.45384401000000002
5895    0.23348099999999999  -0.0065300000000000002  0.45909101000000002
5896    0.13903899  -0.0026229999999999999  0.46058100000000002
5897    0.12854499999999999  -0.0077920000000000003  0.45909101000000002
5898    0.23348099999999999  -0.013176  0.44869500000000001
5899    0.23348099999999999  -0.019415000000000002  0.43810399999999999
5900    0.15740301000000001  -0.0042290000000000001  0.45909101000000002
5901    0.12854499999999999  -0.0026229999999999999  0.46512200999999997
5902    0.23348099999999999  -0.023234999999999999  0.43220001000000002
5903    0.12329900000000001  -0.053994  0.38563599999999998
5904    0.21249399999999999  -0.0026229999999999999  0.45827298999999999
5905    0.12329900000000001  -0.056661000000000003  0.38038999000000001
5906    0.23348099999999999  -0.0026229999999999999  0.462565
5907    0.12329900000000001  -0.050782000000000001  0.39088299999999998
5908    0.12329900000000001  -0.046088999999999998  0.39869600999999999
5909    0.12329900000000001  -0.041304  0.40662301000000001
5910    0.14428600999999999  -0.0026229999999999999  0.46039998999999998
5911    0.14953200999999999  -0.0026229999999999999  0.460206
5912    0.23348099999999999  -0.027732  0.42529099999999997
5913    0.20987  -0.0078700000000000003  0.45601699000000001
5914    0.23348099999999999  -0.034998000000000001  0.41449401000000002
5915    0.23348099999999999  -0.039670999999999998  0.40712600999999998
5916    0.12329900000000001  -0.038885000000000003  0.41097098999999998
5917    0.12398099999999999  -0.034800999999999999  0.41711700000000002
5918    0.23348099999999999  -0.043520000000000003  0.40137698999999999
5919    0.23348099999999999  -0.048382000000000001  0.39361500999999999
5920    0.13375500000000001  0.0026229999999999999  0.46431698999999999
5921    0.124455  -0.028857000000000001  0.42761000999999998
5922    0.23348099999999999  -0.055794000000000003  0.38244399000000001
5923    0.23348099999999999  -0.060338000000000003  0.37586701
5924    0.23485200000000001  -0.0078700000000000003  0.45909101000000002
5925    0.235431  -0.0026229999999999999  0.46433799999999997
5926    0.165273  -0.0026229999999999999  0.45902899000000003
5927    0.154779  -0.0026229999999999999  0.45984199999999997
5928    0.23666701000000001  -0.013117  0.45384401000000002
5929    0.23879300000000001  -0.013117  0.45887898999999999
5930    0.057714000000000001  0.45334801000000002  -0.0026229999999999999
5931    0.099687999999999999  0.453235  -0.0026229999999999999
5932    0.102312  0.45280701000000001  -0.0078700000000000003
5933    0.062304999999999999  0.45292800999999999  -0.0078700000000000003
5934    0.027872999999999998  0.45275700000000002  -0.0078700000000000003
5935    0.13379199999999999  0.45329601000000003  -0.0026229999999999999
5936    0.12461  0.45289998999999997  -0.0078700000000000003
5937    0.13641600000000001  0.45281698999999997  -0.0078700000000000003
5938    0.0078700000000000003  0.45297198999999999  -0.0026229999999999999
5939    0.14428600999999999  0.45295598999999998  -0.0026229999999999999
5940    -0.025250000000000002  0.45264500000000002  -0.0078700000000000003
5941    0.14428600999999999  0.45214301000000001  -0.010494
5942    0.104935  0.45198801  -0.013117
5943    0.052468000000000001  0.45211399000000002  -0.013117
5944    0.13248098999999999  0.45207101  -0.013117
5945    0.013117  0.45183899999999999  -0.013117
5946    0.074765999999999999  0.45097700000000002  -0.018363999999999998
5947    0.041973999999999997  0.450957  -0.018363999999999998
5948    0.107558  0.45086398999999999  -0.018363999999999998
5949    0.13116901  0.45097198999999999  -0.018363999999999998
5950    -0.012461  0.45073801000000002  -0.018363999999999998
5951    0.14428600999999999  0.45060199000000001  -0.018363999999999998
5952    -0.065584000000000003  0.45186799999999999  -0.013117
5953    -0.065584000000000003  0.45266801000000001  -0.0078700000000000003
5954    -0.094441999999999998  0.45243000999999999  -0.0078700000000000003
5955    -0.106903  0.45154399000000001  -0.013117
5956    -0.14166200000000001  0.45130101  -0.013117
5957    -0.14428600999999999  0.45205699999999999  -0.0078700000000000003
5958    -0.097064999999999999  0.45042898999999997  -0.018363999999999998
5959    -0.14428600999999999  0.45011199000000002  -0.018363999999999998
5960    -0.059681999999999999  0.45074901000000001  -0.018363999999999998
5961    -0.14953200999999999  0.45148199999999999  -0.010494
5962    -0.154779  0.45011099999999998  -0.015740000000000001
5963    -0.10886999999999999  0.45274901000000001  -0.0026229999999999999
5964    -0.14166200000000001  0.45246500000000001  -0.0026229999999999999
5965    -0.020986999999999999  0.45300900999999999  -0.0026229999999999999
5966    -0.068208000000000005  0.45304098999999998  -0.0026229999999999999
5967    -0.14953200999999999  0.45220900000000003  -0.0026229999999999999
5968    -0.154779  0.45154801  -0.0052469999999999999
5969    -0.015740000000000001  0.44931501000000001  -0.023609999999999999
5970    0.039350999999999997  0.44949800000000001  -0.023609999999999999
5971    0.102312  0.44941300000000001  -0.023609999999999999
5972    0.12854499999999999  0.44954199  -0.023609999999999999
5973    -0.14690900000000001  0.44853500000000002  -0.023609999999999999
5974    -0.10624699999999999  0.44887799  -0.023609999999999999
5975    -0.068208000000000005  0.44926599  -0.023609999999999999
5976    -0.154779  0.44814101000000001  -0.023609999999999999
5977    0.14166200000000001  0.44926101000000002  -0.023609999999999999
5978    0.14953200999999999  0.45162201000000002  -0.010494
5979    0.14953200999999999  0.44939499999999999  -0.020986999999999999
5980    0.13379199999999999  0.44767498999999999  -0.028857000000000001
5981    -0.030825000000000002  0.44748500000000002  -0.028857000000000001
5982    0.027545  0.44760000999999999  -0.028857000000000001
5983    -0.112805  0.44694500999999998  -0.028857000000000001
5984    -0.14690900000000001  0.44663700000000001  -0.028857000000000001
5985    -0.065584000000000003  0.44744200000000001  -0.028857000000000001
5986    0.070175000000000001  0.44767498999999999  -0.028857000000000001
5987    0.10362300000000001  0.44755699999999998  -0.028857000000000001
5988    0.14953200999999999  0.44689499999999999  -0.028857000000000001
5989    -0.154779  0.44626199999999999  -0.028857000000000001
5990    0.060338000000000003  0.44549899999999998  -0.034104000000000002
5991    0.102312  0.44537698999999997  -0.034104000000000002
5992    0.13248098999999999  0.44548100000000002  -0.034104000000000002
5993    -0.14166200000000001  0.44443199  -0.034104000000000002
5994    -0.065584000000000003  0.44519001000000002  -0.034104000000000002
5995    -0.030169000000000001  0.44528201000000001  -0.034104000000000002
5996    0.022298999999999999  0.44538301000000002  -0.034104000000000002
5997    0.14953200999999999  0.44472799000000002  -0.034104000000000002
5998    -0.154779  0.44398099000000002  -0.034104000000000002
5999    0.154779  0.44679400000000002  -0.026234
6000    0.14953200999999999  0.452407  0
6001    0.154779  0.44903901000000002  -0.018363999999999998
6002    0.154779  0.450432  -0.010494
6003    0.154779  0.44357099999999999  -0.034578999999999999
6004    0.044596999999999998  0.44283199000000001  -0.039350999999999997
6005    -0.037383  0.44295498999999999  -0.038650999999999998
6006    -0.069518999999999997  0.44238901000000003  -0.039350999999999997
6007    -0.098377000000000006  0.44200799000000002  -0.039350999999999997
6008    -0.14690900000000001  0.44146699  -0.039350999999999997
6009    0.13248098999999999  0.44294  -0.039116999999999999
6010    0.14953200999999999  0.44211  -0.039350999999999997
6011    0.10362300000000001  0.44300199000000001  -0.038733999999999998
6012    0.154779  0.44115999  -0.039350999999999997
6013    0.14428600999999999  0.43934100999999998  -0.044596999999999998
6014    -0.154779  0.4395  -0.041973999999999997
6015    0.13379199999999999  0.43959701000000001  -0.044596999999999998
6016    0.104279  0.43943900000000002  -0.044596999999999998
6017    -0.160026  0.44322401  -0.034104000000000002
6018    -0.160026  0.43724998999999998  -0.044596999999999998
6019    0.14953200999999999  0.43891400000000003  -0.044596999999999998
6020    -0.056403000000000002  0.43914899000000002  -0.044596999999999998
6021    -0.015740000000000001  0.43930300999999999  -0.044596999999999998
6022    0.0078700000000000003  0.44263899000000001  -0.039350999999999997
6023    0.032135999999999998  0.43948799  -0.044596999999999998
6024    0.065584000000000003  0.43949800999999999  -0.044596999999999998
6025    -0.114117  0.43848800999999998  -0.044596999999999998
6026    -0.14428600999999999  0.43814798999999999  -0.044596999999999998
6027    0.154779  0.438025  -0.044596999999999998
6028    -0.154779  0.43344700000000003  -0.050590000000000003
6029    -0.160026  0.43321200999999998  -0.050320999999999998
6030    -0.110182  0.43463700999999999  -0.049843999999999999
6031    -0.14690900000000001  0.43285700999999999  -0.051566000000000001
6032    0.107558  0.43556401  -0.049843999999999999
6033    0.044596999999999998  0.43561801  -0.049843999999999999
6034    -0.023609999999999999  0.43536699000000001  -0.049843999999999999
6035    0.14428600999999999  0.43285700999999999  -0.053277999999999999
6036    0.13379199999999999  0.43285700999999999  -0.053462999999999997
6037    0.154779  0.43363199000000002  -0.050879000000000001
6038    0.14953200999999999  0.43188900000000002  -0.053990000000000003
6039    -0.089851  0.43285700999999999  -0.052291999999999998
6040    -0.051811999999999997  0.43285700999999999  -0.052721999999999998
6041    0.112805  0.43285700999999999  -0.053192999999999997
6042    0.030169000000000001  0.43285700999999999  -0.053121000000000002
6043    0.072799000000000003  0.43285700999999999  -0.053161
6044    0.154779  0.43018298999999999  -0.055091000000000001
6045    -0.154779  0.429481  -0.055091000000000001
6046    -0.160026  0.42916700000000002  -0.055091000000000001
6047    0.16037699999999999  0.44346401000000002  -0.029166000000000001
6048    0.160026  0.44168401000000002  -0.034104000000000002
6049    0.160026  0.43855699999999997  -0.040162000000000003
6050    0.160026  0.43604200999999998  -0.044596999999999998
6051    0.160026  0.43260800999999999  -0.049843999999999999
6052    -0.165273  0.43536799999999998  -0.044596999999999998
6053    -0.165273  0.432006  -0.049843999999999999
6054    0.160026  0.44606599000000002  -0.020986999999999999
6055    0.154779  0.451123  0
6056    0.13116901  0.45330598999999999  0.0026229999999999999
6057    0.052468000000000001  0.45327499999999998  0.0026229999999999999
6058    0.099687999999999999  0.45322498999999999  0.0026229999999999999
6059    0.0078700000000000003  0.45288899999999999  0.0026229999999999999
6060    -0.056403000000000002  0.45298200999999999  0.0026229999999999999
6061    0.14428600999999999  0.45293501000000003  0.0026229999999999999
6062    -0.129857  0.45251200000000003  0.0026229999999999999
6063    -0.094441999999999998  0.45272601000000001  0.0026229999999999999
6064    -0.14953200999999999  0.45210800000000001  0.0026229999999999999
6065    0.160026  0.44765498999999997  -0.013117
6066    0.14953200999999999  0.45194599000000002  0.0078700000000000003
6067    0.13248098999999999  0.45282301000000003  0.0078700000000000003
6068    0.102312  0.45271599000000001  0.0078700000000000003
6069    0.055091000000000001  0.45278001000000001  0.0078700000000000003
6070    -0.0085260000000000006  0.45235600999999998  0.0078700000000000003
6071    -0.060338000000000003  0.45241200999999998  0.0078700000000000003
6072    -0.110182  0.45208499000000002  0.0078700000000000003
6073    -0.14166200000000001  0.45181399999999999  0.0078700000000000003
6074    -0.14953200999999999  0.45153901000000002  0.0078700000000000003
6075    0.154779  0.45068699000000001  0.0078700000000000003
6076    -0.154779  0.45158400999999998  0.0026229999999999999
6077    -0.154779  0.45100098999999999  0.0078700000000000003
6078    0.160026  0.44827199000000001  -0.0078700000000000003
6079    0.14428600999999999  0.45153799999999999  0.013117
6080    0.068208000000000005  0.45183000000000001  0.013117
6081    0.094441999999999998  0.45173799999999997  0.013117
6082    0.13116901  0.45188400000000001  0.013117
6083    0.038039000000000003  0.45162600000000003  0.013117
6084    0.14953200999999999  0.45101999999999998  0.013117
6085    -0.123955  0.45097700000000002  0.013117
6086    -0.036399000000000001  0.45138201  0.013117
6087    0.0026229999999999999  0.45133001  0.013117
6088    -0.074765999999999999  0.45131901000000002  0.013117
6089    -0.14690900000000001  0.45060599000000001  0.013117
6090    -0.154779  0.44996800999999997  0.013117
6091    0.160026  0.44855299999999998  0
6092    0.154779  0.44980799999999999  0.013117
6093    -0.160026  0.44964199999999999  0.0078700000000000003
6094    -0.160026  0.44870299000000002  0.013117
6095    0.162937  0.443351  -0.023609999999999999
6096    0.160026  0.44809200999999999  0.0078700000000000003
6097    0.154779  0.44849801  0.018363999999999998
6098    0.16490800999999999  0.43251601000000001  -0.044596999999999998
6099    0.16511300000000001  0.43637799999999999  -0.036727000000000003
6100    0.160026  0.44726600999999999  0.013117
6101    0.165273  0.42859501  -0.049843999999999999
6102    0.16419700000000001  0.443351  -0.018363999999999998
6103    0.160026  0.44594299999999998  0.018363999999999998
6104    0.16578599999999999  0.43873399000000002  -0.028857000000000001
6105    -0.18888300999999999  -0.034750999999999997  0.41449401000000002
6106    -0.18626000000000001  -0.029998  0.42236400000000002
6107    -0.176422  -0.033805000000000002  0.41580500999999997
6108    -0.18232501000000001  -0.025172  0.43023399000000001
6109    -0.18888300999999999  -0.042689999999999999  0.40137698999999999
6110    -0.17838999999999999  -0.042442000000000001  0.40137698999999999
6111    -0.16789599999999999  -0.024709999999999999  0.43023399000000001
6112    -0.17379898999999999  -0.019501999999999999  0.43941598999999998
6113    -0.16789599999999999  -0.035707999999999997  0.41187000000000001
6114    -0.154779  -0.019952000000000001  0.43679199000000002
6115    -0.15871399999999999  -0.028812999999999998  0.42236400000000002
6116    -0.17314299999999999  -0.013117  0.45018899000000001
6117    -0.15740301000000001  -0.013011  0.44876799000000001
6118    -0.18429200000000001  -0.019025  0.44052601000000002
6119    -0.18626000000000001  -0.013117  0.45063201000000003
6120    -0.18363599  -0.048526  0.39088299999999998
6121    -0.19413  -0.048510999999999999  0.39088299999999998
6122    -0.19544201  -0.037837000000000003  0.40924701000000002
6123    -0.199377  -0.042432999999999998  0.40137698999999999
6124    -0.20200001000000001  -0.048210000000000003  0.39088299999999998
6125    -0.20200001000000001  -0.026453999999999998  0.42761000999999998
6126    -0.20068800000000001  -0.035217999999999999  0.41318199
6127    -0.20200001000000001  -0.021849  0.43548101
6128    -0.199377  -0.017623  0.44289801000000001
6129    -0.20987  -0.013117  0.45022601000000001
6130    -0.21249399999999999  -0.017011999999999999  0.443351
6131    -0.204623  -0.010772  0.45384401000000002
6132    -0.21249399999999999  -0.022991999999999999  0.43285700999999999
6133    -0.20987  -0.027636000000000001  0.42498699000000001
6134    -0.20987  -0.032243000000000001  0.41711700000000002
6135    -0.20724699999999999  -0.041866  0.40137698999999999
6136    -0.21773999999999999  -0.019417  0.43810399999999999
6137    -0.21773999999999999  -0.013117  0.44940798999999998
6138    -0.21773999999999999  -0.010198  0.45384401000000002
6139    -0.17183100000000001  -0.049390999999999997  0.38826000999999999
6140    -0.15215600000000001  -0.048881000000000001  0.38694799000000002
6141    -0.17314299999999999  -0.053601999999999997  0.38038999000000001
6142    -0.14953200999999999  -0.052622000000000002  0.38038999000000001
6143    -0.16723999000000001  -0.056819000000000001  0.37514299000000001
6144    -0.14690900000000001  -0.056056000000000002  0.37514299000000001
6145    -0.18888300999999999  -0.057043000000000003  0.37514299000000001
6146    -0.19413  -0.053793000000000001  0.38038999000000001
6147    -0.204623  -0.053335  0.38038999000000001
6148    -0.204623  -0.056510999999999999  0.37514299000000001
6149    -0.14690900000000001  -0.045199999999999997  0.39230901000000001
6150    -0.160026  -0.039907999999999999  0.40343498999999999
6151    -0.15740301000000001  -0.03483  0.41187000000000001
6152    -0.14953200999999999  -0.038356000000000001  0.40432400000000002
6153    -0.13903899  -0.042331000000000001  0.39603901000000002
6154    -0.13903899  -0.051816000000000001  0.38038999000000001
6155    -0.14428600999999999  -0.037819999999999999  0.40406099000000001
6156    -0.13903899  -0.034375999999999997  0.40924701000000002
6157    -0.14428600999999999  -0.031655000000000003  0.41449401000000002
6158    -0.13903899  -0.029742000000000001  0.41711700000000002
6159    -0.13903899  -0.055482999999999998  0.37514299000000001
6160    -0.14428600999999999  -0.025649000000000002  0.42498699000000001
6161    -0.14428600999999999  -0.012448000000000001  0.44751200000000002
6162    -0.14428600999999999  -0.019663  0.43534201
6163    -0.13903899  -0.022523000000000001  0.43023399000000001
6164    -0.13903899  -0.018225000000000002  0.437861
6165    -0.13903899  -0.012022  0.44859701000000002
6166    -0.154779  -0.0078700000000000003  0.45612201000000002
6167    -0.14953200999999999  -0.0078700000000000003  0.45540800999999997
6168    -0.14428600999999999  -0.0078700000000000003  0.45458599999999999
6169    -0.13903899  -0.0082480000000000001  0.45449400000000001
6170    -0.17314299999999999  -0.01052  0.45384401000000002
6171    -0.21249399999999999  -0.047296999999999999  0.39088299999999998
6172    -0.21511699000000001  -0.055638  0.37514299000000001
6173    -0.21773999999999999  -0.023882  0.43023399000000001
6174    -0.21511699000000001  -0.052360999999999998  0.38038999000000001
6175    -0.20987  -0.05008  0.38609999
6176    -0.13903899  -0.0049919999999999999  0.45909101000000002
6177    -0.165273  -0.0078700000000000003  0.456839
6178    -0.17051899000000001  -0.0078700000000000003  0.45698199
6179    -0.17838999999999999  -0.0078700000000000003  0.45708599999999999
6180    -0.21249399999999999  -0.038191000000000003  0.40662301000000001
6181    -0.21773999999999999  -0.032752000000000003  0.41449401000000002
6182    -0.21773999999999999  -0.049384999999999998  0.38563599999999998
6183    -0.21773999999999999  -0.038856000000000002  0.40400001000000002
6184    -0.22298699999999999  -0.054561999999999999  0.37514299000000001
6185    -0.22823399  -0.054234999999999998  0.37514299000000001
6186    -0.22298699999999999  -0.051117999999999997  0.38038999000000001
6187    -0.22823399  -0.050570999999999998  0.38038999000000001
6188    -0.22298699999999999  -0.046002000000000001  0.389741
6189    -0.22823399  -0.040536999999999997  0.39744201000000001
6190    -0.22823399  -0.047635999999999998  0.38563599999999998
6191    -0.23348099999999999  -0.045344000000000002  0.39088299999999998
6192    -0.23348099999999999  -0.040440999999999998  0.39875298999999997
6193    -0.22823399  -0.034908000000000002  0.40662301000000001
6194    -0.23348099999999999  -0.033909000000000002  0.40924701000000002
6195    -0.22823399  -0.027401999999999999  0.41973999000000001
6196    -0.23348099999999999  -0.029087999999999999  0.41711700000000002
6197    -0.23348099999999999  -0.023297999999999999  0.42705398999999999
6198    -0.22823399  -0.019245000000000002  0.43448901000000001
6199    -0.23348099999999999  -0.019932999999999999  0.43285700999999999
6200    -0.22823399  -0.011357000000000001  0.44859701000000002
6201    -0.22298699999999999  -0.022488999999999999  0.43090999000000002
6202    -0.23348099999999999  -0.010935  0.44859701000000002
6203    -0.22823399  -0.0078700000000000003  0.45388600000000001
6204    -0.23348099999999999  -0.0075659999999999998  0.45384401000000002
6205    -0.22298699999999999  -0.012746  0.44859701000000002
6206    -0.20987  -0.0078700000000000003  0.45719199999999999
6207    -0.21773999999999999  -0.0078700000000000003  0.45678999999999997
6208    -0.13379199999999999  -0.052671000000000003  0.38038999000000001
6209    -0.13379199999999999  -0.055951000000000001  0.37514299000000001
6210    -0.13379199999999999  -0.048078000000000003  0.388152
6211    -0.13379199999999999  -0.043998000000000002  0.39508501000000001
6212    -0.13379199999999999  -0.038231000000000001  0.40475898999999999
6213    -0.22298699999999999  -0.0078700000000000003  0.45565599000000001
6214    -0.23348099999999999  -0.050444999999999997  0.38301300999999999
6215    -0.199377  -0.0078700000000000003  0.45704201
6216    -0.14428600999999999  -0.0040730000000000002  0.45909101000000002
6217    -0.13379199999999999  -0.034104000000000002  0.41197601
6218    -0.13379199999999999  -0.029912999999999999  0.419541
6219    -0.23348099999999999  -0.0026229999999999999  0.45925301000000002
6220    -0.13379199999999999  -0.024457  0.42990601000000001
6221    -0.13379199999999999  -0.018946000000000001  0.44022101000000002
6222    -0.14428600999999999  -0.0026229999999999999  0.46025801
6223    -0.23348099999999999  -0.055962999999999999  0.37514299000000001
6224    -0.13903899  -0.0026229999999999999  0.461503
6225    -0.22823399  -0.0026229999999999999  0.45880400999999998
6226    -0.23872699999999999  -0.008659  0.45506299
6227    -0.23872699999999999  -0.014593999999999999  0.44597398999999999
6228    -0.23872699999999999  -0.0056880000000000003  0.45909101000000002
6229    -0.13379199999999999  -0.012815  0.45122098999999999
6230    -0.23872699999999999  -0.019207999999999999  0.43810399999999999
6231    -0.13379199999999999  -0.0079830000000000005  0.45925799
6232    -0.23872699999999999  -0.023106999999999999  0.43193999
6233    -0.154779  -0.0026229999999999999  0.45967901
6234    -0.160026  -0.0078700000000000003  0.45656601000000002
6235    -0.13379199999999999  -0.003091  0.46478998999999999
6236    -0.23872699999999999  -0.0026229999999999999  0.46190900000000001
6237    -0.22298699999999999  -0.0026229999999999999  0.45899600000000002
6238    -0.23872699999999999  -0.02895  0.42250000999999998
6239    -0.23872699999999999  -0.033322999999999998  0.41584199999999999
6240    -0.23872699999999999  -0.039350999999999997  0.40632500999999999
6241    -0.12854499999999999  -0.056335000000000003  0.38038999000000001
6242    -0.23796600000000001  -0.043693999999999997  0.39875298999999997
6243    -0.12854499999999999  -0.050105999999999998  0.39131999000000001
6244    -0.12854499999999999  -0.045859999999999998  0.39875298999999997
6245    -0.12956500000000001  -0.040337999999999999  0.40662301000000001
6246    -0.16092201  -0.0026229999999999999  0.45917201000000002
6247    -0.165273  -0.0026229999999999999  0.45873401000000003
6248    -0.23872699999999999  -0.047918000000000002  0.39343101000000003
6249    -0.23793299000000001  -0.054669000000000002  0.38235598999999998
6250    -0.21773999999999999  -0.0026229999999999999  0.45879501
6251    -0.23801900000000001  -0.060338000000000003  0.37514299000000001
6252    -0.23872699999999999  -0.057134999999999998  0.38038999000000001
6253    -0.24263699  -0.0026229999999999999  0.465922
6254    -0.23914299999999999  0.0026229999999999999  0.46400499000000001
6255    -0.13088199  -0.0026229999999999999  0.46958399000000001
6256    -0.12929599999999999  -0.0078700000000000003  0.46958399000000001
6257    -0.130886  -0.0078700000000000003  0.46433799999999997
6258    -0.12912299999999999  -0.0026229999999999999  0.47483101
6259    -0.12867798999999999  -0.014067  0.46433799999999997
6260    -0.129774  -0.013117  0.45909101000000002
6261    -0.12854699999999999  -0.018363999999999998  0.45384401000000002
6262    -0.12693699999999999  -0.026234  0.45122098999999999
6263    -0.12650201  -0.028857000000000001  0.443351
6264    -0.12854499999999999  -0.020922  0.44859701000000002
6265    -0.12840401000000001  -0.023373000000000001  0.443351
6266    -0.12646399  -0.031481000000000002  0.43548101
6267    -0.12856600000000001  -0.013117  0.46958399000000001
6268    -0.12783700000000001  -0.020986999999999999  0.46171400000000001
6269    -0.128911  -0.0026229999999999999  0.48007801
6270    -0.12923101000000001  0.0052469999999999999  0.48007801
6271    -0.12967101  0.0026229999999999999  0.47483101
6272    -0.13086300000000001  0.015740000000000001  0.48007801
6273    -0.13104399999999999  0.013117  0.47483101
6274    -0.13090499999999999  0.013117  0.48532501
6275    -0.13011201  0.0078700000000000003  0.48532501
6276    -0.13223099999999999  0.018363999999999998  0.47483101
6277    -0.13323199999999999  0.023609999999999999  0.48007801
6278    -0.133774  0.023609999999999999  0.47483101
6279    -0.13225000000000001  0.018363999999999998  0.48532501
6280    -0.13585401  0.028857000000000001  0.47483101
6281    -0.13541600000000001  0.028857000000000001  0.48007801
6282    -0.13406999  0.018363999999999998  0.46958399000000001
6283    -0.135436  0.023609999999999999  0.46958399000000001
6284    -0.13356100000000001  0.013117  0.46920898999999999
6285    -0.13749400000000001  0.028857000000000001  0.46958399000000001
6286    -0.13406098999999999  0.023609999999999999  0.48532501
6287    -0.12917398999999999  -0.024593  0.43810399999999999
6288    -0.12828000000000001  -0.028660000000000001  0.43237798999999999
6289    -0.12661800000000001  -0.034104000000000002  0.42761000999999998
6290    -0.12506400000000001  -0.041973999999999997  0.42498699000000001
6291    -0.12520400000000001  -0.041973999999999997  0.41973999000000001
6292    -0.12820599999999999  -0.033863999999999998  0.421819
6293    -0.12640399999999999  -0.039350999999999997  0.41711700000000002
6294    -0.124893  -0.047220999999999999  0.40924701000000002
6295    -0.124057  -0.052468000000000001  0.40924701000000002
6296    -0.123672  -0.057714000000000001  0.39875298999999997
6297    -0.12584898999999999  -0.047220999999999999  0.40400001000000002
6298    -0.124352  -0.055091000000000001  0.39612999999999998
6299    -0.123783  -0.060338000000000003  0.39088299999999998
6300    -0.12610299999999999  -0.052468000000000001  0.39350599000000003
6301    -0.12449399999999999  -0.060338000000000003  0.38563599999999998
6302    -0.12331  -0.065584000000000003  0.39088299999999998
6303    -0.12329  -0.065542000000000003  0.38563599999999998
6304    -0.12545799999999999  -0.060338000000000003  0.38038999000000001
6305    -0.12823699  -0.038935999999999998  0.41187000000000001
6306    -0.129829  -0.018363999999999998  0.44859701000000002
6307    -0.127308  -0.055091000000000001  0.38563599999999998
6308    -0.13878799999999999  0.034465999999999997  0.48007801
6309    -0.138739  0.034104000000000002  0.47483101
6310    -0.140099  0.034104000000000002  0.46958399000000001
6311    -0.12917100000000001  -0.029692  0.42761000999999998
6312    -0.13658100000000001  0.028857000000000001  0.48532501
6313    -0.13339599999999999  0.0078700000000000003  0.46905699000000001
6314    -0.13194898999999999  -0.013117  0.45384401000000002
6315    -0.12922600000000001  -0.034889999999999997  0.41711700000000002
6316    -0.13992399999999999  0.028857000000000001  0.46433799999999997
6317    -0.14249100000000001  0.034104000000000002  0.46433799999999997
6318    -0.13864000000000001  0.023609999999999999  0.46378201000000002
6319    -0.13724600000000001  0.018363999999999998  0.46433799999999997
6320    -0.132521  -0.018363999999999998  0.443351
6321    -0.13312199999999999  0.0026229999999999999  0.46874600999999999
6322    -0.14339399  0.040361000000000001  0.47483101
6323    -0.14401000999999999  0.039688000000000001  0.46958399000000001
6324    -0.14593101  0.039350999999999997  0.46433799999999997
6325    -0.14346001  0.040208000000000001  0.48007801
6326    -0.13714599999999999  0.013117  0.46433799999999997
6327    -0.14004301  0.034104000000000002  0.48532501
6328    -0.15010699999999999  0.044014999999999999  0.46433799999999997
6329    -0.14402001  0.028857000000000001  0.45877999000000003
6330    -0.146091  0.034104000000000002  0.45909101000000002
6331    -0.149529  0.039355000000000001  0.45908299000000002
6332    -0.14907699999999999  0.045007999999999999  0.46958399000000001
6333    -0.143346  0.023609999999999999  0.45811300999999999
6334    -0.14861999000000001  0.045343000000000001  0.47483101
6335    -0.154534  0.044821  0.45909101000000002
6336    -0.154779  0.048042000000000001  0.46433799999999997
6337    -0.140571  0.018363999999999998  0.46066298999999999
6338    -0.15107200000000001  0.034104000000000002  0.45384401000000002
6339    -0.154443  0.039350999999999997  0.45384401000000002
6340    -0.14893700000000001  0.028857000000000001  0.45384401000000002
6341    -0.15512000000000001  0.049641999999999999  0.46958399000000001
6342    -0.15940099999999999  0.044596999999999998  0.45384401000000002
6343    -0.160026  0.049154999999999997  0.45909101000000002
6344    -0.13819601000000001  0.0026229999999999999  0.46433799999999997
6345    -0.14810000000000001  0.023609999999999999  0.45384401000000002
6346    -0.14953200999999999  0.045342  0.48007801
6347    -0.13792001000000001  0.0078700000000000003  0.46433799999999997
6348    -0.15873200000000001  0.050617000000000002  0.46433799999999997
6349    -0.154779  0.049567  0.47483101
6350    -0.165273  0.048856999999999998  0.45384401000000002
6351    -0.154779  0.034104000000000002  0.45102199999999998
6352    -0.16097800000000001  0.039350999999999997  0.44917100999999998
6353    -0.165273  0.052108000000000002  0.45909101000000002
6354    -0.165273  0.044596999999999998  0.44988
6355    -0.14428600999999999  0.018363999999999998  0.45711299999999999
6356    -0.160026  0.052318000000000003  0.46958399000000001
6357    -0.165273  0.054011000000000003  0.46433799999999997
6358    -0.154779  0.028857000000000001  0.44967800000000002
6359    -0.15924799000000001  0.034104000000000002  0.448156
6360    -0.17051899000000001  0.051489  0.45384401000000002
6361    -0.13903899  0.013117  0.46253300000000003
6362    -0.17051899000000001  0.054412000000000002  0.45909101000000002
6363    -0.165273  0.039350999999999997  0.44685701
6364    -0.17051899000000001  0.045461000000000001  0.44796801000000003
6365    -0.17576601  0.049369999999999997  0.44904399
6366    -0.17576601  0.053494  0.45384401000000002
6367    -0.14909700000000001  0.018363999999999998  0.45356398999999997
6368    -0.165273  0.034104000000000002  0.44507200000000002
6369    -0.17051899000000001  0.039350999999999997  0.44456099999999998
6370    -0.17576601  0.056056000000000002  0.45909101000000002
6371    -0.17576601  0.044596999999999998  0.44543999000000001
6372    -0.18101300000000001  0.054858999999999998  0.45384401000000002
6373    -0.18101300000000001  0.050209999999999998  0.44826099000000003
6374    -0.17576601  0.039350999999999997  0.442855
6375    -0.18101300000000001  0.044596999999999998  0.44411400000000001
6376    -0.18101300000000001  0.039350999999999997  0.44156200000000001
6377    -0.18626000000000001  0.050674999999999998  0.44783499999999998
6378    -0.18626000000000001  0.055632000000000001  0.45384401000000002
6379    -0.18626000000000001  0.044597999999999999  0.44334999000000003
6380    -0.19150600000000001  0.055814999999999997  0.45384401000000002
6381    -0.19150600000000001  0.050792999999999998  0.44772499999999998
6382    -0.19150600000000001  0.044596999999999998  0.443131
6383    -0.19675300000000001  0.05552  0.45384401000000002
6384    -0.19675300000000001  0.050597999999999997  0.44790199000000003
6385    -0.19675300000000001  0.044596999999999998  0.44344601
6386    -0.20200001000000001  0.054671999999999998  0.45384401000000002
6387    -0.20200001000000001  0.050077000000000003  0.44838199000000001
6388    -0.20200001000000001  0.044596999999999998  0.44427498999999998
6389    -0.20724699999999999  0.053217  0.45384401000000002
6390    -0.20724699999999999  0.049195000000000003  0.44921401
6391    -0.18363599  0.018363999999999998  0.44115499000000002
6392    -0.18101300000000001  0.023609999999999999  0.44005900999999997
6393    -0.17576601  0.018363999999999998  0.44257598999999997
6394    -0.18626000000000001  0.023609999999999999  0.43938898999999998
6395    -0.17314299999999999  0.023609999999999999  0.44195899
6396    -0.16789599999999999  0.018363999999999998  0.44481999
6397    -0.165273  0.023609999999999999  0.44455298999999998
6398    -0.17314299999999999  0.013117  0.445467
6399    -0.165273  0.013117  0.44778800000000002
6400    -0.18363599  0.013117  0.44345899999999999
6401    -0.15696399999999999  0.018363999999999998  0.44922599000000002
6402    -0.160026  0.013117  0.44967699
6403    -0.154779  0.013117  0.45203799
6404    -0.16789599999999999  0.0078700000000000003  0.45007198999999998
6405    -0.160026  0.0078700000000000003  0.45269199999999998
6406    -0.154779  0.0078700000000000003  0.45478001000000001
6407    -0.17576601  0.0074900000000000001  0.44831799999999999
6408    -0.14953200999999999  0.013117  0.45474899000000002
6409    -0.14953200999999999  0.0078700000000000003  0.45736101000000001
6410    -0.18101300000000001  0.0068729999999999998  0.44783299999999998
6411    -0.154779  0.0026229999999999999  0.45843101000000003
6412    -0.14953200999999999  0.0026229999999999999  0.45982300999999998
6413    -0.14428600999999999  0.0078700000000000003  0.45999699999999999
6414    -0.14428600999999999  0.0026229999999999999  0.46152200999999998
6415    -0.160026  0.0026229999999999999  0.45671001
6416    -0.165273  0.003241  0.45440099
6417    -0.18888300999999999  0.0078700000000000003  0.44629601000000002
6418    -0.17314299999999999  0.0020460000000000001  0.45350300999999998
6419    -0.19150600000000001  0.013117  0.442884
6420    -0.17051899000000001  -0.0026229999999999999  0.45807599999999998
6421    -0.19413  0.018363999999999998  0.44067900999999998
6422    -0.18888300999999999  0.0050169999999999998  0.44859701000000002
6423    -0.18101300000000001  0.00014200000000000001  0.45384401000000002
6424    -0.17576601  -0.0026229999999999999  0.45737298999999998
6425    -0.199377  0.013117  0.44333299999999998
6426    -0.199377  0.0078700000000000003  0.44661599000000002
6427    -0.199377  0.0053899999999999998  0.44859701000000002
6428    -0.18888300999999999  -0.00042299999999999998  0.45384401000000002
6429    -0.18101300000000001  -0.0026229999999999999  0.45670699999999997
6430    -0.19413  0.023609999999999999  0.43926501000000001
6431    -0.19675300000000001  -0.0026229999999999999  0.45628398999999997
6432    -0.18888300999999999  -0.0026229999999999999  0.45621601000000001
6433    -0.20724699999999999  0.0073959999999999998  0.448239
6434    -0.20200001000000001  -0.0026229999999999999  0.45674398999999999
6435    -0.20987  0.013117  0.44533601
6436    -0.204623  0.018363999999999998  0.44187501000000001
6437    -0.20987  0.0021519999999999998  0.45341101
6438    -0.20724699999999999  -0.0026229999999999999  0.45748900999999997
6439    -0.21249399999999999  -0.0026229999999999999  0.45824701000000001
6440    -0.21773999999999999  0.0026229999999999999  0.455098
6441    -0.21511699000000001  0.0078700000000000003  0.45012998999999998
6442    -0.22298699999999999  0.0026229999999999999  0.45685398999999999
6443    -0.22298699999999999  0.0072750000000000002  0.45345299999999999
6444    -0.21773999999999999  0.013117  0.44782799000000001
6445    -0.20200001000000001  0.023609999999999999  0.43998900000000002
6446    -0.22298699999999999  0.013117  0.44997000999999998
6447    -0.21511699000000001  0.018363999999999998  0.44468798999999998
6448    -0.229183  0.0026229999999999999  0.45875701000000002
6449    -0.22823399  0.0078700000000000003  0.455345
6450    -0.22823399  0.013117  0.45256798999999998
6451    -0.20987  0.023609999999999999  0.44176701000000002
6452    -0.22298699999999999  0.018363999999999998  0.44788399000000001
6453    -0.14428600999999999  0.013117  0.45826399000000001
6454    -0.18626000000000001  0.028857000000000001  0.43892400999999998
6455    -0.18101300000000001  0.028857000000000001  0.43958899000000001
6456    -0.17576601  0.028857000000000001  0.44075301
6457    -0.19413  0.028857000000000001  0.43884000000000001
6458    -0.21773999999999999  0.023609999999999999  0.44437199999999999
6459    -0.20200001000000001  0.028857000000000001  0.43956300999999998
6460    -0.22823399  0.018363999999999998  0.45056798999999997
6461    -0.23348099999999999  0.0078700000000000003  0.45840399999999998
6462    -0.23348099999999999  0.0026229999999999999  0.46024299000000002
6463    -0.22298699999999999  0.023609999999999999  0.44678599000000002
6464    -0.23348099999999999  0.013117  0.45590599999999998
6465    -0.20987  0.028857000000000001  0.44140401000000001
6466    -0.154779  0.023609999999999999  0.44945899
6467    -0.165273  0.028857000000000001  0.44433700999999998
6468    -0.21773999999999999  0.028857000000000001  0.44415501000000002
6469    -0.19150600000000001  0.034104000000000002  0.43919100999999999
6470    -0.22823399  0.023609999999999999  0.44960900999999998
6471    -0.23331199999999999  0.018363999999999998  0.45397200999999998
6472    -0.19675300000000001  0.034104000000000002  0.43940201000000001
6473    -0.204623  0.034104000000000002  0.44066
6474    -0.18626000000000001  0.034104000000000002  0.43939500999999997
6475    -0.18101300000000001  0.034104000000000002  0.44007598999999997
6476    -0.22298699999999999  0.028857000000000001  0.44672200000000001
6477    -0.17314299999999999  0.034104000000000002  0.442137
6478    -0.21249399999999999  0.034104000000000002  0.44284700999999999
6479    -0.23973800000000001  0.0078700000000000003  0.46339899000000001
6480    -0.23872699999999999  0.013117  0.46052301000000001
6481    -0.23369500000000001  0.023609999999999999  0.45365599000000001
6482    -0.21773999999999999  0.034104000000000002  0.44495699
6483    -0.22823399  0.028857000000000001  0.44981199999999999
6484    -0.18626000000000001  0.039350999999999997  0.44083499999999998
6485    -0.19413  0.039350999999999997  0.44076499000000002
6486    -0.20200001000000001  0.039350999999999997  0.44164999999999999
6487    -0.23866799  0.018363999999999998  0.45915601
6488    -0.22369701  0.034104000000000002  0.44817001000000001
6489    -0.20724699999999999  0.039350999999999997  0.442884
6490    -0.21249399999999999  0.039350999999999997  0.444581
6491    -0.23338999999999999  0.028857000000000001  0.45393099999999997
6492    -0.21773999999999999  0.039350999999999997  0.44692501000000001
6493    -0.22823399  0.034104000000000002  0.45122999000000003
6494    -0.22298699999999999  0.039350999999999997  0.44991799999999998
6495    -0.20724699999999999  0.044596999999999998  0.44564700000000002
6496    -0.21304300000000001  0.044937999999999999  0.44808900000000002
6497    -0.21773999999999999  0.044596999999999998  0.45023700999999999
6498    0.048370000000000003  0.14428600999999999  -0.18626000000000001
6499    0.048596  0.13903899  -0.19150600000000001
6500    0.048319000000000001  0.13379199999999999  -0.19150600000000001
6501    0.048256  0.12854499999999999  -0.19150600000000001
6502    0.048675999999999997  0.12854499999999999  -0.19675300000000001
6503    0.048295999999999999  0.12329900000000001  -0.19675300000000001
6504    0.048186  0.118052  -0.19675300000000001
6505    0.048832  0.118052  -0.20200001000000001
6506    0.048302999999999999  0.112805  -0.20200001000000001
6507    0.048135999999999998  0.107558  -0.20200001000000001
6508    0.049002999999999998  0.107558  -0.20724699999999999
6509    0.048314999999999997  0.102312  -0.20724699999999999
6510    0.048092999999999997  0.097064999999999999  -0.20724699999999999
6511    0.048535000000000002  0.14953200999999999  -0.18626000000000001
6512    0.048372999999999999  0.091817999999999997  -0.21249399999999999
6513    0.048075  0.086570999999999995  -0.21249399999999999
6514    0.048519  0.081324999999999995  -0.21773999999999999
6515    0.048021000000000001  0.081324999999999995  -0.21249399999999999
6516    0.048138  0.076078000000000007  -0.21773999999999999
6517    0.048473000000000002  0.160026  -0.17838999999999999
6518    0.049017999999999999  0.154779  -0.18626000000000001
6519    0.048693  0.16264901000000001  -0.18101300000000001
6520    0.048550000000000003  0.17051899000000001  -0.17576601
6521    0.048758999999999997  0.17576601  -0.17576601
6522    0.048551999999999998  0.18101300000000001  -0.17051899000000001
6523    0.048703999999999997  0.18626000000000001  -0.17051899000000001
6524    0.048446999999999997  0.19675300000000001  -0.16264901000000001
6525    0.049168000000000003  0.19150600000000001  -0.17051899000000001
6526    0.049843999999999999  0.18626000000000001  -0.17413300000000001
6527    0.048076000000000001  0.070831000000000005  -0.21773999999999999
6528    0.048853000000000001  0.070831000000000005  -0.22298699999999999
6529    0.048312000000000001  0.065584000000000003  -0.22298699999999999
6530    0.048195000000000002  0.060338000000000003  -0.22298699999999999
6531    0.048549000000000002  0.055091000000000001  -0.22823399
6532    0.048247999999999999  0.052468000000000001  -0.22298699999999999
6533    0.048193  0.049843999999999999  -0.22823399
6534    0.047938000000000001  0.044596999999999998  -0.22823399
6535    0.048346  0.044596999999999998  -0.23348099999999999
6536    0.047211000000000003  0.039350999999999997  -0.23348099999999999
6537    0.048605000000000002  0.19675300000000001  -0.165273
6538    0.048999000000000001  0.20200001000000001  -0.165273
6539    0.048466000000000002  0.20724699999999999  -0.160026
6540    0.048800999999999997  0.21249399999999999  -0.160026
6541    0.048323999999999999  0.21773999999999999  -0.154779
6542    0.048586999999999998  0.22298699999999999  -0.154779
6543    0.04811  0.22823399  -0.14953200999999999
6544    0.048239999999999998  0.23348099999999999  -0.14953200999999999
6545    0.047638  0.23348099999999999  -0.14166200000000001
6546    0.048071000000000003  0.220364  -0.14428600999999999
6547    0.047812  0.22823399  -0.13903899
6548    0.047474000000000002  0.23872699999999999  -0.14428600999999999
6549    0.046683000000000002  0.23872699999999999  -0.13379199999999999
6550    0.048654000000000003  0.23872699999999999  -0.14953200999999999
6551    0.046955999999999998  0.243974  -0.14428600999999999
6552    0.045931  0.243974  -0.13641600000000001
6553    0.048168000000000002  0.089194999999999997  -0.204623
6554    0.048637  0.181669  -0.16133800000000001
6555    0.048495999999999997  0.20200001000000001  -0.14953200999999999
6556    0.048340000000000001  0.21249399999999999  -0.14428600999999999
6557    0.048604000000000001  0.160026  -0.17051899000000001
6558    0.048640999999999997  0.14953200999999999  -0.17314299999999999
6559    0.047523999999999997  0.23348099999999999  -0.13379199999999999
6560    0.048583000000000001  0.055091000000000001  -0.21249399999999999
6561    0.048408  0.065584000000000003  -0.20987
6562    0.048503999999999999  0.112805  -0.18888300999999999
6563    0.048640000000000003  0.12854499999999999  -0.18101300000000001
6564    0.048742000000000001  0.13903899  -0.17576601
6565    0.048490999999999999  0.081324999999999995  -0.20200001000000001
6566    0.048619999999999997  0.091817999999999997  -0.19675300000000001
6567    0.048550999999999997  0.044596999999999998  -0.21773999999999999
6568    0.047795999999999998  0.039350999999999997  -0.22561
6569    0.048794999999999998  0.165273  -0.165273
6570    0.047553999999999999  0.034104000000000002  -0.22298699999999999
6571    0.048164999999999999  0.22298699999999999  -0.13903899
6572    0.049064999999999998  0.160026  -0.165273
6573    0.048788999999999999  0.18888300999999999  -0.154779
6574    0.048612000000000002  0.039350999999999997  -0.21773999999999999
6575    0.049071999999999998  0.17314299999999999  -0.160026
6576    0.04879  0.21773999999999999  -0.13903899
6577    0.048786000000000003  0.076078000000000007  -0.20200001000000001
6578    0.048867000000000001  0.062961000000000003  -0.20724699999999999
6579    0.048862999999999997  0.19675300000000001  -0.14953200999999999
6580    0.049110000000000001  0.14690900000000001  -0.17051899000000001
6581    0.048941999999999999  0.12329900000000001  -0.18101300000000001
6582    0.049644000000000001  0.18101300000000001  -0.15440499999999999
6583    0.048924000000000002  0.049843999999999999  -0.21249399999999999
6584    0.049737000000000003  0.154497  -0.16518199
6585    0.049604000000000002  0.070831000000000005  -0.20161999999999999
6586    0.048780999999999998  0.20724699999999999  -0.14428600999999999
6587    0.048580999999999999  0.22823399  -0.13379199999999999
6588    0.049118000000000002  0.13379199999999999  -0.17576601
6589    0.047203000000000002  0.23872699999999999  -0.12854499999999999
6590    0.048975999999999999  0.099687999999999999  -0.19150600000000001
6591    0.049019  0.086570999999999995  -0.19675300000000001
6592    0.045090999999999999  0.243974  -0.12854499999999999
6593    0.048668999999999997  0.034104000000000002  -0.21773999999999999
6594    0.049711999999999999  0.044264999999999999  -0.212393
6595    0.049933999999999999  0.16572398999999999  -0.160026
6596    0.044922999999999998  0.028857000000000001  -0.23348099999999999
6597    0.046647000000000001  0.028857000000000001  -0.22298699999999999
6598    0.049730000000000003  0.201767  -0.14420400999999999
6599    0.049882000000000003  0.12871199999999999  -0.17576601
6600    0.049640999999999998  0.10706599999999999  -0.18608899000000001
6601    0.048815999999999998  0.112805  -0.18626000000000001
6602    0.049739999999999999  0.117821  -0.18093100000000001
6603    0.049806999999999997  0.081244999999999998  -0.19672698999999999
6604    0.049907  0.055344999999999998  -0.20724699999999999
6605    0.049702000000000003  0.19117200000000001  -0.14941599999999999
6606    0.049843999999999999  0.18626000000000001  -0.15196398999999999
6607    0.044845000000000003  0.249221  -0.13903899
6608    0.046247999999999997  0.249221  -0.14428600999999999
6609    0.049847000000000002  0.212502  -0.13903899
6610    0.050129  0.13903899  -0.17112499
6611    0.049843999999999999  0.14273199  -0.170045
6612    0.050122  0.091817999999999997  -0.19203401
6613    0.043895000000000003  0.249221  -0.13379199999999999
6614    0.043667999999999998  0.023609999999999999  -0.23085700000000001
6615    0.045308000000000001  0.023609999999999999  -0.22298699999999999
6616    0.049843999999999999  0.039350999999999997  -0.21443899999999999
6617    0.049970000000000001  0.22298699999999999  -0.13395399999999999
6618    0.049843999999999999  0.17051899000000001  -0.158747
6619    0.049843999999999999  0.17576601  -0.15650401
6620    0.049843999999999999  0.14953200999999999  -0.16756301000000001
6621    0.049843999999999999  0.112805  -0.183474
6622    0.049843999999999999  0.19675300000000001  -0.146928
6623    0.049843999999999999  0.160026  -0.16325799999999999
6624    0.048764000000000002  0.028857000000000001  -0.21773999999999999
6625    0.049843999999999999  0.097064999999999999  -0.19039698999999999
6626    0.049843999999999999  0.102312  -0.18816099999999999
6627    0.049843999999999999  0.076078000000000007  -0.19939101000000001
6628    0.049843999999999999  0.12329900000000001  -0.17879999999999999
6629    0.049843999999999999  0.065584000000000003  -0.20350700999999999
6630    0.049843999999999999  0.060338000000000003  -0.20580499999999999
6631    0.049843999999999999  0.049843999999999999  -0.21037801
6632    0.049843999999999999  0.23325299999999999  -0.12842998999999999
6633    0.041092999999999998  0.013117  -0.22298699999999999
6634    0.042823  0.249221  -0.12854499999999999
6635    0.044596999999999998  0.24654999  -0.12329900000000001
6636    0.049843999999999999  0.13379199999999999  -0.17421301
6637    0.042068000000000001  0.023609999999999999  -0.23872699999999999
6638    0.049843999999999999  0.20724699999999999  -0.14203299999999999
6639    0.049843999999999999  0.086570999999999995  -0.19503100000000001
6640    0.039926000000000003  0.25971401  -0.13903899
6641    0.050644000000000002  0.17576601  -0.154779
6642    0.041685  0.018363999999999998  -0.22823399
6643    0.039287999999999997  0.018363999999999998  -0.23872699999999999
6644    0.049843999999999999  0.21773999999999999  -0.13710700000000001
6645    0.047345999999999999  0.243974  -0.12329900000000001
6646    0.039550000000000002  0.25479200000000002  -0.12854499999999999
6647    0.037877000000000001  0.25971401  -0.13379199999999999
6648    0.050758999999999999  0.065584000000000003  -0.20200001000000001
6649    0.049843999999999999  0.22823399  -0.13168400999999999
6650    0.038406999999999997  0.013117  -0.22823399
6651    0.051243999999999998  0.14953200999999999  -0.165273
6652    0.034405999999999999  0.013117  -0.243974
6653    0.053754000000000003  0.17051899000000001  -0.154779
6654    0.039350999999999997  0.25358399999999998  -0.12329900000000001
6655    0.035118000000000003  0.26093701000000002  -0.12854499999999999
6656    0.034104000000000002  0.264961  -0.13429999000000001
6657    0.034326000000000002  0.25995699  -0.12329900000000001
6658    0.034004  0.25971401  -0.117913
6659    0.034104000000000002  0.0078700000000000003  -0.22816201
6660    0.030178  0.26626399000000001  -0.12854499999999999
6661    0.028857000000000001  0.26541000999999997  -0.12329900000000001
6662    0.029064  0.007685  -0.243974
6663    0.028857000000000001  0.0044250000000000001  -0.23348099999999999
6664    0.028895000000000001  0.0025769999999999999  -0.22823399
6665    -0.053706999999999998  0.13379199999999999  -0.18888300999999999
6666    -0.053996000000000002  0.13903899  -0.19150600000000001
6667    -0.053777999999999999  0.14428600999999999  -0.18626000000000001
6668    -0.053726000000000003  0.13379199999999999  -0.19150600000000001
6669    -0.053960000000000001  0.14428600999999999  -0.17576601
6670    -0.053850000000000002  0.154779  -0.18101300000000001
6671    -0.054010000000000002  0.154779  -0.17051899000000001
6672    -0.054106000000000001  0.13903899  -0.17576601
6673    -0.054225000000000002  0.16264901000000001  -0.165273
6674    -0.053955999999999997  0.118052  -0.18626000000000001
6675    -0.053732000000000002  0.12329900000000001  -0.19675300000000001
6676    -0.053884000000000001  0.17576601  -0.16264901000000001
6677    -0.053794000000000002  0.18101300000000001  -0.17051899000000001
6678    -0.053598  0.19675300000000001  -0.16264901000000001
6679    -0.053718000000000002  0.19150600000000001  -0.15609100000000001
6680    -0.053484999999999998  0.20987  -0.15215600000000001
6681    -0.053689000000000001  0.20200001000000001  -0.14953200999999999
6682    -0.053655000000000001  0.21249399999999999  -0.14428600999999999
6683    -0.053593000000000002  0.107558  -0.20200001000000001
6684    -0.053830000000000003  0.102312  -0.19413
6685    -0.053552000000000002  0.097064999999999999  -0.20724699999999999
6686    -0.053497999999999997  0.086570999999999995  -0.20987
6687    -0.053893999999999997  0.081324999999999995  -0.20200001000000001
6688    -0.053795999999999997  0.066895999999999997  -0.20987
6689    -0.053765  0.052468000000000001  -0.22298699999999999
6690    -0.053511999999999997  0.070831000000000005  -0.21773999999999999
6691    -0.053657999999999997  0.060338000000000003  -0.22298699999999999
6692    -0.054218000000000002  0.052468000000000001  -0.21249399999999999
6693    -0.053656000000000002  0.044596999999999998  -0.22823399
6694    -0.054220999999999998  0.041973999999999997  -0.21773999999999999
6695    -0.053252000000000001  0.22823399  -0.13903899
6696    -0.053557  0.21773999999999999  -0.154779
6697    -0.053436999999999998  0.22823399  -0.14953200999999999
6698    -0.053629999999999997  0.20724699999999999  -0.160026
6699    -0.053766000000000001  0.049843999999999999  -0.22823399
6700    -0.053684999999999997  0.039350999999999997  -0.22561
6701    -0.053301000000000001  0.039350999999999997  -0.23348099999999999
6702    -0.053011999999999997  0.23348099999999999  -0.14166200000000001
6703    -0.052991000000000003  0.23348099999999999  -0.13379199999999999
6704    -0.053599000000000001  0.076078000000000007  -0.21773999999999999
6705    -0.053592000000000001  0.034104000000000002  -0.22298699999999999
6706    -0.054115000000000003  0.12854499999999999  -0.19675300000000001
6707    -0.054051000000000002  0.055091000000000001  -0.22823399
6708    -0.054226000000000003  0.14953200999999999  -0.17051899000000001
6709    -0.053543  0.23348099999999999  -0.14953200999999999
6710    -0.053777999999999999  0.065584000000000003  -0.22298699999999999
6711    -0.053925000000000001  0.18626000000000001  -0.17051899000000001
6712    -0.054260999999999997  0.062961000000000003  -0.20724699999999999
6713    -0.054023000000000002  0.19675300000000001  -0.14953200999999999
6714    -0.054203000000000001  0.112805  -0.18626000000000001
6715    -0.054170000000000003  0.076078000000000007  -0.20200001000000001
6716    -0.054302000000000003  0.17314299999999999  -0.160026
6717    -0.054355000000000001  0.18363599  -0.154779
6718    -0.053777999999999999  0.112805  -0.20200001000000001
6719    -0.053901999999999999  0.17051899000000001  -0.17576601
6720    -0.054107000000000002  0.16264901000000001  -0.18101300000000001
6721    -0.054193999999999999  0.15215600000000001  -0.18626000000000001
6722    -0.054093000000000002  0.17576601  -0.17576601
6723    -0.054126000000000001  0.044596999999999998  -0.23348099999999999
6724    -0.052764999999999999  0.23872699999999999  -0.14428600999999999
6725    -0.052025000000000002  0.23872699999999999  -0.13379199999999999
6726    -0.053895999999999999  0.091817999999999997  -0.21249399999999999
6727    -0.053533999999999998  0.086570999999999995  -0.21249399999999999
6728    -0.054058000000000002  0.081324999999999995  -0.21773999999999999
6729    -0.052568999999999998  0.034104000000000002  -0.23348099999999999
6730    -0.053598  0.22298699999999999  -0.13903899
6731    -0.053832999999999999  0.102312  -0.20724699999999999
6732    -0.054168000000000001  0.089194999999999997  -0.19675300000000001
6733    -0.054316999999999997  0.099687999999999999  -0.19150600000000001
6734    -0.054188  0.12592199000000001  -0.18101300000000001
6735    -0.054899999999999997  0.070299  -0.20183999999999999
6736    -0.054924000000000001  0.107109  -0.18610799
6737    -0.054045999999999997  0.20724699999999999  -0.14428600999999999
6738    -0.054075999999999999  0.22823399  -0.13379199999999999
6739    -0.054905000000000002  0.14372600999999999  -0.17034700999999999
6740    -0.054789999999999998  0.13379199999999999  -0.175119
6741    -0.054913999999999998  0.19109000000000001  -0.14938401000000001
6742    -0.052854999999999999  0.028857000000000001  -0.22298699999999999
6743    -0.053844000000000003  0.22298699999999999  -0.154779
6744    -0.055057000000000002  0.154695  -0.165245
6745    -0.055031999999999998  0.117909  -0.18096398999999999
6746    -0.054803999999999999  0.034104000000000002  -0.217223
6747    -0.054202  0.20200001000000001  -0.165273
6748    -0.053754000000000003  0.19675300000000001  -0.165273
6749    -0.054405000000000002  0.19150600000000001  -0.17051899000000001
6750    -0.054351999999999998  0.070831000000000005  -0.22298699999999999
6751    -0.051118999999999998  0.028857000000000001  -0.23872699999999999
6752    -0.055072000000000003  0.081281000000000006  -0.196739
6753    -0.054010000000000002  0.21249399999999999  -0.160026
6754    -0.054183000000000002  0.21773999999999999  -0.13903899
6755    -0.0528  0.23872699999999999  -0.12854499999999999
6756    -0.051172000000000002  0.243974  -0.13641600000000001
6757    -0.052188999999999999  0.243974  -0.14428600999999999
6758    -0.054960000000000002  0.20171601  -0.14418900000000001
6759    -0.05509  0.044594000000000002  -0.21249199999999999
6760    -0.053233999999999997  0.034104000000000002  -0.23872699999999999
6761    -0.055091000000000001  0.039350999999999997  -0.21548
6762    -0.049843999999999999  0.24545901000000001  -0.12854499999999999
6763    -0.053940000000000002  0.23872699999999999  -0.14953200999999999
6764    -0.054337000000000003  0.118052  -0.20200001000000001
6765    -0.055201  0.129052  -0.17576601
6766    -0.055091000000000001  0.12329900000000001  -0.179088
6767    -0.055246000000000003  0.055735  -0.20724699999999999
6768    -0.055091000000000001  0.049843999999999999  -0.21078999000000001
6769    -0.055266999999999997  0.16603000000000001  -0.160026
6770    -0.055091000000000001  0.160026  -0.163546
6771    -0.050046  0.249221  -0.13903899
6772    -0.055091000000000001  0.095395999999999995  -0.19097500000000001
6773    -0.055091000000000001  0.086570999999999995  -0.195105
6774    -0.055133000000000001  0.21262698999999999  -0.13903899
6775    -0.055091000000000001  0.20724699999999999  -0.14199901000000001
6776    -0.055091000000000001  0.17980399999999999  -0.154366
6777    -0.055091000000000001  0.17051899000000001  -0.15884300000000001
6778    -0.055091000000000001  0.14953200999999999  -0.16800401000000001
6779    -0.055091000000000001  0.112805  -0.18367600000000001
6780    -0.055091000000000001  0.060338000000000003  -0.20599498999999999
6781    -0.054892000000000003  0.028857000000000001  -0.21749700999999999
6782    -0.050278999999999997  0.023591000000000001  -0.23091500000000001
6783    -0.051579  0.023609999999999999  -0.22298699999999999
6784    -0.049110000000000001  0.249221  -0.13379199999999999
6785    -0.055091000000000001  0.076078000000000007  -0.199549
6786    -0.055091000000000001  0.18626000000000001  -0.151701
6787    -0.055091000000000001  0.19675300000000001  -0.146679
6788    -0.049848000000000003  0.018363999999999998  -0.22298699999999999
6789    -0.049092999999999998  0.023609999999999999  -0.23872699999999999
6790    -0.055397000000000002  0.22359601000000001  -0.13379199999999999
6791    -0.055091000000000001  0.21773999999999999  -0.13732199
6792    -0.048362000000000002  0.018363999999999998  -0.22823399
6793    -0.047735  0.25446798999999998  -0.13903899
6794    -0.048174000000000002  0.249221  -0.12854499999999999
6795    -0.04913  0.24817  -0.12329900000000001
6796    -0.047826  0.013117  -0.22298699999999999
6797    -0.055606000000000003  0.091817999999999997  -0.19150600000000001
6798    -0.055918000000000002  0.13903899  -0.17051899000000001
6799    -0.044840999999999999  0.25485300999999999  -0.12854499999999999
6800    -0.055091000000000001  0.23373801  -0.12854499999999999
6801    -0.055091000000000001  0.22823399  -0.13209899999999999
6802    -0.042526000000000001  0.25911200000000001  -0.13116901
6803    -0.055983999999999999  0.17576601  -0.154779
6804    -0.056071000000000003  0.065584000000000003  -0.20200001000000001
6805    -0.055039999999999999  0.023609999999999999  -0.21769799000000001
6806    -0.049843999999999999  0.25446798999999998  -0.142822
6807    -0.053317000000000003  0.243974  -0.12329900000000001
6808    -0.056244000000000002  0.102312  -0.18626000000000001
6809    -0.057036999999999997  0.039350999999999997  -0.21249399999999999
6810    -0.056892999999999999  0.14953200999999999  -0.165273
6811    -0.056905999999999998  0.112805  -0.18101300000000001
6812    -0.060338000000000003  0.034104000000000002  -0.21251300000000001
6813    -0.055091000000000001  0.23872699999999999  -0.12561899000000001
6814    0.17314299999999999  0.034104000000000002  0.49443399999999998
6815    0.19019499000000001  0.034104000000000002  0.49420899000000001
6816    0.17707798999999999  0.039350999999999997  0.49216700000000002
6817    0.19281799999999999  0.040619000000000002  0.49119201000000001
6818    0.204623  0.034104000000000002  0.49369900999999999
6819    0.20200001000000001  0.040131  0.49100399
6820    0.16264901000000001  0.039350999999999997  0.49200100000000002
6821    0.15740301000000001  0.034104000000000002  0.49436500999999999
6822    0.17707798999999999  0.04233  0.49057098999999998
6823    0.154779  0.028857000000000001  0.49625501
6824    0.14953200999999999  0.028857000000000001  0.49607399000000002
6825    0.14953200999999999  0.034104000000000002  0.49392301
6826    0.204623  0.028857000000000001  0.49549699000000003
6827    0.19150700000000001  0.028857000000000001  0.49585399000000002
6828    0.21773999999999999  0.028857000000000001  0.49466898999999998
6829    0.21511699000000001  0.034104000000000002  0.49280801000000002
6830    0.20987  0.039551000000000003  0.49061501000000002
6831    0.22298699999999999  0.028857000000000001  0.49409600999999997
6832    0.22298699999999999  0.023609999999999999  0.49579900999999998
6833    0.20200001000000001  0.023609999999999999  0.49689900999999997
6834    0.18232501000000001  0.023609999999999999  0.49724600000000002
6835    0.15215600000000001  0.023609999999999999  0.49761599000000001
6836    0.14428600999999999  0.023609999999999999  0.49727200999999999
6837    0.22298699999999999  0.018363999999999998  0.49694600999999999
6838    0.14428600999999999  0.028857000000000001  0.49550399000000001
6839    0.14953200999999999  0.018363999999999998  0.49860599999999999
6840    0.14428600999999999  0.018363999999999998  0.49846601000000001
6841    0.19675300000000001  0.018363999999999998  0.49789301000000002
6842    0.16789599999999999  0.018363999999999998  0.49827799
6843    0.22823399  0.018363999999999998  0.49629100999999998
6844    0.22823399  0.023609999999999999  0.49491798999999997
6845    0.14953200999999999  0.013117  0.49915199999999998
6846    0.182981  0.013117  0.49856800000000001
6847    0.14428600999999999  0.013117  0.49913499
6848    0.20200001000000001  0.013117  0.49818799000000002
6849    0.22298699999999999  0.013117  0.49757600000000002
6850    0.22823399  0.010494  0.497224
6851    0.14428600999999999  0.0078700000000000003  0.49934399000000002
6852    0.22298699999999999  0.0078700000000000003  0.49774000000000002
6853    0.21511699000000001  0.0078700000000000003  0.49778599000000001
6854    0.17183100000000001  0.0078700000000000003  0.49872898999999998
6855    0.19281799999999999  0.0078700000000000003  0.49838901000000002
6856    0.13903899  0.018363999999999998  0.49750799000000001
6857    0.13903899  0.013117  0.49838299000000003
6858    0.13903899  0.0078700000000000003  0.49873200000000001
6859    0.13903899  0.023911000000000002  0.49592998999999999
6860    0.22823399  0.0026229999999999999  0.49714899000000001
6861    0.22298699999999999  0.0026229999999999999  0.49746400000000002
6862    0.16133800000000001  0.0026229999999999999  0.49859700000000001
6863    0.14428600999999999  0.0026229999999999999  0.49912699999999999
6864    0.21249399999999999  0.0026229999999999999  0.49742599999999998
6865    0.13903899  0.0026229999999999999  0.49855801
6866    0.23348099999999999  0.013117  0.49526101
6867    0.14428600999999999  -0.0026229999999999999  0.49848600999999998
6868    0.16789599999999999  -0.0026229999999999999  0.49768098999999999
6869    0.21249399999999999  -0.0026229999999999999  0.49661601
6870    0.22823399  -0.0026229999999999999  0.49648899000000002
6871    0.22298699999999999  -0.0026229999999999999  0.49675801000000003
6872    0.13903899  -0.0026229999999999999  0.49791801000000002
6873    0.23348099999999999  0.0078700000000000003  0.49567801
6874    0.23348099999999999  0.0026229999999999999  0.49552000000000002
6875    0.22823399  0.028857000000000001  0.49275699000000001
6876    0.18068500000000001  -0.0078700000000000003  0.49618399000000002
6877    0.21249399999999999  -0.0078700000000000003  0.49541399000000003
6878    0.22823399  -0.0078700000000000003  0.49536699000000001
6879    0.22298699999999999  -0.0078700000000000003  0.49560600999999999
6880    0.14428600999999999  -0.0078700000000000003  0.497338
6881    0.13903899  -0.0078700000000000003  0.49680200000000002
6882    0.23348099999999999  0.018363999999999998  0.49419200000000002
6883    0.23348099999999999  -0.0026229999999999999  0.49479401000000001
6884    0.22298699999999999  0.034948  0.49106898999999998
6885    0.21773999999999999  0.039350999999999997  0.489512
6886    0.154779  0.040107999999999998  0.49106300000000003
6887    0.14953200999999999  0.039504999999999998  0.49068298999999999
6888    0.16396099  0.043193000000000002  0.48966800999999999
6889    0.14428600999999999  0.034104000000000002  0.49285400000000001
6890    0.18888300999999999  0.044596999999999998  0.48897800000000002
6891    0.13903899  0.028857000000000001  0.49379100999999997
6892    0.17838999999999999  0.044596999999999998  0.48915600999999997
6893    0.199377  0.044596999999999998  0.48835599000000002
6894    0.13379199999999999  0.013117  0.49610200999999998
6895    0.13325799999999999  0.0078700000000000003  0.49619999999999997
6896    0.13329799000000001  0.0026229999999999999  0.49615999999999999
6897    0.13379199999999999  -0.0026229999999999999  0.49595800000000001
6898    0.23348099999999999  0.023609999999999999  0.49234799000000001
6899    0.13379199999999999  -0.0078700000000000003  0.49483498999999997
6900    0.23348099999999999  -0.0078700000000000003  0.49339499999999997
6901    0.13379199999999999  0.018363999999999998  0.49488400999999999
6902    0.20724699999999999  0.044596999999999998  0.48750100000000002
6903    0.22823399  0.034104000000000002  0.48970699000000001
6904    0.21249399999999999  0.045258  0.48591799000000002
6905    0.22298699999999999  0.039350999999999997  0.48796600000000001
6906    0.18363599  0.049843999999999999  0.48498799999999997
6907    0.19150600000000001  0.049843999999999999  0.48468499999999998
6908    0.17314299999999999  0.049843999999999999  0.48479599000000001
6909    0.160026  0.046226000000000003  0.486821
6910    0.165273  0.049241  0.48470601000000002
6911    0.20200001000000001  0.048939000000000003  0.48447600000000002
6912    0.20724699999999999  0.048503999999999999  0.48396899999999998
6913    0.14428600999999999  0.038422999999999999  0.48974001
6914    0.23348099999999999  0.028857000000000001  0.48963001
6915    0.13903899  0.034014000000000003  0.49049400999999998
6916    0.21773999999999999  0.044381999999999998  0.48532501
6917    0.154779  0.046663000000000003  0.48532501
6918    0.13379199999999999  0.023609999999999999  0.49272901000000002
6919    0.23555799999999999  0.023609999999999999  0.49057098999999998
6920    0.23768599000000001  0.018363999999999998  0.49057098999999998
6921    0.238783  0.013117  0.49063699999999999
6922    0.23900299999999999  0.0078700000000000003  0.49089699999999997
6923    0.238956  0.0026229999999999999  0.49083999
6924    0.13425100000000001  0.028178999999999999  0.49057098999999998
6925    0.23852198999999999  -0.0026229999999999999  0.49057098999999998
6926    0.12961800000000001  0.018363999999999998  0.49057098999999998
6927    0.13177  0.023609999999999999  0.49057098999999998
6928    -0.17838999999999999  0.041607999999999999  0.49057098999999998
6929    -0.19413  0.039976999999999999  0.49089801
6930    -0.18363599  0.039350999999999997  0.49168899999999999
6931    -0.18888300999999999  0.044596999999999998  0.48842001000000002
6932    -0.17838999999999999  0.044596999999999998  0.48864099
6933    -0.199377  0.044596999999999998  0.48765501
6934    -0.20724699999999999  0.039350999999999997  0.49017098999999997
6935    -0.20855799  0.045717000000000001  0.48565399999999997
6936    -0.22298699999999999  0.039350999999999997  0.48839399
6937    -0.22823399  0.034436000000000001  0.49076301
6938    -0.19675300000000001  0.034104000000000002  0.49336299
6939    -0.16920800999999999  0.039350999999999997  0.49176400999999997
6940    -0.165273  0.041348000000000003  0.49057098999999998
6941    -0.18363599  0.034104000000000002  0.49394101000000001
6942    -0.160026  0.034104000000000002  0.49410099000000002
6943    -0.160026  0.040875000000000002  0.49057098999999998
6944    -0.154779  0.034104000000000002  0.49385601000000001
6945    -0.165273  0.044596999999999998  0.48821101
6946    -0.154779  0.039579999999999997  0.49073099999999997
6947    -0.15740301000000001  0.028857000000000001  0.49586599999999997
6948    -0.14953200999999999  0.028857000000000001  0.49540001
6949    -0.184948  0.028857000000000001  0.49552499999999999
6950    -0.20068800000000001  0.028857000000000001  0.49485999000000003
6951    -0.21511699000000001  0.028857000000000001  0.49402899
6952    -0.22298699999999999  0.034104000000000002  0.49149399999999999
6953    -0.22823399  0.028857000000000001  0.49349399999999999
6954    -0.21773999999999999  0.023609999999999999  0.49540698999999999
6955    -0.20200001000000001  0.023609999999999999  0.49609300000000001
6956    -0.18626000000000001  0.023609999999999999  0.49679299999999998
6957    -0.22823399  0.023609999999999999  0.49529700999999998
6958    -0.14953200999999999  0.023609999999999999  0.49700900999999997
6959    -0.154779  0.023609999999999999  0.49721900000000002
6960    -0.23348099999999999  0.028857000000000001  0.49245899999999998
6961    -0.23348099999999999  0.023609999999999999  0.49463400000000002
6962    -0.23348099999999999  0.018363999999999998  0.49606298999999998
6963    -0.22823399  0.018363999999999998  0.49656298999999998
6964    -0.21511699000000001  0.018363999999999998  0.49654299000000002
6965    -0.19413  0.018363999999999998  0.49745801000000001
6966    -0.14953200999999999  0.018363999999999998  0.49811699999999998
6967    -0.165273  0.018363999999999998  0.49792901000000001
6968    -0.18626000000000001  0.018363999999999998  0.49772999000000001
6969    -0.22823399  0.013117  0.49735500999999999
6970    -0.20724699999999999  0.013117  0.49734898999999999
6971    -0.23348099999999999  0.013117  0.49696699
6972    -0.14953200999999999  0.013117  0.49874800000000002
6973    -0.17576601  0.013117  0.49835199000000002
6974    -0.14428600999999999  0.018363999999999998  0.49737798999999999
6975    -0.19413  0.013117  0.49799400999999999
6976    -0.14428600999999999  0.013117  0.49824499999999999
6977    -0.144091  0.023609999999999999  0.49590700999999998
6978    -0.14953200999999999  0.034104000000000002  0.49292201000000002
6979    -0.22823399  0.0078700000000000003  0.49770099000000001
6980    -0.23348099999999999  0.0078700000000000003  0.49736899000000001
6981    -0.21511699000000001  0.0078700000000000003  0.49739
6982    -0.19675300000000001  0.0078700000000000003  0.49797699000000001
6983    -0.18363599  0.0078700000000000003  0.49839801
6984    -0.165273  0.0078700000000000003  0.49856800000000001
6985    -0.14953200999999999  0.0078700000000000003  0.49892398999999998
6986    -0.14428600999999999  0.0052469999999999999  0.49847799999999998
6987    -0.22823399  0.0026229999999999999  0.49753599999999998
6988    -0.14953200999999999  0.0026229999999999999  0.49869099
6989    -0.18363599  0.0026229999999999999  0.49805301000000002
6990    -0.204623  0.0026229999999999999  0.49728799000000001
6991    -0.21511699000000001  0.0026229999999999999  0.497143
6992    -0.23348099999999999  -0  0.49693099000000002
6993    -0.23872699999999999  0.013117  0.49514601000000003
6994    -0.23872699999999999  0.0078700000000000003  0.49567199000000001
6995    -0.14428600999999999  -0.0026229999999999999  0.49777901000000002
6996    -0.14428600999999999  0.028857000000000001  0.49383700000000003
6997    -0.19806499999999999  -0.0026229999999999999  0.49677600999999999
6998    -0.23872699999999999  0.018363999999999998  0.49404100000000001
6999    -0.14953200999999999  -0.0026229999999999999  0.49804800999999999
7000    -0.17314299999999999  -0.0026229999999999999  0.49746500999999999
7001    -0.22823399  -0.0026229999999999999  0.49685699
7002    -0.21511699000000001  -0.0026229999999999999  0.49641900999999999
7003    -0.23872699999999999  0.0026229999999999999  0.49562201
7004    -0.23348099999999999  0.034104000000000002  0.48950300000000002
7005    -0.13827300000000001  0.0078700000000000003  0.49631101
7006    -0.13903899  0.0026229999999999999  0.49673599000000002
7007    -0.13870299999999999  0.013117  0.49605101000000001
7008    -0.17379898999999999  -0.0078700000000000003  0.49631398999999998
7009    -0.14953200999999999  -0.0078700000000000003  0.49693598999999999
7010    -0.13903899  -0.0026229999999999999  0.49619600000000003
7011    -0.22823399  -0.0078700000000000003  0.49565600999999998
7012    -0.21249399999999999  -0.0078700000000000003  0.49521198999999999
7013    -0.20200001000000001  -0.0078700000000000003  0.49539301000000002
7014    -0.23348099999999999  -0.0078700000000000003  0.49543700000000002
7015    -0.23872699999999999  -0.0026229999999999999  0.49496999000000003
7016    -0.14428600999999999  -0.013117  0.49502700999999999
7017    -0.13903899  0.018363999999999998  0.49507600000000002
7018    -0.18101300000000001  -0.013117  0.49450000999999999
7019    -0.14953200999999999  -0.013117  0.49524899999999999
7020    -0.20593500000000001  -0.013117  0.49358299
7021    -0.22823399  -0.013117  0.49392501
7022    -0.13903899  -0.0078700000000000003  0.49514401000000002
7023    -0.23348099999999999  -0.013117  0.49361399
7024    -0.23872699999999999  0.023609999999999999  0.49219500999999999
7025    -0.23872699999999999  -0.0078700000000000003  0.49359198999999998
7026    -0.160026  0.044596999999999998  0.48756701000000002
7027    -0.23872699999999999  0.028028000000000001  0.49008200000000002
7028    -0.19413  0.048925000000000003  0.48474801000000001
7029    -0.22823399  0.040460000000000003  0.48631099
7030    -0.14953200999999999  0.038550000000000001  0.48986798999999998
7031    -0.199377  0.049843999999999999  0.48344901000000001
7032    -0.18363599  0.049843999999999999  0.48440098999999998
7033    -0.17051899000000001  0.049102  0.48456901000000002
7034    -0.21773999999999999  0.044596999999999998  0.48511299000000002
7035    -0.22298699999999999  0.043874999999999997  0.48462098999999997
7036    -0.14428600999999999  0.034105000000000003  0.49057098999999998
7037    -0.13903899  -0.013117  0.49326900000000001
7038    -0.23872699999999999  -0.015213000000000001  0.49057098999999998
7039    -0.24285100000000001  0.018363999999999998  0.49057098999999998
7040    -0.24069399999999999  0.023609999999999999  0.49057098999999998
7041    -0.244032  0.013117  0.49064001000000002
7042    -0.24429400000000001  0.0078700000000000003  0.49095401
7043    -0.244307  0.0026229999999999999  0.49096300999999998
7044    -0.24404500000000001  -0.0026229999999999999  0.49065301
7045    -0.24333199999999999  -0.0078700000000000003  0.489757
7046    0.17314299999999999  0.018363999999999998  0.44269499000000001
7047    0.17576601  0.023609999999999999  0.44065499000000002
7048    0.18363599  0.018363999999999998  0.44129199000000002
7049    0.18363599  0.023609999999999999  0.43974300999999999
7050    0.17314299999999999  0.013117  0.44509599
7051    0.18363599  0.013117  0.44374998999999998
7052    0.165273  0.018363999999999998  0.44457299
7053    0.16789599999999999  0.023609999999999999  0.44253599999999998
7054    0.160026  0.013117  0.44847198999999999
7055    0.15740301000000001  0.018363999999999998  0.44730899000000002
7056    0.154779  0.013117  0.45032000999999999
7057    0.165273  0.0078700000000000003  0.45025799
7058    0.15428799000000001  0.0078700000000000003  0.45366001
7059    0.17314299999999999  0.0077320000000000002  0.44871801
7060    0.18101300000000001  0.0072199999999999999  0.44805898999999999
7061    0.14953200999999999  0.013117  0.45261800000000002
7062    0.14428600999999999  0.0057580000000000001  0.45909101000000002
7063    0.14958700999999999  0.0026229999999999999  0.45910298999999999
7064    0.14428600999999999  0.0026229999999999999  0.46048098999999998
7065    0.160026  0.0026229999999999999  0.45616001
7066    0.165273  0.0031050000000000001  0.45431899999999997
7067    0.18626000000000001  0.0070299999999999998  0.44789001000000001
7068    0.17314299999999999  0.0026229999999999999  0.45330398999999999
7069    0.17051899000000001  -0.0026229999999999999  0.45859101000000002
7070    0.19150600000000001  0.0070299999999999998  0.44789600000000002
7071    0.19150600000000001  0.013117  0.44360101000000002
7072    0.18363599  0.0018079999999999999  0.45303199
7073    0.17838999999999999  -0.0026229999999999999  0.45795100999999999
7074    0.19675300000000001  0.0072329999999999998  0.44807899000000001
7075    0.19413  0.018363999999999998  0.44134100999999998
7076    0.199377  0.013117  0.44439500999999998
7077    0.19413  0.001382  0.45339798999999997
7078    0.199377  -0.0026229999999999999  0.45749801000000001
7079    0.18888300999999999  -0.0026229999999999999  0.45741701000000001
7080    0.20200001000000001  0.0020600000000000002  0.45334100999999999
7081    0.20724699999999999  -0.0026229999999999999  0.457845
7082    0.20200001000000001  0.007659  0.44843501000000002
7083    0.20724699999999999  0.0078700000000000003  0.44937500000000002
7084    0.20724699999999999  0.013117  0.44601899
7085    0.20200001000000001  0.018363999999999998  0.44239199000000001
7086    0.21249399999999999  0.0078700000000000003  0.45102798999999999
7087    0.21249399999999999  0.0026229999999999999  0.45491399999999999
7088    0.20724699999999999  0.018363999999999998  0.44365599999999999
7089    0.21249399999999999  0.013117  0.44782501000000002
7090    0.19413  0.023609999999999999  0.43981501000000001
7091    0.21773999999999999  0.0072589999999999998  0.45346399999999998
7092    0.21773999999999999  0.0026229999999999999  0.45667099999999999
7093    0.21773999999999999  0.013117  0.44995499
7094    0.20200001000000001  0.023609999999999999  0.44092598999999999
7095    0.21249399999999999  0.018363999999999998  0.44547501
7096    0.22298699999999999  0.0078700000000000003  0.45545200000000002
7097    0.22298699999999999  0.0026229999999999999  0.458507
7098    0.14428600999999999  0.013117  0.45525199
7099    0.13903899  0.0078700000000000003  0.46060199000000002
7100    0.13903899  0.0026229999999999999  0.46217501
7101    0.14953200999999999  0.018363999999999998  0.45065799000000001
7102    0.13903899  0.013117  0.45871401000000001
7103    0.21773999999999999  0.018363999999999998  0.44778401000000001
7104    0.15740301000000001  0.023609999999999999  0.44617700999999999
7105    0.14404900000000001  0.018363999999999998  0.45369500000000001
7106    0.17576601  0.028857000000000001  0.44011801
7107    0.18363599  0.028857000000000001  0.43921301000000001
7108    0.19150600000000001  0.028857000000000001  0.43907099999999999
7109    0.19675300000000001  0.028857000000000001  0.43952000000000002
7110    0.21249399999999999  0.023609999999999999  0.44417899999999999
7111    0.16789599999999999  0.028857000000000001  0.44213000000000002
7112    0.160026  0.028857000000000001  0.44481999
7113    0.14953200999999999  0.023609999999999999  0.44974800999999998
7114    0.20200001000000001  0.028857000000000001  0.44045600000000001
7115    0.15334199000000001  0.028857000000000001  0.44788899999999998
7116    0.22823399  0.0078700000000000003  0.45855700999999999
7117    0.22823399  0.0026229999999999999  0.46051600999999998
7118    0.22298699999999999  0.018363999999999998  0.45054999000000001
7119    0.22823399  0.013117  0.45599800000000001
7120    0.20724699999999999  0.028857000000000001  0.44192299000000002
7121    0.13358399000000001  0.0078700000000000003  0.46418101000000001
7122    0.13903899  0.018363999999999998  0.45736501000000002
7123    0.14365  0.023609999999999999  0.45340401000000002
7124    0.18363599  0.034104000000000002  0.43958100999999999
7125    0.19150600000000001  0.034104000000000002  0.43946900999999999
7126    0.17576601  0.034104000000000002  0.44051700999999999
7127    0.17051899000000001  0.034104000000000002  0.44178799000000002
7128    0.13309000000000001  0.013117  0.46365401000000001
7129    0.22298699999999999  0.023609999999999999  0.44952398999999998
7130    0.19675300000000001  0.034104000000000002  0.44001001000000001
7131    0.21249399999999999  0.028857000000000001  0.44394298999999998
7132    0.20200001000000001  0.034104000000000002  0.44100099999999998
7133    0.16264901000000001  0.034104000000000002  0.44448999
7134    0.22823399  0.018363999999999998  0.45410698999999999
7135    0.14953200999999999  0.028857000000000001  0.449907
7136    0.21773999999999999  0.028857000000000001  0.44652501
7137    0.23348099999999999  0.0078700000000000003  0.46249899
7138    0.23348099999999999  0.013117  0.46051201000000003
7139    0.23405001  0.0026229999999999999  0.46433799999999997
7140    0.20724699999999999  0.034104000000000002  0.44258499000000001
7141    0.228489  0.023609999999999999  0.453621
7142    0.21249399999999999  0.034104000000000002  0.44470301000000001
7143    0.18363599  0.039350999999999997  0.44095900999999998
7144    0.19150600000000001  0.039350999999999997  0.44089001
7145    0.15425900000000001  0.034104000000000002  0.44832
7146    0.17576601  0.039350999999999997  0.44192699000000002
7147    0.14401899000000001  0.028857000000000001  0.45363798999999999
7148    0.22298699999999999  0.028857000000000001  0.44964299000000002
7149    0.17051899000000001  0.039350999999999997  0.44320500000000002
7150    0.165273  0.039350999999999997  0.44497901000000001
7151    0.199377  0.039350999999999997  0.44204800999999999
7152    0.20724699999999999  0.039350999999999997  0.44427898999999998
7153    0.21864299000000001  0.034104000000000002  0.44805101000000003
7154    0.160026  0.039350999999999997  0.44726101000000001
7155    0.18101300000000001  0.044596999999999998  0.44354099000000002
7156    0.18626000000000001  0.044596999999999998  0.44324201000000002
7157    0.22822000000000001  0.028857000000000001  0.45385700000000001
7158    0.17576601  0.044596999999999998  0.44435000000000002
7159    0.21249399999999999  0.039350999999999997  0.44661700999999998
7160    0.19150600000000001  0.044596999999999998  0.44341399999999997
7161    0.19675300000000001  0.044596999999999998  0.44412699
7162    0.17051899000000001  0.044596999999999998  0.44572201
7163    0.22298699999999999  0.034104000000000002  0.45099299999999998
7164    0.20200001000000001  0.044596999999999998  0.44536199999999998
7165    0.21773999999999999  0.039350999999999997  0.44960800000000001
7166    0.20724699999999999  0.045498999999999998  0.44792500000000002
7167    0.21249399999999999  0.044596999999999998  0.44986299000000002
7168    0.18626000000000001  0.050763999999999997  0.44775701000000001
7169    0.18101300000000001  0.050606999999999999  0.44790300999999999
7170    0.19150600000000001  0.050633999999999998  0.44787100000000002
7171    0.19675300000000001  0.050182999999999998  0.44828600000000002
7172    0.20200001000000001  0.049383999999999997  0.44903999999999999
7173    -0.052059000000000001  -0.13903899  -0.29119500999999998
7174    -0.051494999999999999  -0.14428600999999999  -0.29644199999999998
7175    -0.051711  -0.13903899  -0.30693501000000001
7176    -0.051971000000000003  -0.13379199999999999  -0.30693501000000001
7177    -0.051256999999999997  -0.14428600999999999  -0.31218201000000001
7178    -0.050471000000000002  -0.14953200999999999  -0.31218201000000001
7179    -0.051047000000000002  -0.14953200999999999  -0.29644199999999998
7180    -0.049964000000000001  -0.154779  -0.30168799000000002
7181    -0.049682999999999998  -0.15388500999999999  -0.31218201000000001
7182    -0.050545  -0.154779  -0.29644199999999998
7183    -0.050210999999999999  -0.160026  -0.29644199999999998
7184    -0.052136000000000002  -0.13903899  -0.31218201000000001
7185    -0.047941999999999999  -0.160026  -0.31742901000000001
7186    -0.048805000000000001  -0.160026  -0.30168799000000002
7187    -0.052511000000000002  -0.14428600999999999  -0.29119500999999998
7188    -0.049843999999999999  -0.153613  -0.31742901000000001
7189    -0.051869999999999999  -0.13379199999999999  -0.29119500999999998
7190    -0.051671000000000002  -0.12854499999999999  -0.29119500999999998
7191    -0.051859000000000002  -0.12854499999999999  -0.30168799000000002
7192    -0.052253000000000001  -0.12854499999999999  -0.30693501000000001
7193    -0.051898  -0.12854499999999999  -0.28594800999999997
7194    -0.051657000000000002  -0.12329900000000001  -0.30168799000000002
7195    -0.051177  -0.12329900000000001  -0.28594800999999997
7196    -0.050978999999999997  -0.118052  -0.29644199999999998
7197    -0.051441000000000001  -0.118052  -0.30168799000000002
7198    -0.049947999999999999  -0.114117  -0.28726000000000002
7199    -0.050531  -0.118052  -0.28070100999999997
7200    -0.050309  -0.112805  -0.29644199999999998
7201    -0.049716999999999997  -0.107558  -0.29677701000000001
7202    -0.053039999999999997  -0.13379199999999999  -0.28594800999999997
7203    -0.049843999999999999  -0.165273  -0.29707801
7204    -0.049283  -0.112805  -0.28070100999999997
7205    -0.052977000000000003  -0.12329900000000001  -0.30693501000000001
7206    -0.052437999999999999  -0.12329900000000001  -0.28070100999999997
7207    -0.048631000000000001  -0.107558  -0.28857100000000002
7208    -0.047750000000000001  -0.107558  -0.28070100999999997
7209    -0.047527  -0.107558  -0.27545500000000001
7210    -0.053476999999999997  -0.13379199999999999  -0.31218201000000001
7211    -0.050012000000000001  -0.11258799999999999  -0.27545500000000001
7212    -0.046669000000000002  -0.165273  -0.30693501000000001
7213    -0.047303999999999999  -0.165273  -0.30168799000000002
7214    -0.047257  -0.102312  -0.29119500999999998
7215    -0.046545999999999997  -0.102312  -0.28594800999999997
7216    -0.048991  -0.102312  -0.29644199999999998
7217    -0.045283999999999998  -0.097064999999999999  -0.29119500999999998
7218    -0.044658999999999997  -0.17051899000000001  -0.30693501000000001
7219    -0.045934000000000003  -0.17051899000000001  -0.30168799000000002
7220    -0.044831000000000003  -0.17576601  -0.30168799000000002
7221    -0.043779999999999999  -0.17051899000000001  -0.31742901000000001
7222    -0.044596999999999998  -0.16807900000000001  -0.32267498999999999
7223    -0.043455000000000001  -0.17051899000000001  -0.32267498999999999
7224    -0.042175999999999998  -0.17576601  -0.30693501000000001
7225    -0.044596999999999998  -0.101855  -0.27545500000000001
7226    -0.039831999999999999  -0.176486  -0.32267498999999999
7227    -0.053588999999999998  -0.14953200999999999  -0.29119500999999998
7228    -0.044174999999999999  -0.097064999999999999  -0.28594800999999997
7229    -0.044596999999999998  -0.094886999999999999  -0.29119500999999998
7230    -0.045078  -0.101885  -0.270208
7231    -0.049843999999999999  -0.17051899000000001  -0.29783400999999998
7232    -0.055091000000000001  -0.13951699000000001  -0.28577398999999998
7233    -0.049843999999999999  -0.107104  -0.27069800999999999
7234    0.04471  -0.13379199999999999  -0.30693501000000001
7235    0.044965999999999999  -0.12854499999999999  -0.30693501000000001
7236    0.044401999999999997  -0.13903899  -0.30693501000000001
7237    0.043811000000000003  -0.14428600999999999  -0.31218201000000001
7238    0.044700999999999998  -0.12854499999999999  -0.30168799000000002
7239    0.044548999999999998  -0.12329900000000001  -0.30198699000000001
7240    0.044918  -0.13379199999999999  -0.29119500999999998
7241    0.044787  -0.12854499999999999  -0.29119500999999998
7242    0.044642000000000001  -0.13903899  -0.29644199999999998
7243    0.044040999999999997  -0.14690900000000001  -0.29644199999999998
7244    0.044565  -0.12329900000000001  -0.28577501
7245    0.045060999999999997  -0.13903899  -0.29119500999999998
7246    0.045213000000000003  -0.12854499999999999  -0.28594800999999997
7247    0.045557  -0.14428600999999999  -0.29119500999999998
7248    0.043822  -0.118052  -0.28594800999999997
7249    0.043948000000000001  -0.118052  -0.29644199999999998
7250    0.044422000000000003  -0.118052  -0.30215799999999998
7251    0.043185000000000001  -0.112805  -0.29644199999999998
7252    0.042896999999999998  -0.112805  -0.28857100000000002
7253    0.044486999999999999  -0.11845600000000001  -0.28020098999999998
7254    0.042603000000000002  -0.112805  -0.28070100999999997
7255    0.041480999999999997  -0.107558  -0.28857100000000002
7256    0.042195999999999997  -0.107558  -0.29644199999999998
7257    0.040766999999999998  -0.107558  -0.28070100999999997
7258    0.043284999999999997  -0.14953200999999999  -0.30168799000000002
7259    0.042756000000000002  -0.14953200999999999  -0.31218201000000001
7260    0.042244999999999998  -0.154779  -0.30168799000000002
7261    0.041486000000000002  -0.154779  -0.31218201000000001
7262    0.043471999999999997  -0.14953200999999999  -0.31742901000000001
7263    0.044596999999999998  -0.14428600999999999  -0.29477099000000001
7264    0.043400000000000001  -0.154779  -0.29644199999999998
7265    0.041404000000000003  -0.154779  -0.31742901000000001
7266    0.040969999999999999  -0.160026  -0.30168799000000002
7267    0.039484999999999999  -0.160026  -0.31742901000000001
7268    0.044596999999999998  -0.14953200999999999  -0.29447001
7269    0.046517999999999997  -0.13379199999999999  -0.28594800999999997
7270    0.046169000000000002  -0.12329900000000001  -0.28070100999999997
7271    0.038605  -0.165273  -0.30693501000000001
7272    0.039636999999999999  -0.165273  -0.30168799000000002
7273    0.038386000000000003  -0.17051899000000001  -0.30168799000000002
7274    0.037282000000000003  -0.165273  -0.31742901000000001
7275    0.040809999999999999  -0.107558  -0.27545500000000001
7276    0.039898999999999997  -0.102312  -0.29119500999999998
7277    0.041356999999999998  -0.102312  -0.29644199999999998
7278    0.047059999999999998  -0.14953200999999999  -0.29119500999999998
7279    0.038989999999999997  -0.102312  -0.28332499
7280    0.039350999999999997  -0.105032  -0.27545500000000001
7281    0.035777000000000003  -0.091817999999999997  -0.29119500999999998
7282    0.044596999999999998  -0.11379  -0.27545500000000001
7283    0.043380000000000002  -0.160026  -0.29644199999999998
7284    0.044596999999999998  -0.154779  -0.29468
7285    0.048836999999999998  -0.13903899  -0.28594800999999997
7286    0.039350999999999997  -0.17051899000000001  -0.30051199000000001
7287    0.037548999999999999  -0.17576601  -0.30168799000000002
7288    0.049773999999999999  -0.12859400000000001  -0.28068101000000001
7289    0.044596999999999998  -0.166486  -0.29644199999999998
7290    0.044596999999999998  -0.106781  -0.270208
7291    -0.0026229999999999999  -0.0081399999999999997  -0.23348099999999999
7292    -0.0078700000000000003  -0.0041320000000000003  -0.249221
7293    -0.0078700000000000003  -0.0078659999999999997  -0.23347300000000001
7294    -0.0026229999999999999  -0.004509  -0.249221
7295    -0.013117  -0.004947  -0.24135098999999999
7296    -0.013117  -0.0031080000000000001  -0.249221
7297    -0.013117  -0.0070080000000000003  -0.23348099999999999
7298    -0.018363999999999998  -0.005489  -0.23348099999999999
7299    -0.018363999999999998  -0.0027160000000000001  -0.243974
7300    -0.018363999999999998  -0.0016360000000000001  -0.249221
7301    -0.024257999999999998  -0.0029610000000000001  -0.23348099999999999
7302    -0.023609999999999999  -0.00039599999999999998  -0.243974
7303    -0.028857000000000001  -0.00047100000000000001  -0.23348099999999999
7304    -0.028857000000000001  0.0025869999999999999  -0.243974
7305    -0.013117  -0.0078700000000000003  -0.23186899999999999
7306    -0.029762  -0.0026229999999999999  -0.22823399
7307    -0.033898999999999999  0.0027759999999999998  -0.23258901000000001
7308    -0.035012000000000001  0.007136  -0.243974
7309    -0.034945999999999998  0.001678  -0.22823399
7310    -0.018363999999999998  -0.0078700000000000003  -0.22964499999999999
7311    -0.023609999999999999  -0.0075849999999999997  -0.22806499999999999
7312    -0.039230000000000001  0.0078700000000000003  -0.23348099999999999
7313    -0.040395  0.012071  -0.243974
7314    -0.039350999999999997  0.0061139999999999996  -0.22823399
7315    -0.028857000000000001  -0.0037190000000000001  -0.22823399
7316    -0.045041999999999999  0.013117  -0.22823399
7317    -0.045398000000000001  0.017132999999999999  -0.23872699999999999
7318    -0.044596999999999998  0.0078700000000000003  -0.22364099000000001
7319    -0.045711000000000002  0.0078700000000000003  -0.22298699999999999
7320    -0.039350999999999997  0.0026229999999999999  -0.22537699
7321    -0.0078700000000000003  -0.013117  -0.22873199999999999
7322    -0.034104000000000002  -0.0026229999999999999  -0.226247
7323    0.0026229999999999999  -0.0040410000000000003  -0.249221
7324    0.0026229999999999999  -0.0077710000000000001  -0.23328399999999999
7325    -0.013117  -0.013117  -0.22835800000000001
7326    -0.0026229999999999999  -0.013117  -0.22886698999999999
7327    0.0078700000000000003  -0.0066369999999999997  -0.23348099999999999
7328    0.0078700000000000003  -0.0029640000000000001  -0.249221
7329    0.0078700000000000003  -0.0078700000000000003  -0.23121700000000001
7330    0.014121999999999999  -0.0078700000000000003  -0.22860999000000001
7331    0.013117  -0.0049379999999999997  -0.23348099999999999
7332    0.0026229999999999999  -0.013117  -0.228635
7333    0.018363999999999998  -0.002679  -0.23348099999999999
7334    0.018363999999999998  -0.0064200000000000004  -0.22823399
7335    0.018363999999999998  -0.00068099999999999996  -0.24135098999999999
7336    0.023609999999999999  0.00042999999999999999  -0.23348099999999999
7337    0.023421000000000001  -0.002506  -0.22803399999999999
7338    0.023111  0.0029489999999999998  -0.243974
7339    -0.0078700000000000003  -0.20047999999999999  -0.31742901000000001
7340    -0.0026229999999999999  -0.20069799999999999  -0.31742901000000001
7341    -0.0026229999999999999  -0.197993  -0.33316900999999999
7342    -0.0078700000000000003  -0.19784199999999999  -0.33316900999999999
7343    -0.013117  -0.19669800000000001  -0.33316900999999999
7344    -0.013117  -0.199211  -0.31742901000000001
7345    -0.018758  -0.19695399999999999  -0.31742901000000001
7346    -0.018363999999999998  -0.19433500000000001  -0.33316900999999999
7347    -0.023609999999999999  -0.191385  -0.33316900999999999
7348    -0.023609999999999999  -0.19416600000000001  -0.31742901000000001
7349    -0.023396  -0.19662199999999999  -0.31192499000000001
7350    -0.0078700000000000003  -0.20200001000000001  -0.31461098999999998
7351    -0.0026229999999999999  -0.20200001000000001  -0.31501098999999999
7352    -0.028857000000000001  -0.19020498999999999  -0.31742901000000001
7353    -0.028886999999999999  -0.19154299999999999  -0.31218201000000001
7354    -0.029862  -0.18716500999999999  -0.32792199
7355    -0.034095  -0.18625  -0.31218201000000001
7356    -0.034104000000000002  -0.18296999999999999  -0.32792199
7357    -0.018363999999999998  -0.20060299000000001  -0.31218201000000001
7358    -0.016725  -0.20200001000000001  -0.31180598999999998
7359    -0.013117  -0.20200001000000001  -0.31289299999999998
7360    -0.038274000000000002  -0.18101300000000001  -0.31218201000000001
7361    -0.036549999999999999  -0.18626000000000001  -0.30693501000000001
7362    -0.039350999999999997  -0.18100200999999999  -0.306925
7363    -0.034077999999999997  -0.191825  -0.30692100999999999
7364    -0.028857000000000001  -0.19675300000000001  -0.30867600000000001
7365    -0.039350999999999997  -0.18626000000000001  -0.30484599000000001
7366    -0.044596999999999998  -0.18101300000000001  -0.30188399999999999
7367    0.12522800000000001  -0.0078700000000000003  0.46433799999999997
7368    0.12381399999999999  -0.0078700000000000003  0.46958399000000001
7369    0.12558  -0.0026229999999999999  0.46958399000000001
7370    0.12392  -0.0026229999999999999  0.47483101
7371    0.122974  -0.015723000000000001  0.46171400000000001
7372    0.124172  -0.013117  0.45909101000000002
7373    0.123206  -0.018149999999999999  0.45384401000000002
7374    0.121674  -0.026234  0.45122098999999999
7375    0.124651  0.0026229999999999999  0.47483101
7376    0.124268  0.0052469999999999999  0.48007801
7377    0.12593799999999999  0.015740000000000001  0.48007801
7378    0.12622800000000001  0.013117  0.47483101
7379    0.12732900999999999  0.018363999999999998  0.47483101
7380    0.123534  -0.0078700000000000003  0.47483101
7381    0.123242  -0.013117  0.47029901000000002
7382    0.12166299999999999  -0.026234  0.44597398999999999
7383    0.12386900000000001  -0.0026229999999999999  0.48007801
7384    0.120948  -0.034104000000000002  0.443351
7385    0.122531  -0.020986999999999999  0.46171400000000001
7386    0.12362099999999999  -0.013117  0.47483101
7387    0.12052599999999999  -0.034104000000000002  0.43810399999999999
7388    0.121603  -0.028857000000000001  0.43810399999999999
7389    0.120226  -0.036727000000000003  0.43023399000000001
7390    0.11989900000000001  -0.041973999999999997  0.43023399000000001
7391    0.119006  -0.047220999999999999  0.41973999000000001
7392    0.11966300000000001  -0.041973999999999997  0.41973999000000001
7393    0.118552  -0.049843999999999999  0.41187000000000001
7394    0.118357  -0.055091000000000001  0.41187000000000001
7395    0.118838  -0.049843999999999999  0.40662301000000001
7396    0.117988  -0.055091000000000001  0.40662301000000001
7397    0.117827  -0.057714000000000001  0.39875298999999997
7398    0.117594  -0.060338000000000003  0.40137698999999999
7399    0.117217  -0.065584000000000003  0.39088299999999998
7400    0.11836199999999999  -0.057714000000000001  0.39350599000000003
7401    0.117258  -0.065584000000000003  0.38563599999999998
7402    0.116586  -0.070831000000000005  0.38563599999999998
7403    0.126669  0.015740000000000001  0.48532501
7404    0.11734700000000001  -0.070831000000000005  0.39088299999999998
7405    0.120368  -0.041973999999999997  0.41449401000000002
7406    0.123251  -0.018363999999999998  0.46958399000000001
7407    0.124071  -0.0078700000000000003  0.48007801
7408    0.12512200000000001  0.0052469999999999999  0.48532501
7409    0.122001  -0.028857000000000001  0.45384401000000002
7410    0.12064999999999999  -0.041973999999999997  0.43548101
7411    0.121779  -0.036727000000000003  0.44597398999999999
7412    0.11930300000000001  -0.052468000000000001  0.41973999000000001
7413    0.11798  -0.068208000000000005  0.39875298999999997
7414    0.12416000000000001  -0.020986999999999999  0.47220799000000002
7415    0.11694400000000001  -0.076078000000000007  0.38563599999999998
7416    0.122933  -0.031481000000000002  0.45646798999999999
7417    0.12512398999999999  -0.0026229999999999999  0.48532501
7418    0.12048499999999999  -0.052468000000000001  0.42498699000000001
7419    0.12819099  0.023609999999999999  0.48007801
7420    0.12875700000000001  0.023609999999999999  0.47483101
7421    0.12124600000000001  -0.034104000000000002  0.42761000999999998
7422    0.120416  -0.047220999999999999  0.40400001000000002
7423    0.12901299999999999  0.023609999999999999  0.48532501
7424    0.122978  -0.028371  0.43285700999999999
7425    0.118795  -0.060338000000000003  0.38563599999999998
7426    0.12309199999999999  -0.023247  0.443351
7427    0.11903  -0.060338000000000003  0.41187000000000001
7428    0.119042  -0.068208000000000005  0.40400001000000002
7429    0.118171  -0.076078000000000007  0.39088299999999998
7430    0.12468600000000001  -0.013117  0.48007801
7431    0.124359  -0.031481000000000002  0.46171400000000001
7432    0.13033600000000001  0.028857000000000001  0.48007801
7433    0.13081200000000001  0.028857000000000001  0.47483101
7434    0.12329900000000001  -0.033014000000000002  0.42236400000000002
7435    0.12912499999999999  0.018363999999999998  0.46958399000000001
7436    0.13040700999999999  0.023609999999999999  0.46958399000000001
7437    0.128529  0.013117  0.46958399000000001
7438    0.120074  -0.055091000000000001  0.39088299999999998
7439    0.13237499999999999  0.028857000000000001  0.46958399000000001
7440    0.13151599  0.028857000000000001  0.48532501
7441    0.12841401  0.013117  0.49074699999999999
7442    0.12438100000000001  -0.018363999999999998  0.44859701000000002
7443    0.13359599999999999  0.034390999999999998  0.48007801
7444    0.13369900000000001  0.034250999999999997  0.47483101
7445    0.13489100000000001  0.034104000000000002  0.46958399000000001
7446    0.12828700000000001  0.0078700000000000003  0.46958399000000001
7447    0.11987  -0.060338000000000003  0.38038999000000001
7448    0.12576598999999999  -0.0078700000000000003  0.48532501
7449    0.13464499999999999  0.028857000000000001  0.46433799999999997
7450    0.137215  0.034104000000000002  0.46433799999999997
7451    0.13306299999999999  0.023609999999999999  0.46433799999999997
7452    0.13225099000000001  0.018363999999999998  0.46433799999999997
7453    0.124406  -0.023609999999999999  0.43810399999999999
7454    0.13435701  0.033328000000000003  0.48532501
7455    0.13818800000000001  0.040322999999999998  0.47483101
7456    0.13877200000000001  0.039681000000000001  0.46958399000000001
7457    0.13827300000000001  0.040148999999999997  0.48007801
7458    0.14065599000000001  0.039350999999999997  0.46433799999999997
7459    0.12642100000000001  -0.013117  0.45384401000000002
7460    0.12806500000000001  0.0026229999999999999  0.46900901
7461    0.128085  0.0078700000000000003  0.49117898999999998
7462    0.14486199999999999  0.044028999999999999  0.46433799999999997
7463    0.13875601000000001  0.028857000000000001  0.45876399000000001
7464    0.14080501000000001  0.034104000000000002  0.45909101000000002
7465    0.138125  0.023609999999999999  0.458152
7466    0.14427899999999999  0.039365999999999998  0.45908299000000002
7467    0.14428600999999999  0.045421000000000003  0.46958399000000001
7468    0.14341899999999999  0.045305999999999999  0.47483101
7469    0.13903899  0.038671999999999998  0.48532501
7470    0.149343  0.044769000000000003  0.45909101000000002
7471    0.14428600999999999  0.045172999999999998  0.48007801
7472    0.14953200999999999  0.048000000000000001  0.46433799999999997
7473    0.14508600999999999  0.034104000000000002  0.45458799999999999
7474    0.14935598999999999  0.039350999999999997  0.45384401000000002
7475    0.14953200999999999  0.049453999999999998  0.46958399000000001
7476    0.14953200999999999  0.049521000000000003  0.47483101
7477    0.154779  0.048973000000000003  0.45909101000000002
7478    0.154642  0.044711000000000001  0.45384401000000002
7479    0.154779  0.051359000000000002  0.46433799999999997
7480    0.14953200999999999  0.034104000000000002  0.451179
7481    0.160026  0.048570000000000002  0.45384401000000002
7482    0.160026  0.051989  0.45909101000000002
7483    0.154779  0.039350999999999997  0.45009100000000002
7484    0.160026  0.054043000000000001  0.46433799999999997
7485    0.160026  0.044596999999999998  0.45024699000000001
7486    0.165273  0.051325999999999997  0.45384401000000002
7487    0.165273  0.054375  0.45909101000000002
7488    0.164744  0.045270999999999999  0.44836101
7489    0.17051899000000001  0.049263000000000001  0.44912201000000002
7490    0.17051899000000001  0.053419000000000001  0.45384401000000002
7491    0.17576601  0.050130000000000001  0.44834100999999998
7492    0.17576601  0.054803999999999999  0.45384401000000002
7493    0.18101300000000001  0.055544000000000003  0.45384401000000002
7494    0.18626000000000001  0.055768999999999999  0.45384401000000002
7495    0.19150600000000001  0.055556000000000001  0.45384401000000002
7496    0.0078700000000000003  -0.013117  0.32903099000000002
7497    0.020986999999999999  -0.013117  0.33149900999999998
7498    0.020986999999999999  -0.010683  0.33316900999999999
7499    0.013117  -0.0078700000000000003  0.33365199000000001
7500    0.028857000000000001  -0.013337  0.33333098999999999
7501    0.020986999999999999  -0.0078700000000000003  0.33466601000000001
7502    0.028857000000000001  -0.0078700000000000003  0.33600000000000002
7503    0.034104000000000002  -0.013117  0.33500099
7504    0.039366999999999999  -0.018353999999999999  0.33315301000000003
7505    0.039350999999999997  -0.013117  0.33677199000000002
7506    0.044596999999999998  -0.018363999999999998  0.33547500000000002
7507    0.044596999999999998  -0.013117  0.338287
7508    0.049843999999999999  -0.018363999999999998  0.33805099
7509    0.049843999999999999  -0.013117  0.33944299999999999
7510    0.049843999999999999  -0.023903000000000001  0.33345401000000002
7511    0.0052469999999999999  -0.0078700000000000003  0.33297500000000002
7512    0.0052469999999999999  -0.013820000000000001  0.32806000000000002
7513    0.055091000000000001  -0.018363999999999998  0.34024701000000002
7514    0.055091000000000001  -0.023609999999999999  0.33723301
7515    0.060338000000000003  -0.023609999999999999  0.34058898999999998
7516    0.060338000000000003  -0.026438  0.33841600999999999
7517    -0.0052469999999999999  -0.0078700000000000003  0.33261299
7518    -0.015740000000000001  -0.0078700000000000003  0.33310299999999998
7519    -0.023609999999999999  -0.0078700000000000003  0.33381501000000002
7520    -0.028857000000000001  -0.0078700000000000003  0.33450601000000002
7521    -0.034104000000000002  -0.0078700000000000003  0.33537301000000003
7522    -0.038240000000000003  -0.013448  0.33358400999999999
7523    -0.044596999999999998  -0.013117  0.33579701000000001
7524    -0.023609999999999999  -0.013117  0.33015600000000001
7525    -0.010494  -0.013413  0.32821499999999998
7526    -0.0026229999999999999  -0.013271  0.32807599999999998
7527    -0.018363999999999998  -0.01384  0.328621
7528    -0.026234  -0.016060999999999999  0.32792199
7529    -0.20724699999999999  0.055867  0.45909101000000002
7530    -0.20200001000000001  0.057061000000000001  0.45909101000000002
7531    -0.21249399999999999  0.054165999999999999  0.45909101000000002
7532    -0.21249399999999999  0.051166999999999997  0.45384401000000002
7533    -0.21773999999999999  0.051751999999999999  0.45909101000000002
7534    -0.21773999999999999  0.048379999999999999  0.45384401000000002
7535    -0.21773999999999999  0.053725000000000002  0.46433799999999997
7536    -0.22298699999999999  0.048649999999999999  0.45909101000000002
7537    -0.22298699999999999  0.050976  0.46433799999999997
7538    -0.20987  0.056491  0.46433799999999997
7539    -0.22823399  0.047541  0.46433799999999997
7540    -0.20200001000000001  0.058338000000000001  0.46433799999999997
7541    -0.19413  0.057981999999999999  0.45909101000000002
7542    -0.19675300000000001  0.059006000000000003  0.46433799999999997
7543    -0.21773999999999999  0.054087000000000003  0.46958399000000001
7544    -0.22298699999999999  0.051664000000000002  0.46958399000000001
7545    -0.22823399  0.048809999999999999  0.46958399000000001
7546    -0.18888300999999999  0.059184  0.46433799999999997
7547    -0.20724699999999999  0.057161999999999998  0.46958399000000001
7548    -0.199377  0.058470000000000001  0.46958399000000001
7549    -0.18626000000000001  0.057949000000000001  0.45909101000000002
7550    -0.18101300000000001  0.058517  0.46433799999999997
7551    -0.18888300999999999  0.058958999999999998  0.46958399000000001
7552    -0.18101300000000001  0.057252999999999998  0.45909101000000002
7553    -0.18101300000000001  0.058406  0.46958399000000001
7554    -0.17314299999999999  0.056668999999999997  0.46433799999999997
7555    -0.17314299999999999  0.056835999999999998  0.46958399000000001
7556    -0.21249399999999999  0.054219000000000003  0.47483101
7557    -0.21773999999999999  0.052590999999999999  0.47483101
7558    -0.22298699999999999  0.050569999999999997  0.47483101
7559    -0.22823399  0.048202000000000002  0.47483101
7560    -0.20724699999999999  0.055384000000000003  0.47483101
7561    -0.19413  0.057063000000000003  0.47483101
7562    -0.18626000000000001  0.057228000000000001  0.47483101
7563    -0.17838999999999999  0.056529000000000003  0.47483101
7564    -0.17051899000000001  0.055196000000000002  0.47483101
7565    -0.165273  0.054538000000000003  0.46958399000000001
7566    -0.165273  0.053831999999999998  0.47483101
7567    -0.199377  0.055091000000000001  0.47742999000000003
7568    -0.160026  0.051952999999999999  0.47483101
7569    -0.17576601  0.053565000000000002  0.48007801
7570    -0.16789599999999999  0.052295000000000001  0.48007801
7571    -0.18101300000000001  0.053971999999999999  0.48007801
7572    -0.18888300999999999  0.055091000000000001  0.47855799999999998
7573    -0.160026  0.050337  0.48007801
7574    -0.22298699999999999  0.047924000000000001  0.48007801
7575    -0.22823399  0.045816999999999997  0.48007801
7576    -0.21249399999999999  0.050784000000000003  0.48007801
7577    -0.20724699999999999  0.051943000000000003  0.48007801
7578    -0.199377  0.053217  0.48007801
7579    -0.18888300999999999  0.054029000000000001  0.48007801
7580    -0.154779  0.048365999999999999  0.48007801
7581    -0.165273  0.048822999999999998  0.48410999999999998
7582    -0.160026  0.046809999999999997  0.48532501
7583    -0.154779  0.045234000000000003  0.48532501
7584    -0.14953200999999999  0.042755000000000001  0.48532501
7585    -0.23352999999999999  0.044639999999999999  0.47483101
7586    -0.23348099999999999  0.042924999999999998  0.48007801
7587    -0.23348099999999999  0.038996999999999997  0.48532501
7588    -0.23350700999999999  0.044623000000000003  0.46958399000000001
7589    -0.23811499999999999  0.038700999999999999  0.48007801
7590    -0.23872699999999999  0.034157  0.48532501
7591    -0.23877599999999999  0.039350999999999997  0.47483101
7592    -0.0026229999999999999  -0.074836  -0.27545500000000001
7593    0.0026229999999999999  -0.075344999999999995  -0.27545500000000001
7594    0.0026229999999999999  -0.078765000000000002  -0.264961
7595    -0.0026229999999999999  -0.078178999999999998  -0.264961
7596    0.0078700000000000003  -0.080035999999999996  -0.264961
7597    0.0078700000000000003  -0.076078000000000007  -0.27638098999999999
7598    0.0026229999999999999  -0.079538999999999999  -0.25971401
7599    -0.0026229999999999999  -0.079017000000000004  -0.25971401
7600    0.0078700000000000003  -0.080595  -0.25971401
7601    0.013117  -0.079297000000000006  -0.27283099
7602    0.013117  -0.081771999999999997  -0.264961
7603    0.013119  -0.076076000000000005  -0.28070100999999997
7604    0.018617000000000002  -0.081170000000000006  -0.27545500000000001
7605    0.018363999999999998  -0.078908000000000006  -0.28070100999999997
7606    0.018363999999999998  -0.084436999999999998  -0.264961
7607    0.0078700000000000003  -0.073612999999999998  -0.28070100999999997
7608    0.0026229999999999999  -0.072134000000000004  -0.28070100999999997
7609    -0.0026229999999999999  -0.071565000000000004  -0.28070100999999997
7610    0.021787000000000001  -0.081324999999999995  -0.28070100999999997
7611    0.023609999999999999  -0.083677000000000001  -0.27807799
7612    0.025884999999999998  -0.081324999999999995  -0.28594800999999997
7613    0.023654999999999999  -0.086536000000000002  -0.270208
7614    0.023609999999999999  -0.087467000000000003  -0.264961
7615    0.027897000000000002  -0.086570999999999995  -0.28070100999999997
7616    0.029097999999999999  -0.091573000000000002  -0.270208
7617    0.029797000000000001  -0.090718999999999994  -0.27545500000000001
7618    0.034090000000000002  -0.097064999999999999  -0.27017400000000003
7619    0.029506000000000001  -0.091480000000000006  -0.264961
7620    0.029350000000000001  -0.085737999999999995  -0.28594800999999997
7621    0.034592999999999999  -0.097064999999999999  -0.27545500000000001
7622    0.039350999999999997  -0.102704  -0.270208
7623    0.033915000000000001  -0.091817999999999997  -0.28649801000000003
7624    0.018363999999999998  -0.083511000000000002  -0.25971401
7625    0.012571000000000001  -0.081453999999999999  -0.25927800000000001
7626    0.023609999999999999  -0.085408999999999999  -0.25971401
7627    0.036755999999999997  -0.097064999999999999  -0.28594800999999997
7628    -0.12757099999999999  -0.078700999999999993  0.39875298999999997
7629    -0.12542400000000001  -0.073455000000000006  0.39875298999999997
7630    -0.12664001  -0.068208000000000005  0.40924701000000002
7631    -0.126196  -0.081324999999999995  0.39088299999999998
7632    -0.12908401  -0.077326000000000006  0.40400001000000002
7633    -0.12894  -0.086570999999999995  0.39088299999999998
7634    -0.12707098999999999  -0.086570999999999995  0.38563599999999998
7635    -0.12854499999999999  -0.082382999999999998  0.39612999999999998
7636    -0.124413  -0.081324999999999995  0.38563599999999998
7637    -0.13046899000000001  -0.081324999999999995  0.40137698999999999
7638    -0.12854499999999999  -0.091326000000000004  0.38038999000000001
7639    -0.12329900000000001  -0.086570999999999995  0.37943101000000001
7640    -0.12329900000000001  -0.081324999999999995  0.38353300000000001
7641    -0.132103  -0.086570999999999995  0.39612999999999998
7642    -0.13379199999999999  -0.085542999999999994  0.39985901000000001
7643    -0.13153999999999999  -0.091817999999999997  0.38563599999999998
7644    -0.12329900000000001  -0.090051000000000006  0.37514299000000001
7645    -0.13379199999999999  -0.091092999999999993  0.39088299999999998
7646    -0.13379199999999999  -0.080487000000000003  0.40662301000000001
7647    -0.119976  -0.081324999999999995  0.38038999000000001
7648    -0.13379199999999999  -0.093286999999999995  0.38563599999999998
7649    -0.13379199999999999  -0.094936999999999994  0.38038999000000001
7650    -0.12854499999999999  -0.093057000000000001  0.37514299000000001
7651    -0.12329900000000001  -0.092024999999999996  0.36989599000000001
7652    -0.117521  -0.086570999999999995  0.37514299000000001
7653    -0.118052  -0.090110999999999997  0.36989599000000001
7654    -0.113131  -0.086254999999999998  0.36989599000000001
7655    -0.112805  -0.081756999999999996  0.37544999000000001
7656    -0.112805  -0.087326000000000001  0.364649
7657    -0.13379199999999999  -0.095827999999999997  0.37514299000000001
7658    -0.123279  -0.076169000000000001  0.38563599999999998
7659    -0.18953900000000001  -0.039101999999999998  0.46958399000000001
7660    -0.16133800000000001  -0.039530000000000003  0.46958399000000001
7661    -0.16658400000000001  -0.034104000000000002  0.47713899999999998
7662    -0.18626000000000001  -0.034104000000000002  0.47680299999999998
7663    -0.174455  -0.031800000000000002  0.48007801
7664    -0.14953200999999999  -0.031865999999999998  0.48007801
7665    -0.14953200999999999  -0.039498999999999999  0.46958399000000001
7666    -0.20724699999999999  -0.034104000000000002  0.47578799999999999
7667    -0.213805  -0.038404000000000001  0.46958399000000001
7668    -0.19347399000000001  -0.044012999999999997  0.46171400000000001
7669    -0.213805  -0.041700000000000001  0.46433799999999997
7670    -0.17248701  -0.049565999999999999  0.45384401000000002
7671    -0.15084399000000001  -0.047237000000000001  0.45777899
7672    -0.21511699000000001  -0.046802000000000003  0.45646798999999999
7673    -0.20724699999999999  -0.048552999999999999  0.45384401000000002
7674    -0.14953200999999999  -0.057167999999999997  0.443351
7675    -0.17248701  -0.056704999999999998  0.443351
7676    -0.20724699999999999  -0.055606999999999997  0.443351
7677    -0.22298699999999999  -0.055478  0.443351
7678    -0.22298699999999999  -0.046859999999999999  0.45646798999999999
7679    -0.22823399  -0.043425999999999999  0.46171400000000001
7680    -0.22823399  -0.038481000000000001  0.46958399000000001
7681    -0.22823399  -0.034104000000000002  0.47589799999999999
7682    -0.15215600000000001  -0.067460999999999993  0.42761000999999998
7683    -0.14428600999999999  -0.067600999999999994  0.42761000999999998
7684    -0.182981  -0.061518000000000003  0.43529498999999999
7685    -0.19544201  -0.065851999999999994  0.42761000999999998
7686    -0.20724699999999999  -0.059596999999999997  0.43698499000000002
7687    -0.20724699999999999  -0.067284999999999998  0.42498699000000001
7688    -0.22298699999999999  -0.059984000000000003  0.43618499999999999
7689    -0.22298699999999999  -0.070763000000000006  0.41973999000000001
7690    -0.20987  -0.072355000000000003  0.41711700000000002
7691    -0.199377  -0.072454000000000005  0.41711700000000002
7692    -0.204623  -0.079250000000000001  0.40662301000000001
7693    -0.22298699999999999  -0.078395000000000006  0.40823000999999998
7694    -0.21773999999999999  -0.083947999999999995  0.39981601
7695    -0.22298699999999999  -0.089456999999999995  0.39088299999999998
7696    -0.21773999999999999  -0.089743000000000003  0.39088299999999998
7697    -0.22823399  -0.052705000000000002  0.44699000999999999
7698    -0.199377  -0.085232000000000002  0.39804300999999997
7699    -0.19085099999999999  -0.090678999999999996  0.390293
7700    -0.17051899000000001  -0.070404999999999995  0.42236400000000002
7701    -0.14428600999999999  -0.073601  0.41928800999999999
7702    -0.19347399000000001  -0.079985000000000001  0.40603101000000003
7703    -0.18363599  -0.073122999999999994  0.41711700000000002
7704    -0.16133800000000001  -0.074236999999999997  0.41711700000000002
7705    -0.18888300999999999  -0.086570999999999995  0.39674100000000001
7706    -0.16133800000000001  -0.081625000000000003  0.40655699000000001
7707    -0.16133800000000001  -0.085952000000000001  0.40030800999999999
7708    -0.14428600999999999  -0.086578000000000002  0.40138700999999999
7709    -0.14428600999999999  -0.082020999999999997  0.40764800000000001
7710    -0.15937001000000001  -0.091934000000000002  0.39088299999999998
7711    -0.14428600999999999  -0.055091000000000001  0.44617700999999999
7712    -0.14428600999999999  -0.046667  0.45827699
7713    -0.14428600999999999  -0.092790999999999998  0.39088299999999998
7714    -0.13903899  -0.086508000000000002  0.40137698999999999
7715    -0.13903899  -0.092642000000000002  0.39088299999999998
7716    -0.20724699999999999  -0.030804999999999999  0.48007801
7717    -0.22823399  -0.030943999999999999  0.48007801
7718    -0.13903899  -0.079527  0.41079199
7719    -0.18101300000000001  -0.093790999999999999  0.38563599999999998
7720    -0.21773999999999999  -0.092675999999999994  0.38563599999999998
7721    -0.22823399  -0.05985  0.43548101
7722    -0.22823399  -0.069991999999999999  0.41973999000000001
7723    -0.22823399  -0.076857999999999996  0.40924701000000002
7724    -0.22823399  -0.081646999999999997  0.40189399999999997
7725    -0.14428600999999999  -0.039176000000000002  0.46958399000000001
7726    -0.14428600999999999  -0.031528  0.48007801
7727    -0.22298699999999999  -0.092216999999999993  0.38563599999999998
7728    -0.18363599  -0.028857000000000001  0.48327800999999998
7729    -0.23348099999999999  -0.032226999999999999  0.47749901
7730    -0.13903899  -0.066298999999999997  0.42865398999999998
7731    -0.23348099999999999  -0.037509000000000001  0.46958399000000001
7732    -0.14428600999999999  -0.095319000000000001  0.38563599999999998
7733    -0.165273  -0.028039999999999999  0.48445100000000002
7734    -0.14953200999999999  -0.028074999999999999  0.48448601000000002
7735    -0.14428600999999999  -0.027885  0.48428698999999997
7736    -0.23348099999999999  -0.042193000000000001  0.46171400000000001
7737    -0.23348099999999999  -0.027182000000000001  0.48357600000000001
7738    -0.22823399  -0.027472  0.48389700000000002
7739    -0.21118200000000001  -0.027275000000000001  0.48376798999999998
7740    -0.13903899  -0.095045000000000004  0.38563599999999998
7741    -0.179701  -0.096060999999999994  0.38038999000000001
7742    -0.21511699000000001  -0.094943  0.38038999000000001
7743    -0.23348099999999999  -0.046691000000000003  0.45384401000000002
7744    -0.18363599  -0.026835999999999999  0.48532501
7745    -0.13903899  -0.055973000000000002  0.443351
7746    -0.14953200999999999  -0.023609999999999999  0.488931
7747    -0.13903899  -0.049077000000000003  0.45278800000000002
7748    -0.13903899  -0.042860000000000002  0.46178001000000002
7749    -0.23348099999999999  -0.023609999999999999  0.487122
7750    -0.22823399  -0.023609999999999999  0.48765001000000002
7751    -0.21642900000000001  -0.023609999999999999  0.48729199000000001
7752    -0.20200001000000001  -0.023609999999999999  0.48751101000000002
7753    -0.18101300000000001  -0.023609999999999999  0.48840698999999999
7754    -0.22823399  -0.090930999999999998  0.38563599999999998
7755    -0.22298699999999999  -0.094158000000000006  0.38038999000000001
7756    -0.14428600999999999  -0.022363000000000001  0.48957299999999998
7757    -0.13903899  -0.035844000000000001  0.47200199999999998
7758    -0.154779  -0.096748000000000001  0.38038999000000001
7759    -0.13903899  -0.029316999999999999  0.48062101000000002
7760    -0.23348099999999999  -0.054200999999999999  0.44110101000000002
7761    -0.199377  -0.097008999999999998  0.37514299000000001
7762    -0.14428600999999999  -0.096863000000000005  0.38038999000000001
7763    -0.14953200999999999  -0.021538000000000002  0.49057098999999998
7764    -0.18626000000000001  -0.020459000000000001  0.49057098999999998
7765    -0.20724699999999999  -0.018818000000000001  0.49079800000000001
7766    -0.22823399  -0.019042  0.49098398999999998
7767    -0.23348099999999999  -0.018748000000000001  0.49080601000000001
7768    -0.13379199999999999  -0.068436999999999998  0.42236400000000002
7769    -0.22823399  -0.092650999999999997  0.38038999000000001
7770    -0.13903899  -0.096472000000000002  0.38038999000000001
7771    -0.13903899  -0.024257999999999998  0.48595399
7772    -0.21511699000000001  -0.096284999999999996  0.37514299000000001
7773    -0.23348099999999999  -0.060201999999999999  0.43103599999999997
7774    -0.22298699999999999  -0.095378000000000004  0.37514299000000001
7775    -0.16789599999999999  -0.097479999999999997  0.37514299000000001
7776    -0.23872699999999999  -0.028198999999999998  0.47917700000000002
7777    -0.23872699999999999  -0.023047999999999999  0.48481899000000001
7778    -0.23348099999999999  -0.067221000000000003  0.419765
7779    -0.23348099999999999  -0.071530999999999997  0.41298199000000002
7780    -0.23348099999999999  -0.075821  0.40622401000000002
7781    -0.23348099999999999  -0.085189000000000001  0.39088299999999998
7782    -0.14953200999999999  -0.018363999999999998  0.492643
7783    -0.14428600999999999  -0.018363999999999998  0.49236801000000002
7784    -0.18626000000000001  -0.018363999999999998  0.49187201000000003
7785    -0.13379199999999999  -0.064373  0.42761000999999998
7786    -0.23872699999999999  -0.034428  0.46958399000000001
7787    -0.13903899  -0.018481999999999998  0.49064600000000003
7788    -0.23872699999999999  -0.018363999999999998  0.48865101
7789    -0.23348099999999999  -0.081691  0.39677399000000002
7790    -0.14690900000000001  -0.097559999999999994  0.37514299000000001
7791    -0.22823399  -0.093767000000000003  0.37514299000000001
7792    -0.23872699999999999  -0.040065000000000003  0.45909101000000002
7793    -0.13903899  -0.097046999999999994  0.37514299000000001
7794    -0.23872699999999999  -0.042696999999999999  0.45384401000000002
7795    -0.234093  -0.086853  0.38625800999999998
7796    -0.23348099999999999  -0.089538999999999994  0.38038999000000001
7797    -0.23912000999999999  -0.045045000000000002  0.44859701000000002
7798    -0.237174  -0.049843999999999999  0.443351
7799    -0.23348099999999999  -0.090703000000000006  0.37514299000000001
7800    -0.241005  -0.028857000000000001  0.47483101
7801    -0.24227899  -0.023609999999999999  0.48007801
7802    -0.23769601000000001  -0.055091000000000001  0.43285700999999999
7803    -0.23552100000000001  -0.060338000000000003  0.42761000999999998
7804    -0.239144  -0.050381000000000002  0.43810399999999999
7805    -0.24201700000000001  -0.018363999999999998  0.48532501
7806    -0.236064  -0.076078000000000007  0.40137698999999999
7807    -0.23872699999999999  -0.056510999999999999  0.42761000999999998
7808    -0.23653699  -0.065584000000000003  0.41711700000000002
7809    -0.23873900000000001  -0.065603999999999996  0.41187000000000001
7810    -0.236982  -0.081324999999999995  0.39088299999999998
7811    -0.24157998999999999  -0.034104000000000002  0.46433799999999997
7812    -0.23751201  -0.070831000000000005  0.40662301000000001
7813    -0.23646399000000001  -0.086570999999999995  0.38038999000000001
7814    -0.24453000999999999  -0.018964999999999999  0.48065099
7815    -0.24344299999999999  -0.028857000000000001  0.46958399000000001
7816    -0.24427301000000001  -0.023879999999999998  0.47523999
7817    -0.23830799999999999  -0.076078000000000007  0.39612999999999998
7818    -0.23873800000000001  -0.081341999999999998  0.38563599999999998
7819    -0.24239799000000001  -0.036727000000000003  0.45646798999999999
7820    -0.237569  -0.086570999999999995  0.37514299000000001
7821    -0.23903099999999999  -0.070831000000000005  0.40233400000000002
7822    -0.244259  -0.013483999999999999  0.48555499000000002
7823    -0.23800699  -0.086570999999999995  0.36989599000000001
7824    -0.0078700000000000003  0.27832800000000002  -0.12329900000000001
7825    -0.0026229999999999999  0.28070100999999997  -0.12644599000000001
7826    -0.0026229999999999999  0.27598699999999998  -0.118052
7827    -0.0078700000000000003  0.275673  -0.118052
7828    -0.0078700000000000003  0.28070100999999997  -0.12710399999999999
7829    -0.013117  0.27710000000000001  -0.12329900000000001
7830    -0.013117  0.27468600999999998  -0.118052
7831    -0.0078700000000000003  0.27353701000000002  -0.112805
7832    -0.0026229999999999999  0.27384799999999998  -0.112805
7833    -0.013117  0.27265300999999997  -0.112805
7834    -0.018363999999999998  0.27541800999999999  -0.123375
7835    -0.018363999999999998  0.27296701000000001  -0.118052
7836    -0.018363999999999998  0.27834100000000001  -0.12854499999999999
7837    -0.018363999999999998  0.27130899000000003  -0.112805
7838    -0.023609999999999999  0.27283998999999998  -0.12329900000000001
7839    -0.024041  0.27043599000000001  -0.118052
7840    -0.023609999999999999  0.27544200000000002  -0.12856200000000001
7841    -0.028857000000000001  0.27183899  -0.12854499999999999
7842    -0.028857000000000001  0.26748498999999998  -0.118052
7843    -0.023609999999999999  0.26976201  -0.112805
7844    0.0026229999999999999  0.275644  -0.118052
7845    0.0026229999999999999  0.27354801000000001  -0.112805
7846    0.0026229999999999999  0.27830498999999997  -0.12329900000000001
7847    0.0026229999999999999  0.28070100999999997  -0.12718499999999999
7848    0.0078700000000000003  0.27465600000000001  -0.118052
7849    0.0078700000000000003  0.27267798999999998  -0.112805
7850    0.0078700000000000003  0.27708799000000001  -0.12329900000000001
7851    0.013117  0.27133699999999999  -0.112805
7852    0.013117  0.27545500000000001  -0.123584
7853    0.013117  0.27294499  -0.118052
7854    0.013117  0.27830498999999997  -0.12854499999999999
7855    0.018363999999999998  0.27061700999999999  -0.118052
7856    0.018363999999999998  0.27541500000000002  -0.12859999999999999
7857    0.018363999999999998  0.26979300000000001  -0.112805
7858    -0.028857000000000001  0.26755699999999999  -0.112805
7859    -0.034104000000000002  0.26523200000000002  -0.112805
7860    -0.034104000000000002  0.26736199999999999  -0.12854499999999999
7861    -0.034104000000000002  0.26513001000000003  -0.12270499999999999
7862    -0.034104000000000002  0.26383700999999998  -0.118052
7863    -0.039350999999999997  0.25969300000000001  -0.118052
7864    -0.037929999999999998  0.263459  -0.12854499999999999
7865    -0.039574999999999999  0.25995099999999999  -0.12329900000000001
7866    -0.039210000000000002  0.264797  -0.13422698999999999
7867    -0.039350999999999997  0.26357499000000001  -0.112805
7868    -0  0.27532801000000001  -0.107558
7869    -0.0078700000000000003  0.27523500000000001  -0.107558
7870    0.013117  0.27445900000000001  -0.107558
7871    -0.013117  0.27489998999999998  -0.107558
7872    0.023609999999999999  0.26751301  -0.118052
7873    0.028857000000000001  0.26527601000000001  -0.112805
7874    0.024704  0.27105400000000002  -0.12854499999999999
7875    0.028857000000000001  0.26382199000000001  -0.118052
7876    0.20200001000000001  0.056075  0.45909101000000002
7877    0.20200001000000001  0.053483999999999997  0.45384401000000002
7878    0.19675300000000001  0.054802999999999998  0.45384401000000002
7879    0.20724699999999999  0.054433000000000002  0.45909101000000002
7880    0.20724699999999999  0.051487999999999999  0.45384401000000002
7881    0.21249399999999999  0.052059000000000001  0.45909101000000002
7882    0.21249399999999999  0.048759999999999998  0.45384401000000002
7883    0.21773999999999999  0.049014000000000002  0.45909101000000002
7884    0.21249399999999999  0.054072000000000002  0.46433799999999997
7885    0.21773999999999999  0.051312999999999998  0.46433799999999997
7886    0.20724699999999999  0.056002000000000003  0.46433799999999997
7887    0.22298699999999999  0.047819  0.46433799999999997
7888    0.19413  0.057528999999999997  0.45909101000000002
7889    0.199377  0.057995999999999999  0.46433799999999997
7890    0.21773999999999999  0.052086  0.46958399000000001
7891    0.22298699999999999  0.04904  0.46958399000000001
7892    0.21249399999999999  0.054488000000000002  0.46958399000000001
7893    0.18888300999999999  0.059211  0.46433799999999997
7894    0.20724699999999999  0.056175999999999997  0.46958399000000001
7895    0.18363599  0.058002999999999999  0.45909101000000002
7896    0.18101300000000001  0.059164000000000001  0.46433799999999997
7897    0.199377  0.057952999999999998  0.46958399000000001
7898    0.18888300999999999  0.059079  0.46958399000000001
7899    0.17576601  0.057260999999999999  0.45909101000000002
7900    0.17576601  0.058616000000000001  0.46433799999999997
7901    0.18101300000000001  0.059077999999999999  0.46958399000000001
7902    0.17576601  0.058603000000000002  0.46958399000000001
7903    0.17051899000000001  0.056077000000000002  0.45909101000000002
7904    0.17051899000000001  0.057558999999999999  0.46433799999999997
7905    0.17051899000000001  0.057681000000000003  0.46958399000000001
7906    0.20200001000000001  0.055969999999999999  0.47483101
7907    0.20724699999999999  0.054889  0.47483101
7908    0.21249399999999999  0.053337000000000002  0.47483101
7909    0.21773999999999999  0.051135  0.47483101
7910    0.22298699999999999  0.048515000000000003  0.47483101
7911    0.19150600000000001  0.057340000000000002  0.47483101
7912    0.18363599  0.057574  0.47483101
7913    0.17576601  0.057155999999999998  0.47483101
7914    0.17051899000000001  0.056416000000000001  0.47483101
7915    0.160026  0.054634000000000002  0.46958399000000001
7916    0.16480801  0.055211999999999997  0.47483101
7917    0.160026  0.053920999999999997  0.47483101
7918    0.154779  0.052345999999999997  0.46958399000000001
7919    0.154779  0.051965999999999998  0.47483101
7920    0.165273  0.053046000000000003  0.48007801
7921    0.160026  0.051803000000000002  0.48007801
7922    0.15421299999999999  0.050058999999999999  0.48007801
7923    0.17314299999999999  0.054163000000000003  0.48007801
7924    0.18101300000000001  0.054642000000000003  0.48007801
7925    0.19413  0.054038999999999997  0.48007801
7926    0.14953200999999999  0.048198999999999999  0.48007801
7927    0.204623  0.052502  0.48007801
7928    0.21249399999999999  0.050550999999999999  0.48007801
7929    0.21773999999999999  0.048799000000000002  0.48007801
7930    0.22298699999999999  0.046293000000000001  0.48007801
7931    0.14953200999999999  0.044993999999999999  0.48532501
7932    0.22298699999999999  0.043424999999999998  0.48391499999999998
7933    0.228274  0.044632999999999999  0.47483101
7934    0.22823399  0.042934  0.48007801
7935    0.22823399  0.039104  0.48532501
7936    0.14428600999999999  0.042488999999999999  0.48532501
7937    0.232766  0.038549  0.48007801
7938    0.23348099999999999  0.033994999999999997  0.48532501
7939    0.22828399999999999  0.044646999999999999  0.46958399000000001
7940    -0.091149999999999995  -0.049843999999999999  0.34366198999999997
7941    -0.092619999999999994  -0.049843999999999999  0.34890898999999997
7942    -0.094018000000000004  -0.055091000000000001  0.34366198999999997
7943    -0.089990000000000001  -0.044596999999999998  0.34890898999999997
7944    -0.094988000000000003  -0.055091000000000001  0.34890898999999997
7945    -0.096068000000000001  -0.055091000000000001  0.35415598999999998
7946    -0.091817999999999997  -0.052440000000000001  0.33841600999999999
7947    -0.097758999999999999  -0.060338000000000003  0.35415598999999998
7948    -0.099268999999999996  -0.065584000000000003  0.34890898999999997
7949    -0.099642999999999995  -0.065584000000000003  0.35415598999999998
7950    -0.098750000000000004  -0.060338000000000003  0.35940301000000002
7951    -0.10052899999999999  -0.065584000000000003  0.35940301000000002
7952    -0.102046  -0.071454000000000004  0.35415598999999998
7953    -0.103561  -0.073455000000000006  0.35940301000000002
7954    -0.101634  -0.065584000000000003  0.364649
7955    -0.103417  -0.070831000000000005  0.364649
7956    -0.105674  -0.076078000000000007  0.364649
7957    -0.10755000000000001  -0.081338999999999995  0.35927701000000001
7958    -0.108234  -0.081324999999999995  0.364649
7959    -0.097354999999999997  -0.055091000000000001  0.35940301000000002
7960    -0.107558  -0.076078000000000007  0.37117900999999998
7961    -0.109559  -0.081324999999999995  0.36989599000000001
7962    -0.105077  -0.070831000000000005  0.36989599000000001
7963    -0.092368000000000006  -0.044596999999999998  0.35415598999999998
7964    -0.100424  -0.060338000000000003  0.364649
7965    -0.103853  -0.065584000000000003  0.36989599000000001
7966    -0.094073000000000004  -0.055091000000000001  0.33841600999999999
7967    -0.102312  -0.065584000000000003  0.36658700999999999
7968    -0.089863999999999999  -0.049843999999999999  0.33841600999999999
7969    -0.087120000000000003  -0.04376  0.34366198999999997
7970    -0.086815000000000003  -0.038671999999999998  0.34890898999999997
7971    -0.109613  -0.076078000000000007  0.37514299000000001
7972    -0.085528999999999994  -0.044596999999999998  0.33841600999999999
7973    -0.081004000000000007  -0.039673  0.33841600999999999
7974    -0.082478999999999997  -0.043664000000000001  0.33316900999999999
7975    -0.081324999999999995  -0.036014999999999998  0.34366198999999997
7976    -0.084780999999999995  -0.034104000000000002  0.34890898999999997
7977    -0.075816999999999996  -0.034355999999999998  0.33841600999999999
7978    -0.076078000000000007  -0.038349000000000001  0.33316900999999999
7979    -0.081324999999999995  -0.034104000000000002  0.34535399
7980    -0.070963999999999999  -0.033991  0.33316900999999999
7981    -0.070831000000000005  -0.028857000000000001  0.33890700000000001
7982    -0.065252000000000004  -0.029312000000000001  0.33343199000000001
7983    -0.066350999999999993  -0.033667999999999997  0.32792199
7984    -0.065584000000000003  -0.023609999999999999  0.33900401000000002
7985    -0.060338000000000003  -0.029912999999999999  0.32792199
7986    -0.058081000000000001  -0.024586  0.33316900999999999
7987    -0.055091000000000001  -0.027165999999999999  0.32792199
7988    -0.049843999999999999  -0.024347000000000001  0.32792199
7989    -0.047919000000000003  -0.018665000000000001  0.33309701000000003
7990    -0.055091000000000001  -0.018363999999999998  0.33677599000000003
7991    -0.036899000000000001  -0.019051999999999999  0.32792199
7992    -0.034104000000000002  -0.021727  0.32267498999999999
7993    -0.026234  -0.019868  0.32267498999999999
7994    -0.026234  -0.018363999999999998  0.325019
7995    0.089894000000000002  -0.055091000000000001  0.35415598999999998
7996    0.087399000000000004  -0.052748999999999997  0.34890898999999997
7997    0.092399999999999996  -0.064259999999999998  0.34890898999999997
7998    0.087922  -0.049843999999999999  0.35415598999999998
7999    0.086430000000000007  -0.044596999999999998  0.35433399999999998
8000    0.091788999999999996  -0.060423999999999999  0.35415598999999998
8001    0.093658000000000005  -0.065584000000000003  0.35415598999999998
8002    0.093044000000000002  -0.060338000000000003  0.35940301000000002
8003    0.094780000000000003  -0.065584000000000003  0.35940301000000002
8004    0.097064999999999999  -0.073671  0.35415598999999998
8005    0.097958000000000003  -0.073977000000000001  0.35940301000000002
8006    0.096065999999999999  -0.065584000000000003  0.364649
8007    0.097738000000000005  -0.070831000000000005  0.364649
8008    0.099918999999999994  -0.076078000000000007  0.364649
8009    0.099441000000000002  -0.070831000000000005  0.36989599000000001
8010    0.101892  -0.076078000000000007  0.37094101000000002
8011    0.091817999999999997  -0.055091000000000001  0.35980498999999999
8012    0.094888  -0.060338000000000003  0.364649
8013    0.102529  -0.081324999999999995  0.364649
8014    0.103994  -0.081324999999999995  0.36989599000000001
8015    0.10204000000000001  -0.081738000000000005  0.35940301000000002
8016    0.098351999999999995  -0.076078000000000007  0.35415598999999998
8017    0.090306999999999998  -0.060338000000000003  0.34366198999999997
8018    0.086570999999999995  -0.054017000000000003  0.34366198999999997
8019    0.083384  -0.044596999999999998  0.34890898999999997
8020    0.081018999999999994  -0.045037000000000001  0.34366198999999997
8021    0.081852999999999995  -0.049173000000000001  0.33841600999999999
8022    0.081069000000000002  -0.039350999999999997  0.34921398999999997
8023    0.104253  -0.076078000000000007  0.37514299000000001
8024    0.107068  -0.087043999999999996  0.364649
8025    0.107558  -0.086022000000000001  0.36989599000000001
8026    0.091817999999999997  -0.062872999999999998  0.34366198999999997
8027    0.107291  -0.081700999999999996  0.37514299000000001
8028    0.077052999999999996  -0.043450000000000003  0.33841600999999999
8029    0.076502000000000001  -0.038743  0.34366198999999997
8030    0.076078000000000007  -0.044719000000000002  0.33316900999999999
8031    0.095102000000000006  -0.055091000000000001  0.364649
8032    0.070831000000000005  -0.036634  0.33841600999999999
8033    0.070831000000000005  -0.040057000000000002  0.33316900999999999
8034    0.071827000000000002  -0.034104000000000002  0.34248500999999998
8035    0.065584000000000003  -0.035612999999999999  0.33316900999999999
8036    0.065584000000000003  -0.031322999999999997  0.33841600999999999
8037    0.112459  -0.086570999999999995  0.37514299000000001
8038    0.076078000000000007  -0.034104000000000002  0.34686898999999999
8039    0.070831000000000005  -0.028857000000000001  0.34506198999999999
8040    0.069808999999999996  -0.030095  0.34366198999999997
8041    0.065584000000000003  -0.028857000000000001  0.340812
8042    0.057714000000000001  -0.029635000000000002  0.33316900999999999
8043    0.060338000000000003  -0.034536999999999998  0.32792199
8044    0.119076  -0.091060000000000002  0.37514299000000001
8045    0.118052  -0.086570999999999995  0.38023999000000003
8046    0.123086  -0.091905000000000001  0.38067600000000001
8047    0.120541  -0.086570999999999995  0.38563599999999998
8048    0.11809600000000001  -0.081324999999999995  0.38553599
8049    0.11967999999999999  -0.081324999999999995  0.39088299999999998
8050    0.12329900000000001  -0.087012999999999993  0.39168701
8051    0.124236  -0.090998999999999997  0.38563599999999998
8052    0.121471  -0.081324999999999995  0.39612999999999998
8053    0.120861  -0.073455000000000006  0.40400001000000002
8054    0.123678  -0.081075999999999995  0.40106600999999997
8055    0.123379  -0.076078000000000007  0.40648900999999998
8056    0.12329900000000001  -0.071127999999999997  0.41222798999999999
8057    0.120514  -0.062961000000000003  0.41449401000000002
8058    0.122963  -0.065882999999999997  0.41748499999999999
8059    0.122238  -0.057714000000000001  0.42498699000000001
8060    0.12329900000000001  -0.061309000000000002  0.42351200999999999
8061    0.12486800000000001  -0.060338000000000003  0.42761000999999998
8062    0.123643  -0.047220999999999999  0.44072699999999998
8063    0.12698400000000001  -0.052468000000000001  0.44072699999999998
8064    0.12582399999999999  -0.044596999999999998  0.44859701000000002
8065    0.123227  -0.039350999999999997  0.44881999
8066    0.12854499999999999  -0.044389999999999999  0.45357998999999999
8067    0.12553400000000001  -0.065584000000000003  0.42236400000000002
8068    0.121929  -0.047220999999999999  0.43548101
8069    0.12511800000000001  -0.039350999999999997  0.45384401000000002
8070    0.128327  -0.038920999999999997  0.460789
8071    0.12640699999999999  -0.031481000000000002  0.46696100000000001
8072    0.12854499999999999  -0.033513000000000001  0.46879198999999999
8073    0.12854499999999999  -0.028857000000000001  0.47484400999999998
8074    0.125781  -0.023609999999999999  0.47483101
8075    0.128334  -0.023778000000000001  0.48024698999999998
8076    0.12592500000000001  -0.018363999999999998  0.48007801
8077    0.12861399000000001  -0.018363999999999998  0.48522499000000002
8078    0.12692000000000001  -0.013117  0.48532501
8079    0.12450899999999999  -0.085348999999999994  0.39612999999999998
8080    0.12854499999999999  -0.048998  0.44754200999999999
8081    0.12854499999999999  -0.013117  0.48797199000000002
8082    0.11422  -0.081324999999999995  0.38038999000000001
8083    0.12868699  -0.0078700000000000003  0.49038300000000001
8084    0.130797  -0.013117  0.49057098999999998
8085    0.12822600000000001  -0.0026229999999999999  0.49096599000000002
8086    0.12803300000000001  0.0026229999999999999  0.49122900000000003
8087    0.107558  -0.076078000000000007  0.37786001000000002
8088    0.055091000000000001  -0.031404000000000001  0.32792199
8089    0.049843999999999999  -0.028434000000000001  0.32792199
8090    0.041973999999999997  -0.024355999999999999  0.32792199
8091    0.039350999999999997  -0.025866  0.32267498999999999
8092    0.034104000000000002  -0.02094  0.32792199
8093    0.031481000000000002  -0.023227999999999999  0.32267498999999999
8094    0.028857000000000001  -0.018672999999999999  0.32827601000000001
8095    0.020986999999999999  -0.020379000000000001  0.32267498999999999
8096    0.020986999999999999  -0.018363999999999998  0.32590401000000002
8097    0.013117  -0.015076000000000001  0.32792199
8098    0.010494  -0.018615  0.32267498999999999
8099    -0  -0.017725999999999999  0.32267498999999999
8100    -0.0078700000000000003  -0.017721000000000001  0.32267498999999999
8101    -0.015740000000000001  -0.018366  0.32267498999999999
8102    0.26330101  -0.43810399999999999  0.41632300999999999
8103    0.26039800000000002  -0.43285700999999999  0.41711700000000002
8104    0.25446798999999998  -0.43285700999999999  0.41978499000000002
8105    0.25446798999999998  -0.43810399999999999  0.42069100999999998
8106    0.27132299999999998  -0.43810399999999999  0.41187000000000001
8107    0.27025600999999999  -0.43281901  0.41187000000000001
8108    0.27545500000000001  -0.43810399999999999  0.40919399000000001
8109    0.27779099000000002  -0.43285700999999999  0.40662301000000001
8110    0.27985901000000002  -0.43810399999999999  0.40601999
8111    0.28521201000000002  -0.43285700999999999  0.40069400999999999
8112    0.28576601000000001  -0.43810399999999999  0.40121201000000001
8113    0.29092601000000001  -0.43810399999999999  0.39583001000000001
8114    0.29539200999999998  -0.43285700999999999  0.38966200000000001
8115    0.29594599999999999  -0.43810399999999999  0.39029198999999998
8116    0.29859701  -0.43285700999999999  0.38563599999999998
8117    0.29966800999999998  -0.43810399999999999  0.38563599999999998
8118    0.27636000999999999  -0.443351  0.41251999
8119    0.270208  -0.44356700999999998  0.416769
8120    0.28518399999999999  -0.443351  0.40605398999999998
8121    0.29097899999999999  -0.44354299000000003  0.40114701000000003
8122    0.28070100999999997  -0.443351  0.40965100999999998
8123    0.27545500000000001  -0.43111399  0.40662301000000001
8124    0.29616901000000001  -0.44358798999999999  0.39582199000000001
8125    0.25949498999999998  -0.44345500999999998  0.42228299000000002
8126    0.264961  -0.443351  0.41948398999999997
8127    0.28070100999999997  -0.43007600000000001  0.40137698999999999
8128    0.28070100999999997  -0.44029998999999997  0.40662301000000001
8129    0.25446798999999998  -0.44120400999999998  0.42236400000000002
8130    0.264961  -0.42989000999999999  0.41187000000000001
8131    0.30082500000000001  -0.443351  0.38970101000000001
8132    0.25446798999999998  -0.443351  0.42477900000000002
8133    0.25446798999999998  -0.42994400999999999  0.41711700000000002
8134    0.29119500999999998  -0.43014999999999998  0.39088299999999998
8135    0.28594800999999997  -0.42986300999999999  0.39612999999999998
8136    0.29644199999999998  -0.43070598999999998  0.38563599999999998
8137    0.264961  -0.44119099000000001  0.41711700000000002
8138    0.30168799000000002  -0.43215099000000001  0.38038999000000001
8139    0.30600300000000002  -0.43285700999999999  0.37514299000000001
8140    0.30250299000000003  -0.43810399999999999  0.38154199999999999
8141    0.30697598999999998  -0.43810399999999999  0.37514299000000001
8142    0.30168799000000002  -0.44140801000000002  0.38563599999999998
8143    0.30414500999999999  -0.443351  0.38563599999999998
8144    0.30716300000000002  -0.44308501  0.380687
8145    0.31182101000000001  -0.44355099999999997  0.37514299000000001
8146    0.30985298999999999  -0.43810399999999999  0.36989599000000001
8147    0.31097599999999997  -0.43285700999999999  0.364649
8148    0.30693501000000001  -0.43094799  0.36989599000000001
8149    0.30168799000000002  -0.42914300999999999  0.37514299000000001
8150    0.270208  -0.42860400999999998  0.40662301000000001
8151    0.249221  -0.42844199999999999  0.41711700000000002
8152    0.25971401  -0.42824300999999998  0.41187000000000001
8153    0.29644199999999998  -0.42844900000000002  0.38038999000000001
8154    0.31218201000000001  -0.44169900000000001  0.36989599000000001
8155    0.31204398999999999  -0.43810399999999999  0.364649
8156    0.31698999  -0.44360501000000002  0.364649
8157    0.31438898999999998  -0.443351  0.36989599000000001
8158    0.154779  0.42304798999999998  -0.0078700000000000003
8159    0.160026  0.422815  -0.0078700000000000003
8160    0.160026  0.42338400999999998  -0.0026229999999999999
8161    0.154779  0.42358401000000001  -0.0026229999999999999
8162    0.14690900000000001  0.424568  -0.0026229999999999999
8163    0.14428600999999999  0.42418799000000001  -0.0078700000000000003
8164    0.14690900000000001  0.42269098999999999  -0.013117
8165    0.154779  0.42191498999999999  -0.013117
8166    0.160026  0.42167400999999999  -0.013117
8167    0.13903899  0.42308801000000001  -0.013117
8168    0.12723400000000001  0.42469001000000001  -0.0078700000000000003
8169    0.15215600000000001  0.42035601  -0.018363999999999998
8170    0.14166200000000001  0.42110400999999997  -0.018363999999999998
8171    0.160026  0.41975200000000001  -0.018363999999999998
8172    0.160026  0.42323300000000003  0.0026229999999999999
8173    0.154779  0.42341699999999999  0.0026229999999999999
8174    0.14428600999999999  0.42466800999999998  0.0026229999999999999
8175    0.13641600000000001  0.42517799000000001  -0.0026229999999999999
8176    0.107558  0.42535600000000001  0.0026229999999999999
8177    0.110182  0.42561199999999999  -0.0026229999999999999
8178    0.051156  0.42563599000000002  -0.0026229999999999999
8179    0.165273  0.42159798999999998  -0.018363999999999998
8180    0.045253000000000002  0.42525601000000002  0.0026229999999999999
8181    -0.076078000000000007  0.42553699  -0.0026229999999999999
8182    -0.028857000000000001  0.42559201000000002  -0.0026229999999999999
8183    -0.025905999999999998  0.42520499  0.0026229999999999999
8184    -0.078700999999999993  0.42517199999999999  0.0026229999999999999
8185    -0.112805  0.42541599000000002  -0.0026229999999999999
8186    -0.115429  0.42504099000000001  0.0026229999999999999
8187    -0.14166200000000001  0.42478999000000001  -0.0026229999999999999
8188    -0.14166200000000001  0.42450600999999999  0.0026229999999999999
8189    -0.14953200999999999  0.42439400999999999  -0.0026229999999999999
8190    -0.14953200999999999  0.42410299000000001  0.0026229999999999999
8191    -0.160026  0.42333200999999998  -0.0026229999999999999
8192    -0.160026  0.42306101000000002  0.0026229999999999999
8193    -0.165273  0.42361399999999999  -0.0026229999999999999
8194    -0.165273  0.42333200999999998  0.0026229999999999999
8195    0.13641600000000001  0.42401098999999998  0.0078700000000000003
8196    0.154779  0.42252498999999999  0.0078700000000000003
8197    0.160026  0.42234298999999997  0.0078700000000000003
8198    -0.12854499999999999  0.42381099  0.0078700000000000003
8199    0.102312  0.424292  0.0078700000000000003
8200    0.025578  0.42412098999999998  0.0078700000000000003
8201    -0.028857000000000001  0.42406300000000002  0.0078700000000000003
8202    -0.089194999999999997  0.42403700999999999  0.0078700000000000003
8203    0.14428600999999999  0.42370600000000003  0.0078700000000000003
8204    -0.160026  0.42204401000000002  0.0078700000000000003
8205    -0.145597  0.42327600999999998  0.0078700000000000003
8206    -0.165273  0.42223501000000002  0.0078700000000000003
8207    0.12329900000000001  0.42259899000000001  0.013117
8208    0.14166200000000001  0.42224199000000001  0.013117
8209    0.14953200999999999  0.42160699000000001  0.013117
8210    -0.12854499999999999  0.42218499999999998  0.013117
8211    0.095753000000000005  0.42264399000000002  0.013117
8212    0.041481999999999998  0.42247700999999999  0.013133000000000001
8213    -0.025905999999999998  0.42235698999999999  0.013117
8214    -0.079029000000000002  0.42239901000000002  0.013117
8215    -0.14166200000000001  0.42184000999999999  0.013117
8216    -0.15215600000000001  0.42109400000000002  0.013117
8217    0.154779  0.42074201  0.013117
8218    0.160026  0.42042499999999999  0.013117
8219    -0.160026  0.41996898999999999  0.013117
8220    -0.097721000000000002  0.42012599  0.018363999999999998
8221    -0.120675  0.42001899999999998  0.018363999999999998
8222    0.118052  0.42037699000000001  0.018363999999999998
8223    0.08362  0.42034101000000001  0.018363999999999998
8224    0.017708000000000002  0.42008298999999999  0.018363999999999998
8225    -0.047877000000000003  0.42005598999999999  0.018363999999999998
8226    -0.13641600000000001  0.41967300000000002  0.018363999999999998
8227    -0.14690900000000001  0.41907298999999998  0.018363999999999998
8228    0.165273  0.42236400000000002  0.013532000000000001
8229    0.165273  0.42477398999999999  0.0078700000000000003
8230    0.165273  0.42576501  0.0026229999999999999
8231    0.165273  0.42582101  -0.0026229999999999999
8232    0.165273  0.42502800000000002  -0.0078700000000000003
8233    -0.16924700000000001  0.42236400000000002  0.013117
8234    -0.17060800000000001  0.42748299000000001  0
8235    -0.17051899000000001  0.42628500000000003  0.0078700000000000003
8236    -0.17075799  0.427255  -0.0078700000000000003
8237    -0.17051899000000001  0.42386001000000001  0.013117
8238    0.16680700000000001  0.42761000999999998  0
8239    -0.14166200000000001  0.42422399  -0.0078700000000000003
8240    -0.119364  0.42475599000000003  -0.0078700000000000003
8241    -0.15215600000000001  0.42359998999999998  -0.0078700000000000003
8242    -0.160026  0.42282598999999998  -0.0078700000000000003
8243    -0.165273  0.42304000000000003  -0.0078700000000000003
8244    -0.078865000000000005  0.42494400999999998  -0.0078700000000000003
8245    -0.0042630000000000003  0.42509999999999998  -0.0078700000000000003
8246    0.052468000000000001  0.42501499999999998  -0.0078700000000000003
8247    0.107558  0.42497399000000002  -0.0078700000000000003
8248    0.0026229999999999999  0.42384100000000002  -0.013117
8249    0.059353999999999997  0.42369199000000002  -0.013117
8250    -0.110182  0.42357900999999998  -0.013117
8251    -0.049843999999999999  0.42368098999999998  -0.013117
8252    -0.14953200999999999  0.42261299000000002  -0.013117
8253    -0.13379199999999999  0.42317599  -0.013117
8254    -0.165273  0.42180601000000001  -0.013117
8255    -0.160026  0.42160799999999998  -0.013117
8256    0.112149  0.42350399  -0.013117
8257    -0.068208000000000005  0.42179701000000003  -0.018363999999999998
8258    0.110182  0.42155999  -0.018363999999999998
8259    0.071979000000000001  0.42186201000000001  -0.017954999999999999
8260    0.017708000000000002  0.42192798999999998  -0.018363999999999998
8261    -0.040661999999999997  0.42185599000000001  -0.018363999999999998
8262    -0.13051299999999999  0.42139900000000002  -0.018363999999999998
8263    -0.14953200999999999  0.42081800000000003  -0.018363999999999998
8264    -0.165273  0.41974801  -0.018363999999999998
8265    -0.160026  0.41968599000000001  -0.018363999999999998
8266    -0.118052  0.41932899000000001  -0.023609999999999999
8267    -0.14166200000000001  0.41881499  -0.023609999999999999
8268    -0.050500000000000003  0.419433  -0.023609999999999999
8269    0.14166200000000001  0.41869599000000002  -0.023609999999999999
8270    0.110182  0.41908199000000002  -0.023609999999999999
8271    0.059026000000000002  0.41927001000000003  -0.023609999999999999
8272    0.023609999999999999  0.41945600999999999  -0.023609999999999999
8273    -0.160026  0.41728100000000001  -0.023609999999999999
8274    -0.15215600000000001  0.41822200999999998  -0.023609999999999999
8275    0.15215600000000001  0.41801301000000002  -0.023609999999999999
8276    0.160026  0.41723299000000003  -0.023821999999999999
8277    -0.165273  0.41708299999999998  -0.023609999999999999
8278    0.14953200999999999  0.41532400000000003  -0.028857000000000001
8279    0.14428600999999999  0.41564801000000001  -0.028857000000000001
8280    -0.14166200000000001  0.41585200999999999  -0.028857000000000001
8281    -0.12723400000000001  0.41619799000000002  -0.028857000000000001
8282    -0.15215600000000001  0.41523501000000002  -0.028857000000000001
8283    -0.112805  0.41637000000000002  -0.028857000000000001
8284    -0.066895999999999997  0.41633299000000001  -0.028857000000000001
8285    -0.019347  0.41632598999999998  -0.028857000000000001
8286    0.10362300000000001  0.415966  -0.028857000000000001
8287    0.034104000000000002  0.41620401000000001  -0.028857000000000001
8288    0.071486999999999995  0.41606599  -0.028857000000000001
8289    0.160026  0.414213  -0.028857000000000001
8290    -0.160026  0.414134  -0.028857000000000001
8291    -0.165273  0.41280800000000001  -0.030178
8292    -0.154779  0.41156199999999998  -0.033725999999999999
8293    -0.14690900000000001  0.41191  -0.034154999999999998
8294    0.13903899  0.41195500000000002  -0.034207000000000001
8295    -0.080013000000000001  0.41262099000000002  -0.034104000000000002
8296    -0.056403000000000002  0.41202199  -0.034692000000000001
8297    -0.016396000000000001  0.41217899000000002  -0.034431999999999997
8298    0.035088000000000001  0.412103  -0.034363999999999999
8299    0.094441999999999998  0.41198500999999998  -0.034344
8300    -0.12854499999999999  0.41187000000000001  -0.034917999999999998
8301    -0.112805  0.41187000000000001  -0.035118000000000003
8302    0.14953200999999999  0.41172001000000003  -0.033924000000000003
8303    0.160026  0.41104600000000002  -0.033120999999999998
8304    0.165273  0.41553399000000002  -0.028857000000000001
8305    0.165273  0.41878900000000002  -0.023609999999999999
8306    -0.165273  0.40969601  -0.034104000000000002
8307    0.165273  0.41117299000000002  -0.034104000000000002
8308    -0.154779  0.40644198999999998  -0.039176000000000002
8309    0.14428600999999999  0.40672901  -0.039447999999999997
8310    -0.14428600999999999  0.40685000999999998  -0.039557000000000002
8311    0.111166  0.40679200999999998  -0.039501000000000001
8312    -0.12854499999999999  0.40707999  -0.039718000000000003
8313    -0.111494  0.407134  -0.039789999999999999
8314    -0.086899000000000004  0.40707200999999998  -0.039737000000000001
8315    -0.051156  0.40694201000000002  -0.039628999999999998
8316    -0.013609  0.40704000000000001  -0.039475999999999997
8317    0.051811999999999997  0.40679400999999998  -0.039501000000000001
8318    0.14953200999999999  0.40653399000000001  -0.039265000000000001
8319    0.160026  0.40494701  -0.039350999999999997
8320    -0.17051899000000001  0.41163899999999998  -0.033852
8321    -0.17051899000000001  0.41602600000000001  -0.028857000000000001
8322    -0.17094599999999999  0.40641200999999999  -0.039165999999999999
8323    -0.17051899000000001  0.41994300000000001  -0.023609999999999999
8324    -0.17051899000000001  0.42236400000000002  -0.018966
8325    -0.17051899000000001  0.42544699000000002  -0.013117
8326    0.16717399999999999  0.41711700000000002  -0.028857000000000001
8327    0.166098  0.42236400000000002  -0.018363999999999998
8328    0.16836300000000001  0.42761000999999998  -0.013117
8329    -0.17147799999999999  0.41711700000000002  -0.028857000000000001
8330    0.16839900999999999  0.42236400000000002  -0.023609999999999999
8331    0.17048299  0.41711700000000002  -0.034104000000000002
8332    -0.13362299999999999  -0.0078700000000000003  0.49076798999999999
8333    -0.13050200000000001  -0.0078700000000000003  0.48532501
8334    -0.13237699999999999  -0  0.49057098999999998
8335    -0.13159699999999999  -0.013117  0.48532501
8336    -0.13379199999999999  -0.0026229999999999999  0.49208400000000002
8337    -0.12986200000000001  -0  0.48532501
8338    -0.13234599999999999  0.0078700000000000003  0.49057098999999998
8339    -0.13379199999999999  0.0026229999999999999  0.49265501
8340    -0.12960599  -0.013117  0.48007801
8341    -0.13073299999999999  -0.018363999999999998  0.48007801
8342    -0.13310499000000001  0.013117  0.49057098999999998
8343    -0.13379199999999999  0.0078700000000000003  0.49249800999999999
8344    -0.13454799000000001  0.018363999999999998  0.49057098999999998
8345    -0.13677400000000001  0.023609999999999999  0.49057098999999998
8346    -0.139406  0.028596  0.49035001
8347    -0.13903899  0.023609999999999999  0.49295299999999997
8348    -0.14428600999999999  0.038817999999999998  0.48532501
8349    -0.12774200999999999  -0.057714000000000001  0.42498699000000001
8350    -0.12714700000000001  -0.047220999999999999  0.43548101
8351    -0.12890699999999999  -0.049843999999999999  0.43810399999999999
8352    -0.128465  -0.044770999999999998  0.443351
8353    -0.125999  -0.047220999999999999  0.43023399000000001
8354    -0.12616999000000001  -0.057714000000000001  0.41973999000000001
8355    -0.12684799999999999  -0.036727000000000003  0.44597398999999999
8356    -0.12801000000000001  -0.036727000000000003  0.45122098999999999
8357    -0.12502300999999999  -0.052468000000000001  0.41973999000000001
8358    -0.12503  -0.062961000000000003  0.40924701000000002
8359    -0.126058  -0.036727000000000003  0.44072699999999998
8360    -0.124087  -0.062961000000000003  0.40400001000000002
8361    -0.124499  -0.076078000000000007  0.39088299999999998
8362    -0.127132  -0.028857000000000001  0.45384401000000002
8363    -0.123433  -0.070831000000000005  0.38979200000000003
8364    -0.128079  -0.026234  0.46171400000000001
8365    -0.12931500000000001  -0.034104000000000002  0.45909101000000002
8366    -0.129135  -0.026234  0.46696100000000001
8367    -0.12847900000000001  -0.018363999999999998  0.46958399000000001
8368    -0.123547  -0.062961000000000003  0.39875298999999997
8369    -0.124348  -0.052468000000000001  0.41449401000000002
8370    -0.12928100000000001  -0.018363999999999998  0.47483101
8371    -0.13075200000000001  -0.026234  0.47220799000000002
8372    -0.12534398999999999  -0.041973999999999997  0.43023399000000001
8373    -0.12879699  -0.013117  0.47483101
8374    -0.129078  -0.0078700000000000003  0.48007801
8375    -0.122891  -0.070831000000000005  0.38563599999999998
8376    -0.12581899999999999  -0.034104000000000002  0.43810399999999999
8377    -0.128438  -0.065777000000000002  0.41711700000000002
8378    -0.128668  -0.070604  0.41187000000000001
8379    -0.12854499999999999  -0.061678999999999998  0.42236400000000002
8380    -0.13030900000000001  -0.060338000000000003  0.42761000999999998
8381    -0.13112399999999999  -0.065584000000000003  0.42236400000000002
8382    -0.13379199999999999  -0.055197000000000003  0.43992099000000001
8383    -0.13140399999999999  -0.049843999999999999  0.443351
8384    -0.13379199999999999  -0.048729000000000001  0.44859701000000002
8385    -0.13055301  -0.044596999999999998  0.44859701000000002
8386    -0.13379199999999999  -0.044705000000000002  0.45400000000000001
8387    -0.12985399  -0.039350999999999997  0.45384401000000002
8388    -0.131937  -0.036727000000000003  0.46171400000000001
8389    -0.13379199999999999  -0.038698000000000003  0.46232000000000001
8390    -0.13406399999999999  -0.033960999999999998  0.46940100000000001
8391    -0.13379199999999999  -0.029111000000000001  0.47516501
8392    -0.13379199999999999  -0.024254999999999999  0.48075399000000002
8393    -0.13379199999999999  -0.018363999999999998  0.48584199
8394    -0.134551  -0.013117  0.48974800000000002
8395    -0.055091000000000001  -0.13379199999999999  -0.28342899999999999
8396    -0.060338000000000003  -0.13379199999999999  -0.28186299999999997
8397    -0.060338000000000003  -0.141342  -0.28523099000000002
8398    -0.055091000000000001  -0.14953200999999999  -0.28984901000000002
8399    -0.060338000000000003  -0.154779  -0.29111499000000002
8400    -0.055091000000000001  -0.12859899999999999  -0.28067899000000002
8401    -0.060338000000000003  -0.12854499999999999  -0.27970700999999998
8402    -0.060338000000000003  -0.12329900000000001  -0.27724499000000002
8403    -0.055091000000000001  -0.118313  -0.27532699999999999
8404    -0.055091000000000001  -0.160026  -0.29312700000000003
8405    -0.072142999999999999  0.097064999999999999  -0.18648300000000001
8406    -0.065584000000000003  0.107558  -0.18129899999999999
8407    -0.081324999999999995  0.10571  -0.18287200000000001
8408    -0.133136  0.078397999999999995  -0.195519
8409    -0.106903  0.082827999999999999  -0.193492
8410    -0.12592199000000001  0.091817999999999997  -0.18962598999999999
8411    -0.14690900000000001  0.091356999999999994  -0.19014800000000001
8412    -0.14822099999999999  0.076207999999999998  -0.196766
8413    -0.16592899999999999  0.079588999999999993  -0.19588199000000001
8414    -0.17051899000000001  0.089978000000000002  -0.19150600000000001
8415    -0.18626000000000001  0.081324999999999995  -0.19561400000000001
8416    -0.087226999999999999  0.089276999999999995  -0.190466
8417    -0.100344  0.100413  -0.18560401000000001
8418    -0.115429  0.11168699999999999  -0.180536
8419    -0.14690900000000001  0.111554  -0.180923
8420    -0.16789599999999999  0.10362300000000001  -0.18516199
8421    -0.18626000000000001  0.094441999999999998  -0.18975700000000001
8422    -0.19150600000000001  0.081324999999999995  -0.19563700000000001
8423    -0.18232501000000001  0.104699  -0.18495500000000001
8424    -0.18101300000000001  0.115429  -0.179974
8425    -0.14887698999999999  0.120689  -0.17687900000000001
8426    -0.17379898999999999  0.12615799999999999  -0.17501800000000001
8427    -0.18363599  0.12854499999999999  -0.17403299999999999
8428    -0.18363599  0.13935800000000001  -0.16911999999999999
8429    -0.154779  0.13187399999999999  -0.17212699000000001
8430    -0.13772701000000001  0.122764  -0.17576601
8431    -0.13903899  0.13708200000000001  -0.16961699999999999
8432    -0.16264901000000001  0.14852499999999999  -0.16504600999999999
8433    -0.13641600000000001  0.14953200999999999  -0.16428499999999999
8434    -0.16396099  0.17183100000000001  -0.15488600999999999
8435    -0.17576601  0.15724599  -0.16134200000000001
8436    -0.17576601  0.17838999999999999  -0.15203901
8437    -0.16658400000000001  0.18808900000000001  -0.147705
8438    -0.14953200999999999  0.179701  -0.15131800000000001
8439    -0.12789001  0.19019499000000001  -0.14646401000000001
8440    -0.14690900000000001  0.19675300000000001  -0.14362900000000001
8441    -0.17314299999999999  0.19605801  -0.144006
8442    -0.13116901  0.20699300000000001  -0.13903899
8443    -0.15215600000000001  0.20724699999999999  -0.1391
8444    -0.10624699999999999  0.20720799000000001  -0.13902199000000001
8445    -0.10362300000000001  0.19413  -0.14485000000000001
8446    -0.112805  0.18101300000000001  -0.15067799000000001
8447    -0.12854499999999999  0.17314299999999999  -0.15399500999999999
8448    -0.135104  0.16115399999999999  -0.159216
8449    -0.105591  0.15199799999999999  -0.16314000000000001
8450    -0.097064999999999999  0.16920800999999999  -0.15573201
8451    -0.088539000000000007  0.15937001000000001  -0.15981798999999999
8452    -0.086570999999999995  0.18101300000000001  -0.15060999999999999
8453    -0.091817999999999997  0.122034  -0.17576601
8454    -0.10624699999999999  0.12232999999999999  -0.17576601
8455    -0.07739  0.12496599999999999  -0.17417099999999999
8456    -0.076078000000000007  0.14582200000000001  -0.16519900000000001
8457    -0.074765999999999999  0.164489  -0.15725499000000001
8458    -0.073455000000000006  0.18232501000000001  -0.14963201000000001
8459    -0.065584000000000003  0.13444801000000001  -0.16958799999999999
8460    -0.065584000000000003  0.15215600000000001  -0.162018
8461    -0.065584000000000003  0.16658400000000001  -0.15590100000000001
8462    -0.065584000000000003  0.118052  -0.17660400000000001
8463    -0.076078000000000007  0.081324999999999995  -0.19359199999999999
8464    -0.065584000000000003  0.089194999999999997  -0.189612
8465    -0.065584000000000003  0.076078000000000007  -0.19524000999999999
8466    -0.105591  0.075086  -0.19675300000000001
8467    -0.086570999999999995  0.074519000000000002  -0.19675300000000001
8468    -0.091817999999999997  0.065584000000000003  -0.20044801000000001
8469    -0.120675  0.063740000000000005  -0.20144400000000001
8470    -0.073455000000000006  0.058511000000000001  -0.202878
8471    -0.13379199999999999  0.052468000000000001  -0.20621300000000001
8472    -0.14100599  0.059303000000000002  -0.20346898999999999
8473    -0.13903899  0.039350999999999997  -0.211758
8474    -0.165601  0.040649999999999999  -0.211725
8475    -0.100344  0.038218000000000002  -0.21205900999999999
8476    -0.096408999999999995  0.049453999999999998  -0.20726199000000001
8477    -0.080013000000000001  0.044437999999999998  -0.20908201000000001
8478    -0.083947999999999995  0.028857000000000001  -0.21576500000000001
8479    -0.110018  0.023938000000000001  -0.21793199999999999
8480    -0.14461399999999999  0.020003  -0.21953300000000001
8481    -0.095753000000000005  0.014848999999999999  -0.22151299999999999
8482    -0.13067699999999999  0.006901  -0.22473299999999999
8483    -0.091817999999999997  -0.0026229999999999999  -0.228545
8484    -0.120675  -0.0022409999999999999  -0.22850300000000001
8485    -0.083947999999999995  -0.0024680000000000001  -0.22828300000000001
8486    -0.15215600000000001  0.062385000000000003  -0.202433
8487    -0.17838999999999999  0.061041999999999999  -0.20372899999999999
8488    -0.14756501  -0.001152  -0.22809700999999999
8489    -0.094441999999999998  -0.01392  -0.23299600000000001
8490    -0.114117  -0.016126000000000001  -0.23405100000000001
8491    -0.142318  -0.014683  -0.23364099999999999
8492    -0.16756799999999999  -0.00049799999999999996  -0.22822601000000001
8493    -0.165273  -0.014429000000000001  -0.233991
8494    -0.19150600000000001  -0.0022169999999999998  -0.22953101000000001
8495    -0.18888300999999999  -0.018363999999999998  -0.23637199
8496    -0.18822700000000001  0.014429000000000001  -0.22258700000000001
8497    -0.16396099  0.015740000000000001  -0.221525
8498    -0.19150600000000001  0.026644000000000001  -0.21773999999999999
8499    -0.18101300000000001  0.032792000000000002  -0.21520101
8500    -0.19150600000000001  0.044596999999999998  -0.21067899000000001
8501    -0.19019499000000001  0.061642000000000002  -0.203651
8502    -0.19150600000000001  0.070831000000000005  -0.20000200000000001
8503    -0.104935  0.17314299999999999  -0.15409400000000001
8504    -0.073455000000000006  0.028857000000000001  -0.215361
8505    -0.073455000000000006  0.039350999999999997  -0.21100999000000001
8506    -0.060338000000000003  0.028857000000000001  -0.214284
8507    -0.065584000000000003  0.043285999999999998  -0.20876600000000001
8508    -0.065584000000000003  0.055091000000000001  -0.203796
8509    -0.060338000000000003  0.14428600999999999  -0.16537299999999999
8510    -0.060338000000000003  0.13903899  -0.16759101000000001
8511    -0.060338000000000003  0.118052  -0.176623
8512    -0.060338000000000003  0.13305500000000001  -0.17022200000000001
8513    -0.060338000000000003  0.12329900000000001  -0.17440499000000001
8514    -0.060338000000000003  0.059394000000000002  -0.20200001000000001
8515    -0.060338000000000003  0.065584000000000003  -0.199485
8516    -0.060338000000000003  0.049843999999999999  -0.20604500000000001
8517    -0.060338000000000003  0.070831000000000005  -0.19728200000000001
8518    -0.060338000000000003  0.154779  -0.16090699999999999
8519    -0.060338000000000003  0.14953200999999999  -0.16319400000000001
8520    -0.19675300000000001  0.013117  -0.22311400000000001
8521    -0.19675300000000001  0.026499999999999999  -0.21773999999999999
8522    -0.199377  -0.0028500000000000001  -0.22968499000000001
8523    -0.060338000000000003  0.081324999999999995  -0.19289400000000001
8524    -0.060338000000000003  0.096627000000000005  -0.18626000000000001
8525    -0.060338000000000003  0.076078000000000007  -0.19519401
8526    -0.18101300000000001  0.15475801  -0.16237301000000001
8527    -0.18363599  0.17463398999999999  -0.15341099999999999
8528    -0.18101300000000001  0.189913  -0.14649599999999999
8529    -0.060338000000000003  0.107558  -0.18131199000000001
8530    -0.060338000000000003  0.102312  -0.18373300000000001
8531    -0.060338000000000003  0.044596999999999998  -0.20813601000000001
8532    -0.060338000000000003  0.039350999999999997  -0.210453
8533    -0.060338000000000003  0.112805  -0.17900199999999999
8534    -0.082636000000000001  0.19150600000000001  -0.14583199999999999
8535    -0.070831000000000005  0.19736500000000001  -0.14279599000000001
8536    -0.199377  -0.014878000000000001  -0.23488200000000001
8537    -0.19675300000000001  -0.036227000000000002  -0.243974
8538    -0.20200001000000001  -0.035242000000000002  -0.24350200999999999
8539    -0.086570999999999995  0.19675300000000001  -0.14349000000000001
8540    -0.093130000000000004  -0.020986999999999999  -0.23566200000000001
8541    -0.076078000000000007  -0.018363999999999998  -0.23421501
8542    -0.19413  0.093746999999999997  -0.189916
8543    -0.20200001000000001  0.080480999999999997  -0.19565300999999999
8544    -0.20200001000000001  0.091817999999999997  -0.190777
8545    -0.20200001000000001  0.099687999999999999  -0.18713399999999999
8546    -0.18626000000000001  0.111494  -0.18180499999999999
8547    -0.18888300999999999  0.12329900000000001  -0.176145
8548    -0.19675300000000001  0.123447  -0.17583199999999999
8549    -0.19675300000000001  0.105935  -0.18406101
8550    -0.20200001000000001  0.11028499999999999  -0.18232200000000001
8551    -0.20200001000000001  0.118052  -0.17895401
8552    -0.080669000000000005  0.21627500999999999  -0.13478999999999999
8553    -0.068208000000000005  0.21773999999999999  -0.13386901000000001
8554    -0.060338000000000003  0.217641  -0.13375300000000001
8555    -0.060338000000000003  0.22823399  -0.12906999999999999
8556    -0.060338000000000003  0.23610400000000001  -0.125503
8557    -0.070831000000000005  0.24286699  -0.122777
8558    -0.073455000000000006  0.23071700000000001  -0.12831699999999999
8559    -0.065584000000000003  0.20593500000000001  -0.13875100000000001
8560    -0.065584000000000003  0.18931398999999999  -0.14605399999999999
8561    -0.060338000000000003  0.20724699999999999  -0.13817599
8562    -0.060338000000000003  0.19675300000000001  -0.14263899999999999
8563    -0.060338000000000003  0.19150600000000001  -0.14491899
8564    -0.060338000000000003  0.20200001000000001  -0.140292
8565    -0.060338000000000003  0.17576601  -0.15196200000000001
8566    -0.060338000000000003  0.16925799999999999  -0.154779
8567    -0.060338000000000003  0.160026  -0.158774
8568    -0.060338000000000003  0.18101300000000001  -0.14965798999999999
8569    -0.060338000000000003  0.18626000000000001  -0.14736400999999999
8570    -0.076078000000000007  0.0078700000000000003  -0.22372800000000001
8571    -0.065584000000000003  -0.018363999999999998  -0.233679
8572    -0.066239999999999993  -0.0078700000000000003  -0.22945499
8573    -0.20200001000000001  0.062872999999999998  -0.20283498999999999
8574    -0.19413  0.051156  -0.20788001
8575    -0.199377  0.041910000000000003  -0.21151701000000001
8576    -0.20200001000000001  0.050909999999999997  -0.20766800999999999
8577    -0.20724699999999999  0.039350999999999997  -0.21239000999999999
8578    -0.20724699999999999  0.052468000000000001  -0.20721698999999999
8579    -0.20724699999999999  0.063020000000000007  -0.20306399
8580    -0.20200001000000001  -0.047024999999999997  -0.24869899000000001
8581    -0.19675300000000001  -0.050951999999999997  -0.25044899999999998
8582    -0.20068800000000001  -0.069914000000000004  -0.25872498999999999
8583    -0.20724699999999999  -0.060338000000000003  -0.25444498999999998
8584    -0.20724699999999999  -0.071679000000000007  -0.25936200999999998
8585    -0.20200001000000001  -0.086570999999999995  -0.26597600999999998
8586    -0.20724699999999999  -0.083947999999999995  -0.264768
8587    -0.18626000000000001  -0.086570999999999995  -0.26572498999999999
8588    -0.17576601  -0.097378000000000006  -0.27006998999999998
8589    -0.15740301000000001  -0.089500999999999997  -0.26607001000000002
8590    -0.137071  -0.093437999999999993  -0.26696301
8591    -0.14428600999999999  -0.076434000000000002  -0.25971401
8592    -0.131825  -0.067991999999999997  -0.25566599000000001
8593    -0.14953200999999999  -0.065292000000000003  -0.25505799000000001
8594    -0.120675  -0.078821000000000002  -0.26010900999999997
8595    -0.112805  -0.090925000000000006  -0.26535201000000003
8596    -0.099687999999999999  -0.080148999999999998  -0.26031101000000001
8597    -0.086570999999999995  -0.091601000000000002  -0.26505699999999999
8598    -0.089851  -0.102655  -0.27001500000000001
8599    -0.12329900000000001  -0.097064999999999999  -0.26815899999999998
8600    -0.093130000000000004  -0.057811000000000001  -0.25035598999999997
8601    -0.12231499999999999  -0.054653  -0.24958099
8602    -0.14428600999999999  -0.051873000000000002  -0.248862
8603    -0.107558  -0.049843999999999999  -0.24724699999999999
8604    -0.14100599  -0.043285999999999998  -0.24514
8605    -0.076078000000000007  -0.080701999999999996  -0.25971401
8606    -0.079356999999999997  -0.060722999999999999  -0.25119001000000002
8607    -0.076078000000000007  -0.049843999999999999  -0.24634500000000001
8608    -0.060338000000000003  -0.067803000000000002  -0.25351399000000002
8609    -0.060338000000000003  -0.049843999999999999  -0.24560999999999999
8610    -0.165273  -0.050389999999999997  -0.24898000000000001
8611    -0.16133800000000001  -0.041700000000000001  -0.24507301000000001
8612    -0.18232501000000001  -0.036537  -0.24368799999999999
8613    -0.14297399999999999  -0.034104000000000002  -0.241372
8614    -0.16461700000000001  -0.030419999999999999  -0.24047900999999999
8615    -0.102312  -0.028857000000000001  -0.238868
8616    -0.120347  -0.032629999999999999  -0.24047499999999999
8617    -0.095753000000000005  -0.034104000000000002  -0.24066799999999999
8618    -0.18626000000000001  -0.052027999999999998  -0.25060200999999999
8619    -0.18363599  -0.065584000000000003  -0.25649499999999997
8620    -0.165273  -0.075324000000000002  -0.26006900999999999
8621    -0.184948  -0.076078000000000007  -0.261069
8622    -0.075422000000000003  -0.037190000000000001  -0.241207
8623    -0.081324999999999995  -0.028857000000000001  -0.23832300000000001
8624    -0.074765999999999999  -0.10650800000000001  -0.271121
8625    -0.076078000000000007  -0.091817999999999997  -0.26468598999999998
8626    -0.13903899  -0.10148799999999999  -0.27059701000000003
8627    -0.071486999999999995  -0.024922  -0.236369
8628    -0.115429  -0.107558  -0.27281000999999999
8629    -0.154779  -0.11053200000000001  -0.27545500000000001
8630    -0.13379199999999999  -0.10988000000000001  -0.27434099000000001
8631    -0.15740301000000001  -0.122867  -0.28088400000000002
8632    -0.102312  -0.113179  -0.27528100999999999
8633    -0.089194999999999997  -0.113597  -0.27509201
8634    -0.12854499999999999  -0.118052  -0.27787599000000002
8635    -0.13248098999999999  -0.12329900000000001  -0.28037599000000002
8636    -0.099687999999999999  -0.12329900000000001  -0.27979999999999999
8637    -0.14953200999999999  -0.129857  -0.28358298999999998
8638    -0.20331199  -0.14221200000000001  -0.28974801
8639    -0.20200001000000001  -0.13099299  -0.28492400000000001
8640    -0.21249399999999999  -0.13630299000000001  -0.28712200999999998
8641    -0.22298699999999999  -0.14534900000000001  -0.29074900999999997
8642    -0.21249399999999999  -0.118052  -0.27952099000000002
8643    -0.20200001000000001  -0.10825799999999999  -0.27545500000000001
8644    -0.19150600000000001  -0.108502  -0.27545500000000001
8645    -0.17510999999999999  -0.121141  -0.28049998999999998
8646    -0.18888300999999999  -0.099557999999999994  -0.27135598999999999
8647    -0.204623  -0.096686999999999995  -0.270208
8648    -0.16330500000000001  -0.13903899  -0.28781300999999998
8649    -0.12592199000000001  -0.135104  -0.28534901000000001
8650    -0.112805  -0.13681599  -0.28594800999999997
8651    -0.094441999999999998  -0.13641600000000001  -0.28543600000000002
8652    -0.086570999999999995  -0.12329900000000001  -0.279387
8653    -0.078700999999999993  -0.150038  -0.29097499999999998
8654    -0.094441999999999998  -0.14924000000000001  -0.29118200999999999
8655    -0.13379199999999999  -0.14793799999999999  -0.29119500999999998
8656    -0.160026  -0.146624  -0.29119500999999998
8657    -0.108214  -0.15808  -0.29506200999999999
8658    -0.090506000000000003  -0.16026599999999999  -0.29564801000000002
8659    -0.13248098999999999  -0.162853  -0.29736599000000002
8660    -0.14756501  -0.154779  -0.29423901000000002
8661    -0.202656  -0.156333  -0.29576599999999997
8662    -0.17855399999999999  -0.15688799  -0.29567599
8663    -0.21249399999999999  -0.15794601  -0.29644199999999998
8664    -0.078700999999999993  -0.16323399999999999  -0.29644199999999998
8665    -0.102312  -0.17475199999999999  -0.30210199999999998
8666    -0.086570999999999995  -0.17463699999999999  -0.30168799000000002
8667    -0.20200001000000001  -0.17051899000000001  -0.30208200000000002
8668    -0.15937001000000001  -0.17113100000000001  -0.30154999999999998
8669    -0.13379199999999999  -0.17277300000000001  -0.30168799000000002
8670    -0.076078000000000007  -0.17576601  -0.30167100000000002
8671    -0.21511699000000001  -0.174455  -0.30362001
8672    -0.20200001000000001  -0.18216800999999999  -0.30693501000000001
8673    -0.21511699000000001  -0.18634598999999999  -0.30865400999999998
8674    -0.20987  -0.108224  -0.27533099
8675    -0.207903  -0.20281099999999999  -0.31595999000000002
8676    -0.086570999999999995  -0.18689500000000001  -0.30668299999999998
8677    -0.073455000000000006  -0.18897299000000001  -0.30691600000000002
8678    -0.063617000000000007  -0.085365999999999997  -0.26092600999999999
8679    -0.078700999999999993  -0.119363  -0.27722099
8680    -0.073455000000000006  -0.13750498999999999  -0.28493899
8681    -0.070831000000000005  -0.14953200999999999  -0.29019400000000001
8682    -0.21773999999999999  -0.072775000000000006  -0.25950300999999998
8683    -0.21773999999999999  -0.060338000000000003  -0.25416800000000001
8684    -0.21773999999999999  -0.083643999999999996  -0.26423901
8685    -0.21773999999999999  -0.097398999999999999  -0.27006998999999998
8686    -0.21773999999999999  -0.10838399999999999  -0.27509001
8687    -0.21249399999999999  -0.060338000000000003  -0.25418401000000002
8688    -0.21773999999999999  -0.052468000000000001  -0.25066799000000001
8689    -0.21249399999999999  -0.047132  -0.24819099999999999
8690    -0.21249399999999999  -0.039350999999999997  -0.244675
8691    -0.22298699999999999  -0.099686999999999998  -0.27133300999999999
8692    -0.22298699999999999  -0.107558  -0.27484598999999998
8693    -0.22298699999999999  -0.115429  -0.278115
8694    -0.21773999999999999  -0.044596999999999998  -0.24744999000000001
8695    -0.074765999999999999  -0.19911699999999999  -0.31151699999999999
8696    -0.067552000000000001  -0.19738699000000001  -0.31031998999999999
8697    -0.087801000000000004  -0.20430999999999999  -0.31422800000000001
8698    -0.112149  -0.190216  -0.30858700999999999
8699    -0.102312  -0.20038199000000001  -0.31288000999999999
8700    -0.177734  -0.18278  -0.306676
8701    -0.13379199999999999  -0.18101300000000001  -0.30496800000000002
8702    -0.13641600000000001  -0.19150600000000001  -0.30945500999999997
8703    -0.12920098999999999  -0.204927  -0.31521299000000003
8704    -0.15740301000000001  -0.19392200000000001  -0.31108599999999997
8705    -0.154779  -0.208564  -0.31742901000000001
8706    -0.14625299999999999  -0.22150201  -0.32291099000000001
8707    -0.10264  -0.21773999999999999  -0.32036599999999998
8708    -0.066895999999999997  -0.21773999999999999  -0.31961399000000001
8709    -0.105591  -0.22264600000000001  -0.32267099999999999
8710    -0.065584000000000003  -0.22823399  -0.32450699999999999
8711    -0.050500000000000003  -0.226411  -0.323293
8712    -0.165273  -0.21976601000000001  -0.32267498999999999
8713    -0.18626000000000001  -0.23056099999999999  -0.32792199
8714    -0.129857  -0.22823399  -0.32549599000000001
8715    -0.19019499000000001  -0.22086  -0.323627
8716    -0.094441999999999998  -0.22823399  -0.32490000000000002
8717    -0.20987  -0.22908798999999999  -0.32780399999999998
8718    -0.18822700000000001  -0.20707600000000001  -0.31742901000000001
8719    -0.21249399999999999  -0.21249399999999999  -0.32042398999999999
8720    -0.19872101  -0.19597299000000001  -0.31288299000000003
8721    -0.156747  -0.18318499999999999  -0.30644199
8722    -0.21773999999999999  -0.21249399999999999  -0.32035699000000001
8723    -0.220364  -0.22933400000000001  -0.32792199
8724    -0.051811999999999997  -0.213117  -0.31676301000000001
8725    -0.21642900000000001  -0.20437901  -0.31661400000000001
8726    -0.22167498999999999  -0.19544201  -0.312336
8727    -0.016396000000000001  -0.062562000000000006  -0.24843100000000001
8728    -0.019019000000000001  -0.049843999999999999  -0.24332000000000001
8729    -0.036727000000000003  -0.051135  -0.24474399999999999
8730    -0.020986999999999999  -0.032011999999999999  -0.23602298999999999
8731    -0.041318000000000001  -0.032792000000000002  -0.237516
8732    -0.054762999999999999  -0.040661999999999997  -0.24150801
8733    -0.053779  -0.068144999999999997  -0.25328698999999999
8734    -0.037383  -0.062775999999999998  -0.24981301
8735    -0.0078700000000000003  -0.047220999999999999  -0.24198499000000001
8736    -0.0026229999999999999  -0.064114000000000004  -0.248725
8737    0.00065600000000000001  -0.034104000000000002  -0.23654900000000001
8738    0.0091819999999999992  -0.048531999999999999  -0.24265
8739    0.0052469999999999999  -0.062696000000000002  -0.24824999
8740    -0.011805  -0.024922  -0.23261799999999999
8741    -0.0039350000000000001  -0.018363999999999998  -0.22949199000000001
8742    -0.018363999999999998  -0.018363999999999998  -0.229656
8743    -0.031481000000000002  -0.023563000000000001  -0.233016
8744    -0.023609999999999999  -0.018363999999999998  -0.229908
8745    -0.052468000000000001  -0.078700999999999993  -0.25737301000000001
8746    -0.21773999999999999  -0.039350999999999997  -0.24518098999999999
8747    -0.062961000000000003  -0.095582  -0.26533698999999999
8748    -0.065584000000000003  -0.107558  -0.27082699999999998
8749    -0.068208000000000005  -0.117587  -0.27565100999999997
8750    -0.001312  -0.070831000000000005  -0.25121301000000001
8751    -0.015740000000000001  -0.070831000000000005  -0.25147598999999998
8752    0.011805  -0.026234  -0.233288
8753    -0.067552000000000001  -0.16949700000000001  -0.29822299000000002
8754    -0.22298699999999999  -0.091817999999999997  -0.268206
8755    -0.22298699999999999  -0.084538000000000002  -0.26527601000000001
8756    -0.22298699999999999  -0.076078000000000007  -0.26182601
8757    0.0078700000000000003  -0.070831000000000005  -0.25135201000000001
8758    -0.023609999999999999  -0.076622999999999997  -0.25420999999999999
8759    -0.040661999999999997  -0.070831000000000005  -0.25339298999999998
8760    -0.017052000000000001  -0.076574000000000003  -0.25419398999999998
8761    -0.060338000000000003  0.249221  -0.119223
8762    -0.072142999999999999  0.25315600999999999  -0.117781
8763    -0.055091000000000001  0.25971401  -0.11427
8764    -0.055091000000000001  0.249221  -0.119115
8765    -0.095753000000000005  0.27545500000000001  -0.10760500000000001
8766    -0.093457999999999999  0.25396901  -0.117628
8767    -0.076078000000000007  0.26395699  -0.112805
8768    -0.069518999999999997  0.27545500000000001  -0.10750899999999999
8769    -0.044596999999999998  0.26378399000000002  -0.112246
8770    -0.053779  0.28594800999999997  -0.102488
8771    -0.043285999999999998  0.27676600000000001  -0.10642500000000001
8772    -0.018363999999999998  0.28594800999999997  -0.10168199999999999
8773    -0.036727000000000003  0.29644199999999998  -0.097377000000000005
8774    -0.049843999999999999  0.25971401  -0.114078
8775    -0.010166  0.28812799  -0.100646
8776    0.0026229999999999999  0.29906498999999998  -0.095894999999999994
8777    -0.015740000000000001  0.28070100999999997  -0.10377599999999999
8778    -0.023609999999999999  0.28070100999999997  -0.10391499999999999
8779    0.0052469999999999999  0.28070100999999997  -0.10377599999999999
8780    0.0078700000000000003  0.28594800999999997  -0.101622
8781    0.015740000000000001  0.28070100999999997  -0.103935
8782    0.025905999999999998  0.29381800000000002  -0.098500000000000004
8783    -0.027545  0.27519900000000003  -0.106645
8784    -0.041973999999999997  0.270208  -0.10921599999999999
8785    -0.034104000000000002  0.270208  -0.109043
8786    -0.099687999999999999  0.28594800999999997  -0.102658
8787    -0.064272999999999997  0.29119500999999998  -0.100013
8788    -0.093785999999999994  0.29119500999999998  -0.10008499999999999
8789    -0.068863999999999995  0.29644199999999998  -0.097667000000000004
8790    -0.10362300000000001  0.29644199999999998  -0.097684000000000007
8791    -0.106903  0.28070100999999997  -0.104975
8792    -0.13379199999999999  0.28332499  -0.103422
8793    -0.13379199999999999  0.29119500999999998  -0.099627999999999994
8794    -0.023609999999999999  0.30693501000000001  -0.092437000000000005
8795    -0.079685000000000006  0.30168799000000002  -0.095130999999999993
8796    -0.083292000000000005  0.30693501000000001  -0.092688999999999994
8797    -0.110182  0.30431198999999998  -0.093896999999999994
8798    0.025578  0.30693501000000001  -0.092523999999999995
8799    0.070831000000000005  0.29119500999999998  -0.100046
8800    0.105591  0.29119500999999998  -0.100088
8801    0.088539000000000007  0.29644199999999998  -0.097751000000000005
8802    0.052468000000000001  0.29644199999999998  -0.097557000000000005
8803    -0.095753000000000005  0.21773999999999999  -0.134239
8804    -0.120675  0.220364  -0.13292799999999999
8805    -0.13379199999999999  0.220364  -0.13292000000000001
8806    -0.13379199999999999  0.23348099999999999  -0.12680900000000001
8807    -0.16396099  0.221774  -0.13235400999999999
8808    -0.160026  0.24659701000000001  -0.121027
8809    -0.13903899  0.23872699999999999  -0.124485
8810    -0.13248098999999999  0.25136700000000001  -0.118616
8811    -0.15018799999999999  0.25407699  -0.117424
8812    -0.13379199999999999  0.264961  -0.112121
8813    -0.15609100000000001  0.26233801000000001  -0.113537
8814    -0.13379199999999999  0.270208  -0.10968899999999999
8815    -0.11247699999999999  0.23682401  -0.12547299000000001
8816    -0.092474000000000001  0.242507  -0.123069
8817    -0.118052  0.26233801000000001  -0.113561
8818    -0.154779  0.28721099999999999  -0.101508
8819    -0.15740301000000001  0.270208  -0.10975699999999999
8820    -0.154779  0.29906498999999998  -0.095971000000000001
8821    -0.13444801000000001  0.29906498999999998  -0.096008999999999997
8822    -0.154779  0.31086998999999998  -0.090507000000000004
8823    -0.13903899  0.31218201000000001  -0.089837
8824    -0.13772701000000001  0.320052  -0.086216000000000001
8825    -0.154779  0.32529899000000001  -0.083770999999999998
8826    -0.13903899  0.32792199  -0.082519999999999996
8827    -0.154779  0.33972701  -0.076747999999999997
8828    -0.11870799999999999  0.33579200999999997  -0.078772999999999996
8829    -0.121987  0.34366198999999997  -0.075014999999999998
8830    -0.097721000000000002  0.34366198999999997  -0.075068999999999997
8831    -0.087063000000000001  0.33284100999999999  -0.080201999999999996
8832    -0.044596999999999998  0.33579200999999997  -0.078713000000000005
8833    -0.048531999999999999  0.34253800000000001  -0.075541999999999998
8834    -0.035416000000000003  0.35322200999999998  -0.070366999999999999
8835    -0.091981999999999994  0.34973600999999999  -0.072048000000000001
8836    -0.123955  0.35415598999999998  -0.069794999999999996
8837    -0.14953200999999999  0.34366198999999997  -0.074955999999999995
8838    -0.14953200999999999  0.35415598999999998  -0.069720000000000004
8839    -0.091817999999999997  0.35415598999999998  -0.069908999999999999
8840    -0.0078700000000000003  0.34366198999999997  -0.075205999999999995
8841    -0.0026229999999999999  0.33841600999999999  -0.077580999999999997
8842    0.038039000000000003  0.34366198999999997  -0.075015999999999999
8843    -0.076078000000000007  0.32792199  -0.082627999999999993
8844    -0.012133  0.32792199  -0.082635
8845    0.038039000000000003  0.32792199  -0.082599000000000006
8846    0.020986999999999999  0.32267498999999999  -0.085060999999999998
8847    0.023609999999999999  0.31742901000000001  -0.087586999999999998
8848    0.067224000000000006  0.32529899000000001  -0.083752999999999994
8849    0.072142999999999999  0.314805  -0.088803000000000007
8850    0.091817999999999997  0.31742901000000001  -0.087695999999999996
8851    0.097064999999999999  0.30693501000000001  -0.092791999999999999
8852    0.12854499999999999  0.30772999000000001  -0.092212000000000002
8853    0.110182  0.29775300999999998  -0.097042000000000003
8854    0.13379199999999999  0.29430199000000001  -0.098525000000000001
8855    0.063617000000000007  0.30469400000000002  -0.093635999999999997
8856    0.020659  0.31218201000000001  -0.089969999999999994
8857    -0.035088000000000001  0.314805  -0.088745000000000004
8858    -0.102312  0.31218201000000001  -0.090116000000000002
8859    -0.08362  0.31742901000000001  -0.087639999999999996
8860    -0.110182  0.31742901000000001  -0.087683999999999998
8861    0.14690900000000001  0.30904299000000002  -0.091591000000000006
8862    0.12133099999999999  0.31847199999999998  -0.087090000000000001
8863    0.14690900000000001  0.31953000999999998  -0.086577000000000001
8864    0.12329900000000001  0.32792199  -0.082542000000000004
8865    0.10001599999999999  0.32454300000000003  -0.084243999999999999
8866    0.092801999999999996  0.33182001  -0.080647999999999997
8867    0.056403000000000002  0.33244899  -0.080279000000000003
8868    0.071486999999999995  0.34366198999999997  -0.074936000000000003
8869    0.105591  0.34366198999999997  -0.074963000000000002
8870    0.097064999999999999  0.35415598999999998  -0.069887000000000005
8871    0.049188000000000003  0.35415598999999998  -0.069817000000000004
8872    0.0098379999999999995  0.34890898999999997  -0.072525999999999993
8873    0.0065579999999999996  0.35415598999999998  -0.070029999999999995
8874    -0.017052000000000001  0.35415598999999998  -0.070036000000000001
8875    0.121987  0.35415598999999998  -0.069776000000000005
8876    0.12854499999999999  0.34170498999999999  -0.075800000000000006
8877    0.14690900000000001  0.34366198999999997  -0.074815000000000006
8878    0.14690900000000001  0.35415598999999998  -0.069664000000000004
8879    0.14690900000000001  0.33046001000000003  -0.081223000000000004
8880    0.14690900000000001  0.33841600999999999  -0.077241000000000004
8881    0.15084399000000001  0.28625199000000001  -0.102312
8882    0.13051299999999999  0.28157200999999998  -0.104658
8883    0.14690900000000001  0.270208  -0.110249
8884    0.115429  0.26758399999999999  -0.111267
8885    0.104935  0.28070100999999997  -0.105133
8886    0.089194999999999997  0.27545500000000001  -0.10771500000000001
8887    0.160026  0.28070100999999997  -0.104893
8888    0.15740301000000001  0.29775300999999998  -0.096624000000000002
8889    0.16396099  0.27268999999999999  -0.10870100000000001
8890    -0.049843999999999999  0.32267498999999999  -0.084970000000000004
8891    -0.090178999999999995  0.32267498999999999  -0.085081000000000004
8892    0.154779  0.320052  -0.086041999999999993
8893    0.097064999999999999  0.28594800999999997  -0.10279099999999999
8894    0.066895999999999997  0.28332499  -0.103795
8895    0.033447999999999999  0.28463599000000001  -0.102858
8896    -0.16789599999999999  0.24594199999999999  -0.121131
8897    -0.17051899000000001  0.22512101000000001  -0.13064601000000001
8898    0.0078700000000000003  -0.018363999999999998  -0.22947799999999999
8899    -0.22298699999999999  -0.12329900000000001  -0.28133198999999998
8900    -0.22298699999999999  -0.13655300000000001  -0.28686499999999998
8901    0.089851  0.26600098999999999  -0.112012
8902    0.049843999999999999  0.270208  -0.109696
8903    0.040661999999999997  0.27530101000000001  -0.107253
8904    0.070831000000000005  0.25446798999999998  -0.11697100000000001
8905    0.091817999999999997  0.25446798999999998  -0.11722100000000001
8906    0.12854499999999999  0.25709099000000002  -0.116106
8907    0.15346799999999999  0.23636199999999999  -0.12579601000000001
8908    0.15740301000000001  0.25971401  -0.115187
8909    0.13116901  0.24659701000000001  -0.120933
8910    0.12854499999999999  0.23348099999999999  -0.126946
8911    0.14690900000000001  0.21940399999999999  -0.133683
8912    0.118216  0.221882  -0.132379
8913    0.093130000000000004  0.24620400000000001  -0.121101
8914    0.096737000000000004  0.23679800000000001  -0.12545899999999999
8915    0.10624699999999999  0.20724999999999999  -0.13907699000000001
8916    0.135104  0.20725299  -0.13914098999999999
8917    0.165273  0.21249399999999999  -0.13680500000000001
8918    0.16658400000000001  0.19888499000000001  -0.14280999999999999
8919    0.14953200999999999  0.19675300000000001  -0.14375599999999999
8920    0.129857  0.19675300000000001  -0.14362800000000001
8921    0.17051899000000001  0.18778898999999999  -0.14783499999999999
8922    0.15018799999999999  0.18363599  -0.14968200000000001
8923    0.11870799999999999  0.18363599  -0.149534
8924    0.11346100000000001  0.17314299999999999  -0.154164
8925    0.102312  0.18101300000000001  -0.15077699999999999
8926    0.15215600000000001  0.17183100000000001  -0.15500700000000001
8927    0.17314299999999999  0.17364199  -0.154282
8928    0.17248701  0.15525800000000001  -0.16266
8929    0.095753000000000005  0.19413  -0.14487800000000001
8930    0.097064999999999999  0.21773999999999999  -0.13431499999999999
8931    0.072142999999999999  0.23085700000000001  -0.128104
8932    0.081324999999999995  0.21037900000000001  -0.137464
8933    0.062961000000000003  0.22940899000000001  -0.12854499999999999
8934    0.060338000000000003  0.21773999999999999  -0.13362101000000001
8935    0.055091000000000001  0.23125701000000001  -0.12749199999999999
8936    0.070175000000000001  0.194269  -0.14428299999999999
8937    0.082636000000000001  0.19413  -0.144705
8938    0.083947999999999995  0.18101300000000001  -0.15061399
8939    0.073455000000000006  0.18101300000000001  -0.150306
8940    0.068208000000000005  0.241781  -0.122973
8941    0.097392999999999993  0.16920800999999999  -0.15585399999999999
8942    0.097064999999999999  0.13681099999999999  -0.16989499
8943    0.111494  0.15143098999999999  -0.16367100000000001
8944    0.090506000000000003  0.16123401000000001  -0.159244
8945    0.121987  0.165273  -0.15759799999999999
8946    0.13772701000000001  0.165273  -0.15773100000000001
8947    0.129857  0.131823  -0.17238300000000001
8948    0.13739899999999999  0.14993601000000001  -0.16456100000000001
8949    0.14822099999999999  0.13748900999999999  -0.17025599999999999
8950    0.11608400000000001  0.11886099999999999  -0.17805301000000001
8951    0.13067699999999999  0.099964999999999998  -0.18659700000000001
8952    0.14461399999999999  0.114117  -0.18058299999999999
8953    0.091326000000000004  0.117008  -0.178624
8954    0.097064999999999999  0.097064999999999999  -0.18762298999999999
8955    0.099687999999999999  0.075662999999999994  -0.19670599999999999
8956    0.110182  0.087454000000000004  -0.19188499000000001
8957    0.070831000000000005  0.054260000000000003  -0.20482001
8958    0.088539000000000007  0.053671000000000003  -0.205431
8959    0.068208000000000005  0.074318999999999996  -0.19655199000000001
8960    0.083947999999999995  0.074952000000000005  -0.19675300000000001
8961    0.07739  0.086636000000000005  -0.19172500000000001
8962    0.073455000000000006  0.097064999999999999  -0.18709700000000001
8963    0.074765999999999999  0.111142  -0.18083299999999999
8964    0.080013000000000001  0.140267  -0.16799800000000001
8965    0.17051899000000001  0.120687  -0.17841699999999999
8966    0.174455  0.104279  -0.18576100000000001
8967    0.160026  0.094357999999999997  -0.189697
8968    0.18101300000000001  0.083947999999999995  -0.194774
8969    0.17051899000000001  0.080048999999999995  -0.196219
8970    0.14690900000000001  0.077171000000000003  -0.19675300000000001
8971    0.13903899  0.089122999999999994  -0.19150600000000001
8972    0.17314299999999999  0.13379199999999999  -0.17258800999999999
8973    0.15937001000000001  0.14687800000000001  -0.16631099999999999
8974    0.13969500000000001  0.264961  -0.112576
8975    0.072142999999999999  0.15814500000000001  -0.15992600000000001
8976    0.069518999999999997  0.14690900000000001  -0.16463099
8977    0.070831000000000005  0.12779499999999999  -0.17314299999999999
8978    0.060338000000000003  0.16216700000000001  -0.15748899999999999
8979    0.060338000000000003  0.13641600000000001  -0.168604
8980    0.060338000000000003  0.12253799999999999  -0.17475399
8981    0.065584000000000003  0.097064999999999999  -0.18670200000000001
8982    0.060338000000000003  0.107558  -0.18158901
8983    0.060338000000000003  0.18101300000000001  -0.14956599000000001
8984    0.060338000000000003  0.20220999000000001  -0.14027500000000001
8985    0.16264901000000001  0.241726  -0.12329900000000001
8986    0.165273  0.224776  -0.13106801000000001
8987    0.165273  0.25118499999999999  -0.11897199999999999
8988    0.060338000000000003  0.085890999999999995  -0.19121600999999999
8989    0.060338000000000003  0.076078000000000007  -0.19534699999999999
8990    0.055091000000000001  0.19301700999999999  -0.14428600999999999
8991    0.055091000000000001  0.20521399000000001  -0.13903899
8992    0.055091000000000001  0.21760099999999999  -0.13373499999999999
8993    0.18363599  0.096328999999999998  -0.18930900000000001
8994    0.18101300000000001  0.111774  -0.18251200000000001
8995    0.055091000000000001  0.156277  -0.160026
8996    0.055091000000000001  0.17576601  -0.151834
8997    0.055091000000000001  0.18116499  -0.14953200999999999
8998    0.055091000000000001  0.18626000000000001  -0.14734501
8999    0.055091000000000001  0.16703799  -0.15549399999999999
9000    0.160026  0.270208  -0.110164
9001    0.055091000000000001  0.13197500000000001  -0.17051899000000001
9002    0.055091000000000001  0.12016300000000001  -0.17576601
9003    0.055091000000000001  0.13903899  -0.16739000000000001
9004    0.055091000000000001  0.14953200999999999  -0.16290499
9005    0.055091000000000001  0.14402100000000001  -0.165273
9006    0.18101300000000001  0.13139400000000001  -0.17358399999999999
9007    0.18101300000000001  0.18626000000000001  -0.14820901
9008    0.18101300000000001  0.19356698999999999  -0.144729
9009    0.18101300000000001  0.17725199  -0.15232999999999999
9010    0.17707798999999999  0.16264901000000001  -0.159189
9011    0.18101300000000001  0.14934900000000001  -0.16519199000000001
9012    0.17051899000000001  0.219052  -0.13355400000000001
9013    0.18101300000000001  0.204623  -0.13969500000000001
9014    0.083947999999999995  0.034104000000000002  -0.213783
9015    0.073455000000000006  0.032135999999999998  -0.214334
9016    0.18626000000000001  0.18363599  -0.14948700000000001
9017    0.18626000000000001  0.17314299999999999  -0.15418100000000001
9018    0.055091000000000001  0.112805  -0.17918899999999999
9019    0.055091000000000001  0.108738  -0.18101300000000001
9020    0.055091000000000001  0.102312  -0.18398598999999999
9021    0.055091000000000001  0.083205000000000001  -0.19227900000000001
9022    0.055091000000000001  0.091817999999999997  -0.18859600000000001
9023    0.055091000000000001  0.072535000000000002  -0.19675300000000001
9024    0.055091000000000001  0.065584000000000003  -0.19963101
9025    0.060338000000000003  0.049843999999999999  -0.206038
9026    0.055091000000000001  0.059773  -0.20200001000000001
9027    0.055091000000000001  0.047063000000000001  -0.20724699999999999
9028    0.055091000000000001  0.039350999999999997  -0.21048699000000001
9029    0.060338000000000003  0.031578000000000002  -0.21361200999999999
9030    0.055091000000000001  0.097170000000000006  -0.18626000000000001
9031    0.028857000000000001  0.273785  -0.107558
9032    0.028857000000000001  0.270208  -0.109191
9033    0.036727000000000003  0.26758399999999999  -0.110456
9034    0.049843999999999999  0.25083499999999997  -0.118052
9035    0.055091000000000001  0.26311298999999999  -0.112805
9036    0.044596999999999998  0.26114400999999998  -0.11339299999999999
9037    0.055091000000000001  0.24201500000000001  -0.122348
9038    0.18626000000000001  0.076078000000000007  -0.19802
9039    0.19150600000000001  0.081324999999999995  -0.19562099999999999
9040    0.19675300000000001  0.078700999999999993  -0.19658600000000001
9041    0.19675300000000001  0.091817999999999997  -0.191109
9042    0.18101300000000001  0.068208000000000005  -0.20127100000000001
9043    0.18626000000000001  0.044596999999999998  -0.21088499999999999
9044    0.18626000000000001  0.061580000000000003  -0.20389599999999999
9045    0.096408999999999995  0.034104000000000002  -0.21384600000000001
9046    0.135104  0.055091000000000001  -0.205314
9047    0.10264  0.063900999999999999  -0.20140400999999999
9048    0.119364  0.070831000000000005  -0.19877
9049    0.14625299999999999  0.069377999999999995  -0.199819
9050    0.13248098999999999  0.038039000000000003  -0.21234301
9051    0.11083800000000001  0.044352999999999997  -0.20955299999999999
9052    0.14641700999999999  -0.0011670000000000001  -0.22855701
9053    0.131825  0.0064229999999999999  -0.22529099999999999
9054    0.13116901  -0.0050150000000000004  -0.22996800000000001
9055    0.13379199999999999  -0.013613999999999999  -0.23348099999999999
9056    0.093130000000000004  -0.012115000000000001  -0.23257000999999999
9057    0.16117400000000001  -0.0062249999999999996  -0.23092600999999999
9058    0.19019499000000001  -0.0084580000000000002  -0.232261
9059    0.17510999999999999  0.013117  -0.22332399999999999
9060    0.14756501  0.011741  -0.22331699999999999
9061    0.14690900000000001  0.029735999999999999  -0.21593300000000001
9062    0.13379199999999999  0.026530000000000001  -0.21703701
9063    0.16920800999999999  0.042118999999999997  -0.21160200000000001
9064    0.174455  0.056776  -0.20577498999999999
9065    0.17838999999999999  0.035680999999999997  -0.214366
9066    0.16920800999999999  0.067684999999999995  -0.20116401
9067    0.114773  0.023467999999999999  -0.21821401000000001
9068    0.099031999999999995  0.0088520000000000005  -0.22423299999999999
9069    0.097064999999999999  -0.001799  -0.22856600999999999
9070    0.086570999999999995  -0.0019729999999999999  -0.22849099
9071    0.076078000000000007  0.023609999999999999  -0.21783499000000001
9072    0.076078000000000007  -0.0022009999999999998  -0.22823399
9073    0.18888300999999999  0.016396000000000001  -0.22195999
9074    0.18363599  0.024454  -0.21879699999999999
9075    0.18396399999999999  -0.016514999999999998  -0.23560998999999999
9076    0.20003199999999999  -0.0264  -0.23979400000000001
9077    0.20200001000000001  -0.010494  -0.23288400000000001
9078    0.19413  0.001312  -0.228074
9079    0.20200001000000001  0.010395  -0.22394601
9080    0.19675300000000001  0.026234  -0.217582
9081    0.20200001000000001  0.023609999999999999  -0.21846201000000001
9082    0.20200001000000001  -0  -0.22838998999999999
9083    0.20724699999999999  -0.010494  -0.23300699999999999
9084    0.19281799999999999  -0.038695  -0.245198
9085    0.20724699999999999  -0.043285999999999998  -0.247171
9086    0.20724699999999999  -0.057313000000000003  -0.25347501
9087    0.19675300000000001  -0.060338000000000003  -0.25495201000000001
9088    0.20724699999999999  -0.026234  -0.239676
9089    0.20724699999999999  -0.073679999999999995  -0.26056900999999999
9090    0.19675300000000001  -0.07152  -0.25971401
9091    0.20200001000000001  -0.083414000000000002  -0.264961
9092    0.21249399999999999  -0.083947999999999995  -0.26506700999999999
9093    0.21249399999999999  -0.071164000000000005  -0.25958499000000002
9094    0.21249399999999999  -0.097064999999999999  -0.27053898999999998
9095    0.199377  -0.095908999999999994  -0.270208
9096    0.21249399999999999  -0.107558  -0.27524199999999999
9097    0.19675300000000001  -0.10774  -0.27545500000000001
9098    0.199377  -0.112805  -0.27762400999999998
9099    0.17248701  -0.094465999999999994  -0.26896900000000001
9100    0.16822401000000001  -0.025675  -0.23905498999999999
9101    0.14166200000000001  -0.023609999999999999  -0.23752999
9102    0.14297399999999999  -0.034104000000000002  -0.24183199999999999
9103    0.12329900000000001  -0.034104000000000002  -0.24146699999999999
9104    0.097064999999999999  -0.026234  -0.238069
9105    0.093130000000000004  -0.034104000000000002  -0.241034
9106    0.080013000000000001  -0.031481000000000002  -0.23966799999999999
9107    0.080013000000000001  -0.020986999999999999  -0.235651
9108    0.062961000000000003  -0.018363999999999998  -0.23391099000000001
9109    0.064272999999999997  -0.026234  -0.236955
9110    0.065584000000000003  -0.034104000000000002  -0.24002399999999999
9111    0.055091000000000001  -0.039350999999999997  -0.24150000999999999
9112    0.052468000000000001  -0.018363999999999998  -0.233181
9113    0.065584000000000003  -0.0072139999999999999  -0.229578
9114    0.070831000000000005  0.0078700000000000003  -0.22376399999999999
9115    0.19150600000000001  -0.085027000000000005  -0.26550800000000002
9116    0.1515  -0.086453000000000002  -0.26502999999999999
9117    0.14166200000000001  -0.091817999999999997  -0.26692101000000001
9118    0.17314299999999999  -0.074450000000000002  -0.26044499999999998
9119    0.15084399000000001  -0.078248999999999999  -0.26139799000000002
9120    0.116412  -0.077435000000000004  -0.26021000999999999
9121    0.110182  -0.088258000000000003  -0.26487200999999999
9122    0.091817999999999997  -0.078700999999999993  -0.26034001000000001
9123    0.083947999999999995  -0.089678999999999995  -0.264961
9124    0.097064999999999999  -0.097064999999999999  -0.26835798999999999
9125    0.081324999999999995  -0.097064999999999999  -0.26795598999999998
9126    0.118052  -0.097064999999999999  -0.26862599999999998
9127    0.095097000000000001  -0.068058999999999995  -0.25574499000000001
9128    0.115429  -0.064850000000000005  -0.25478499999999998
9129    0.114117  -0.044596999999999998  -0.24580599
9130    0.090506000000000003  -0.049843999999999999  -0.24751601000000001
9131    0.070831000000000005  -0.060338000000000003  -0.25133601
9132    0.076078000000000007  -0.049843999999999999  -0.246952
9133    0.13903899  -0.054186999999999999  -0.25055701000000002
9134    0.13379199999999999  -0.044596999999999998  -0.24613800999999999
9135    0.13903899  -0.062875  -0.25446798999999998
9136    0.17051899000000001  -0.060498000000000003  -0.25440899
9137    0.181669  -0.043285999999999998  -0.24702499999999999
9138    0.13264400000000001  -0.073181999999999997  -0.25872498999999999
9139    0.142318  -0.099463999999999997  -0.270208
9140    0.091817999999999997  -0.107558  -0.27288699
9141    0.13444801000000001  -0.10986899999999999  -0.27468600999999998
9142    0.154779  -0.11146300000000001  -0.27604800000000002
9143    0.12723400000000001  -0.121987  -0.27984899000000002
9144    0.15871399999999999  -0.12461  -0.28176001000000001
9145    0.17248701  -0.11630500000000001  -0.27855300999999999
9146    0.19675300000000001  -0.133128  -0.28594800999999997
9147    0.15740301000000001  -0.13443799000000001  -0.28587299999999999
9148    0.13379199999999999  -0.13903899  -0.28729701000000002
9149    0.095753000000000005  -0.137713  -0.28613098999999997
9150    0.094441999999999998  -0.12329900000000001  -0.27996599999999999
9151    0.121987  -0.109947  -0.27444801000000002
9152    0.089194999999999997  -0.112984  -0.27537400000000001
9153    0.20200001000000001  -0.14479800000000001  -0.29119500999999998
9154    0.204623  -0.13319001  -0.28594800999999997
9155    0.21773999999999999  -0.14690900000000001  -0.29189301000000001
9156    0.21249399999999999  -0.13347600000000001  -0.28594800999999997
9157    0.21249399999999999  -0.120675  -0.28067799999999998
9158    0.21773999999999999  -0.13379199999999999  -0.286163
9159    0.165273  -0.14580999  -0.29119500999999998
9160    0.18691599  -0.14953200999999999  -0.29308000000000001
9161    0.12133099999999999  -0.14833599  -0.29128101000000001
9162    0.086570999999999995  -0.149312  -0.29119500999999998
9163    0.076078000000000007  -0.13875999999999999  -0.28607100000000002
9164    0.073455000000000006  -0.12329900000000001  -0.27932000000000001
9165    0.076078000000000007  -0.114216  -0.27545500000000001
9166    0.21773999999999999  -0.15740301000000001  -0.29636201000000001
9167    0.20331199  -0.15703800000000001  -0.29630299999999998
9168    0.16888  -0.156974  -0.29589999
9169    0.13903899  -0.154779  -0.29425201000000001
9170    0.115429  -0.16097  -0.29644199999999998
9171    0.091162000000000007  -0.15993699  -0.29570600000000002
9172    0.076078000000000007  -0.161331  -0.29590401
9173    0.091817999999999997  -0.17369200000000001  -0.30168799000000002
9174    0.13772701000000001  -0.17295299  -0.30202401000000001
9175    0.16264901000000001  -0.17074800000000001  -0.30169800000000002
9176    0.184948  -0.170379  -0.30190599000000001
9177    0.204623  -0.169983  -0.30191401000000001
9178    0.21773999999999999  -0.167495  -0.30074400000000001
9179    0.078700999999999993  -0.1749  -0.30184298999999998
9180    0.21773999999999999  -0.18570900000000001  -0.30832999999999999
9181    0.19150600000000001  0.10362300000000001  -0.18571699999999999
9182    0.18626000000000001  0.11040700000000001  -0.18293400000000001
9183    0.202656  -0.18101500000000001  -0.30638599
9184    0.16297700000000001  -0.18321601000000001  -0.30672801
9185    0.11870799999999999  -0.18101300000000001  -0.30495599000000001
9186    0.12461  -0.19150600000000001  -0.30945500999999997
9187    0.15904199999999999  -0.19381799999999999  -0.31110501000000002
9188    0.19150600000000001  -0.19367300000000001  -0.31161000999999999
9189    0.20593500000000001  -0.19623899  -0.31283799000000001
9190    0.22298699999999999  -0.19675300000000001  -0.31307500999999999
9191    0.22298699999999999  -0.18363599  -0.30752500999999999
9192    0.22298699999999999  -0.20724699999999999  -0.31774100999999999
9193    0.20200001000000001  -0.20711499  -0.31749000999999999
9194    0.16330500000000001  -0.20200001000000001  -0.31466298999999998
9195    0.15609100000000001  -0.209039  -0.31764099000000001
9196    0.19150700000000001  -0.21915699999999999  -0.32267498999999999
9197    0.21249399999999999  -0.21809298999999999  -0.32267498999999999
9198    0.14658098999999999  -0.22048699999999999  -0.32267498999999999
9199    0.112805  -0.20724699999999999  -0.31619501
9200    0.086570999999999995  -0.22201199999999999  -0.32267498999999999
9201    0.090833999999999998  -0.20873900000000001  -0.31663798999999998
9202    0.068208000000000005  -0.20968300000000001  -0.31650600000000001
9203    0.070831000000000005  -0.222688  -0.32267498999999999
9204    0.098377000000000006  -0.19487201000000001  -0.31068400000000002
9205    0.083947999999999995  -0.19884001000000001  -0.31218201000000001
9206    0.088210999999999998  -0.18301301  -0.30543598999999999
9207    0.22298699999999999  -0.21773999999999999  -0.32263999999999998
9208    0.22298699999999999  -0.23166201  -0.32877099999999998
9209    0.204623  -0.23064101000000001  -0.32792199
9210    0.181669  -0.23003000000000001  -0.32715698999999998
9211    0.12592199000000001  -0.22823399  -0.32574399999999998
9212    0.095424999999999996  -0.23077300000000001  -0.32660099999999997
9213    0.060994  -0.22823399  -0.32489201000000001
9214    0.22298699999999999  -0.16789599999999999  -0.30117199
9215    0.072142999999999999  -0.183391  -0.30508300999999999
9216    0.064272999999999997  -0.200101  -0.31200900999999998
9217    0.048531999999999999  -0.21417899000000001  -0.31782698999999998
9218    0.045253000000000002  -0.22404700999999999  -0.32259800999999999
9219    0.038039000000000003  -0.22823399  -0.32431999
9220    0.018363999999999998  -0.031481000000000002  -0.23591999999999999
9221    0.020986999999999999  -0.058687999999999997  -0.247284
9222    0.031481000000000002  -0.039350999999999997  -0.23980599999999999
9223    0.035416000000000003  -0.023539999999999998  -0.23380999
9224    0.055746999999999998  -0.049843999999999999  -0.245785
9225    0.031481000000000002  -0.055091000000000001  -0.24637701000000001
9226    0.027545  -0.073455000000000006  -0.25380701
9227    0.015740000000000001  -0.062493  -0.24859101
9228    0.19314601000000001  -0.24090400000000001  -0.33246799999999999
9229    0.21773999999999999  -0.121987  -0.28143900999999999
9230    0.039350999999999997  0.26253900000000002  -0.112805
9231    0.075422000000000003  -0.076296000000000003  -0.25868899000000001
9232    0.076078000000000007  -0.065584000000000003  -0.25404599
9233    0.070831000000000005  -0.090967999999999993  -0.264961
9234    0.22823399  -0.228769  -0.32770100000000002
9235    -0.22823399  -0.19806499999999999  -0.31334098999999999
9236    -0.22823399  -0.18363599  -0.306979
9237    -0.22298699999999999  -0.18348201  -0.30693501000000001
9238    -0.22823399  -0.16789599999999999  -0.30050000999999998
9239    -0.22298699999999999  -0.16797999999999999  -0.30044799999999999
9240    -0.22823399  -0.15701499999999999  -0.29588899000000002
9241    -0.22298699999999999  -0.15896099999999999  -0.29644199999999998
9242    -0.22823399  -0.22051399999999999  -0.32363998999999999
9243    -0.22823399  -0.23126499  -0.32861899999999999
9244    0.14494199999999999  -0.23561299999999999  -0.32936999
9245    0.073455000000000006  -0.23872699999999999  -0.33013499000000002
9246    0.044105999999999999  -0.236037  -0.328345
9247    0.174455  -0.24334900000000001  -0.33346501000000001
9248    0.14002299000000001  -0.243671  -0.333312
9249    0.10100000000000001  -0.24420001  -0.33316900999999999
9250    0.071815000000000004  -0.24480399  -0.33316900999999999
9251    0.031481000000000002  -0.24591199999999999  -0.33316900999999999
9252    0.016396000000000001  -0.23552200000000001  -0.32741799999999999
9253    0.001312  -0.24664  -0.33313301000000001
9254    0.0052469999999999999  -0.225187  -0.32152900000000001
9255    -0.0052469999999999999  -0.22767200000000001  -0.32277599000000001
9256    0.19019499000000001  -0.25709099000000002  -0.33988499999999999
9257    0.093130000000000004  -0.25751700999999999  -0.33934101
9258    0.12329900000000001  -0.25971401  -0.340673
9259    0.16133800000000001  -0.25381500000000001  -0.33821201000000001
9260    0.041973999999999997  -0.25971401  -0.33989598999999998
9261    -0.0026229999999999999  -0.26233801000000001  -0.34079598999999999
9262    0.18626000000000001  0.159996  -0.16001301000000001
9263    -0.22823399  -0.20728999000000001  -0.31742901000000001
9264    -0.23348099999999999  -0.22040001000000001  -0.32375100000000001
9265    -0.23348099999999999  -0.231234  -0.32863101
9266    -0.23348099999999999  -0.20961500999999999  -0.31895100999999998
9267    -0.160026  0.28841098999999998  -0.100813
9268    -0.160026  0.31218201000000001  -0.089619000000000004
9269    0.20724699999999999  -0  -0.22861500000000001
9270    0.065584000000000003  -0.15046300000000001  -0.29079100000000002
9271    0.065584000000000003  -0.139681  -0.28594800999999997
9272    0.066895999999999997  -0.105432  -0.27085199999999998
9273    0.062961000000000003  -0.11609  -0.27545500000000001
9274    0.062961000000000003  -0.12526399999999999  -0.279497
9275    0.21773999999999999  -0.249221  -0.33706301
9276    0.21249399999999999  -0.24101201  -0.33316900999999999
9277    0.22823399  -0.24135098999999999  -0.33353701000000002
9278    -0.19150600000000001  0.170793  -0.154779
9279    -0.19150600000000001  0.183972  -0.14879498999999999
9280    -0.19150600000000001  0.13459600999999999  -0.17088200000000001
9281    -0.19150600000000001  0.14690900000000001  -0.16536100000000001
9282    -0.19150600000000001  0.15740301000000001  -0.16069899000000001
9283    -0.19675300000000001  0.14428600999999999  -0.16651099999999999
9284    -0.19675300000000001  0.13641600000000001  -0.17000799999999999
9285    -0.19675300000000001  0.14953200999999999  -0.164434
9286    -0.19675300000000001  0.154779  -0.162138
9287    0.015740000000000001  -0.018363999999999998  -0.22973399999999999
9288    0.21773999999999999  -0.102312  -0.27339801000000002
9289    0.21773999999999999  -0.094441999999999998  -0.27004600000000001
9290    -0.18626000000000001  0.188913  -0.14647399999999999
9291    -0.19150600000000001  0.194686  -0.14387900000000001
9292    -0.19150600000000001  0.20200001000000001  -0.14056600999999999
9293    0.065584000000000003  0.036727000000000003  -0.21201301
9294    0.070831000000000005  0.020868000000000001  -0.21862100000000001
9295    0.055091000000000001  0.028857000000000001  -0.21421999999999999
9296    0.055091000000000001  0.034167000000000003  -0.21249399999999999
9297    -0.17576601  0.21248898999999999  -0.13628299999999999
9298    -0.114117  -0.23384801  -0.32792199
9299    -0.062961000000000003  -0.23872699999999999  -0.32965401
9300    -0.099687999999999999  -0.23872699999999999  -0.33010699999999998
9301    -0.028857000000000001  -0.236926  -0.32809901000000002
9302    -0.1515  -0.23556600999999999  -0.32961401000000001
9303    -0.097721000000000002  -0.24435000000000001  -0.33301401000000003
9304    -0.072470999999999994  -0.24459399000000001  -0.33287098999999998
9305    -0.024922  -0.24574301000000001  -0.33281000999999999
9306    -0.024594000000000001  -0.22693000999999999  -0.32270500000000002
9307    -0.14297399999999999  -0.24371198999999999  -0.33362401000000003
9308    -0.177734  -0.24264599000000001  -0.33385301000000001
9309    -0.19413  -0.243974  -0.33478299
9310    -0.21249399999999999  -0.243974  -0.33522998999999998
9311    -0.047220999999999999  -0.219052  -0.31948199999999999
9312    -0.220364  -0.243974  -0.33521100999999998
9313    -0.22823399  -0.23954500000000001  -0.33276999000000002
9314    -0.23348099999999999  -0.23872699999999999  -0.33234501
9315    -0.21249299999999999  -0.26245900999999999  -0.34379800999999999
9316    -0.220364  -0.270208  -0.34748599000000002
9317    -0.20987  -0.27255201000000001  -0.34855398999999998
9318    -0.22298699999999999  -0.28594800999999997  -0.35470798999999997
9319    -0.20855799  -0.28594800999999997  -0.35469498999999999
9320    -0.22298699999999999  -0.26166999000000002  -0.34340799
9321    -0.23348099999999999  -0.25446798999999998  -0.33972701
9322    -0.21249399999999999  -0.29119500999999998  -0.35695698999999997
9323    -0.18626000000000001  -0.28594800999999997  -0.354296
9324    -0.154451  -0.29119500999999998  -0.35615500999999999
9325    -0.156747  -0.28594800999999997  -0.35388401000000003
9326    -0.097064999999999999  -0.28795200999999998  -0.35386299999999998
9327    -0.18626000000000001  -0.29749501  -0.35940301000000002
9328    -0.154779  -0.29828399  -0.35940301000000002
9329    -0.099196000000000006  -0.29980001000000001  -0.35953200000000002
9330    -0.21249299999999999  -0.29653098999999999  -0.35936400000000002
9331    0.19150600000000001  -0.26531600999999999  -0.343503
9332    0.20200001000000001  -0.26511498999999999  -0.34359401000000001
9333    0.16133800000000001  -0.27318399999999998  -0.34698600000000002
9334    0.19478599999999999  -0.27751999999999999  -0.34912300000000002
9335    0.213805  -0.27304300999999997  -0.34749799999999997
9336    0.21773999999999999  -0.26217401000000001  -0.34277901
9337    0.106903  -0.29030600000000001  -0.35446799000000001
9338    0.14297399999999999  -0.29025700999999998  -0.35458498999999999
9339    0.12756200000000001  -0.27693599000000002  -0.34856999
9340    0.18626000000000001  -0.29015999999999997  -0.35464200000000001
9341    0.21773999999999999  -0.28973299000000002  -0.35479599000000001
9342    0.22823399  -0.270208  -0.34643300999999999
9343    0.22823399  -0.26233801000000001  -0.34294598999999998
9344    0.22823399  -0.25184399000000002  -0.33830898999999998
9345    0.19019499000000001  -0.29879298999999998  -0.35862498999999998
9346    0.21249299999999999  -0.29830100999999998  -0.35861799
9347    0.22823399  -0.29644199999999998  -0.35776201000000002
9348    0.22823399  -0.28857100000000002  -0.35427499000000001
9349    0.23348099999999999  -0.29867399  -0.35880801000000001
9350    0.220364  -0.30693501000000001  -0.36233100000000001
9351    0.20068800000000001  -0.31225201000000002  -0.36458098999999999
9352    0.15773100000000001  -0.30011299000000002  -0.35913699999999998
9353    0.16461700000000001  -0.31223099999999998  -0.36447700999999999
9354    0.149205  -0.31614500000000001  -0.36635199000000002
9355    0.121987  -0.32320699000000003  -0.36966898999999998
9356    0.113953  -0.31482800999999999  -0.36582400999999998
9357    0.055091000000000001  -0.32353999999999999  -0.36952700999999999
9358    0.047220999999999999  -0.31742901000000001  -0.36681398999999998
9359    0.018363999999999998  -0.32340099999999999  -0.36958598999999998
9360    -0.010821000000000001  -0.31742901000000001  -0.36689200999999999
9361    0.038366999999999998  -0.31243300000000002  -0.36449501000000001
9362    -0.00164  -0.30967399000000001  -0.36333501000000001
9363    0.072799000000000003  -0.31246900999999999  -0.36451599000000001
9364    0.096737000000000004  -0.29644199999999998  -0.35733899000000002
9365    0.12461  -0.30375201000000002  -0.36082900000000001
9366    0.075586  -0.30419499  -0.36081999999999997
9367    0.038531000000000003  -0.304093  -0.36072901000000002
9368    -0.031153  -0.30966200999999999  -0.36341300999999998
9369    -0.048531999999999999  -0.31742901000000001  -0.36690699999999998
9370    -0.062632999999999994  -0.30950498999999998  -0.36349899000000002
9371    -0.097064999999999999  -0.31742901000000001  -0.36708300999999999
9372    -0.094278000000000001  -0.30936398999999998  -0.36360400999999998
9373    -0.12952900000000001  -0.30930500999999999  -0.36377999
9374    -0.13379199999999999  -0.31742901000000001  -0.36719098999999999
9375    -0.16592899999999999  -0.31742901000000001  -0.36726399999999998
9376    -0.14953200999999999  -0.32792199  -0.37114301
9377    -0.11674  -0.32440701  -0.36989599000000001
9378    -0.098377000000000006  -0.32792199  -0.37121000999999998
9379    -0.053615000000000003  -0.32407399999999997  -0.36970499000000001
9380    -0.053779  -0.32792199  -0.37118801000000001
9381    -0.0045909999999999996  -0.32792199  -0.37136099
9382    -0.174455  -0.32412099999999999  -0.36989599000000001
9383    -0.18921099999999999  -0.31388599  -0.36599499000000002
9384    -0.20593500000000001  -0.32323000000000002  -0.36978899999999998
9385    -0.220364  -0.304699  -0.36255999999999999
9386    -0.22298699999999999  -0.32029300999999999  -0.36864798999999998
9387    -0.064929000000000001  -0.30008599000000002  -0.35940301000000002
9388    -0.031481000000000002  -0.29854398999999998  -0.35842201000000001
9389    0.0095099999999999994  -0.29757601  -0.35779399000000001
9390    0.059026000000000002  -0.29883099000000002  -0.35830300999999998
9391    0.12789001  -0.26548100000000002  -0.34327000000000002
9392    0.10264  -0.27679500000000001  -0.34827398999999998
9393    0.079193  -0.26950099999999999  -0.34471801000000002
9394    0.069518999999999997  -0.27698800000000001  -0.34817599999999999
9395    0.021479000000000002  -0.27283099  -0.34588099
9396    0.040661999999999997  -0.28245500000000001  -0.35055398999999998
9397    0.069518999999999997  -0.29060501  -0.354433
9398    0.027545  -0.29056901000000002  -0.35432999999999998
9399    -0.020330999999999998  -0.29017400999999998  -0.35429000999999999
9400    -0.052468000000000001  -0.28814699999999999  -0.35355799999999998
9401    -0.074765999999999999  -0.28743099999999999  -0.35347801000000001
9402    -0.094441999999999998  -0.27734800999999998  -0.34869501000000003
9403    -0.112149  -0.27283499  -0.34678598999999999
9404    -0.13641600000000001  -0.27612399999999998  -0.34890898999999997
9405    -0.13379199999999999  -0.26489299999999999  -0.34338099
9406    -0.16986399999999999  -0.27479999999999999  -0.34890898999999997
9407    -0.18035698999999999  -0.26423299  -0.34398800000000002
9408    -0.19150600000000001  -0.25709099000000002  -0.34088001000000001
9409    -0.17183100000000001  -0.25709099000000002  -0.34062000999999997
9410    -0.13444801000000001  -0.25971401  -0.34109199000000001
9411    -0.102312  -0.25971401  -0.34044001000000002
9412    -0.059026000000000002  -0.25971401  -0.33999601000000002
9413    -0.035416000000000003  -0.25971401  -0.33978701
9414    -0.097064999999999999  -0.264961  -0.34270400000000001
9415    -0.047220999999999999  -0.264961  -0.34225299999999997
9416    -0.072142999999999999  -0.27676800000000001  -0.34825098999999998
9417    -0.036727000000000003  -0.27705801000000002  -0.34809199000000002
9418    -0.013773000000000001  -0.26925901000000002  -0.34414499999999998
9419    0.022627000000000001  -0.26660698999999999  -0.34288201000000001
9420    -0.0091819999999999992  -0.27724399999999999  -0.34800198999999998
9421    -0.0065579999999999996  -0.28594800999999997  -0.35224101000000002
9422    0.080997  -0.264961  -0.34256700000000001
9423    0.046237  -0.32792199  -0.37136501
9424    0.23348099999999999  -0.28857100000000002  -0.35448300999999999
9425    -0.229545  -0.29684498999999998  -0.35923498999999998
9426    0.23348099999999999  -0.31261699999999998  -0.36447998999999998
9427    0.220364  -0.31742901000000001  -0.36680299
9428    0.20003199999999999  -0.31742901000000001  -0.36697300999999999
9429    0.20987  -0.32309100000000002  -0.36936500999999999
9430    0.14953200999999999  -0.32347598999999999  -0.36955698999999997
9431    0.14887698999999999  -0.32792199  -0.37136798999999998
9432    0.118052  -0.32792199  -0.371562
9433    0.22167498999999999  -0.32267498999999999  -0.36893200999999998
9434    0.23348099999999999  -0.32267498999999999  -0.36851900999999998
9435    0.20987  -0.32792199  -0.37124499999999999
9436    -0.23348099999999999  -0.264961  -0.34440500000000002
9437    -0.23348099999999999  -0.27283099  -0.34814500999999998
9438    -0.23348099999999999  -0.28070100999999997  -0.35181201000000001
9439    -0.23872699999999999  -0.28463899999999998  -0.35356599
9440    -0.23872699999999999  -0.27283099  -0.34830999000000001
9441    -0.23872699999999999  -0.29644199999999998  -0.35883999
9442    -0.23872699999999999  -0.30935298999999999  -0.36391499999999999
9443    -0.23872699999999999  -0.26233801000000001  -0.34365699
9444    0.013117  -0.077104000000000006  -0.25446798999999998
9445    0.018363999999999998  -0.076989000000000002  -0.25446798999999998
9446    0.023609999999999999  -0.076146000000000005  -0.25446798999999998
9447    0.16789599999999999  0.26195699  -0.113737
9448    0.22167498999999999  -0.32792199  -0.37092000000000003
9449    0.19675300000000001  0.062858999999999998  -0.20291001
9450    0.19675300000000001  0.055091000000000001  -0.206154
9451    0.19675300000000001  0.047220999999999999  -0.20925299999999999
9452    0.19675300000000001  0.036637000000000003  -0.21343200000000001
9453    0.20200001000000001  0.034104000000000002  -0.214362
9454    0.20200001000000001  0.041933999999999999  -0.21147199999999999
9455    0.20200001000000001  0.049843999999999999  -0.20832200000000001
9456    0.17576601  0.24135098999999999  -0.12281300000000001
9457    0.17576601  0.25184399000000002  -0.118048
9458    0.17576601  0.23085700000000001  -0.12758900000000001
9459    0.17576601  0.21642800000000001  -0.134413
9460    0.18101300000000001  0.21773999999999999  -0.13371
9461    0.18101300000000001  0.23103601000000001  -0.12764998999999999
9462    0.17576601  0.264961  -0.112036
9463    -0.16789599999999999  0.26018398999999998  -0.11426600000000001
9464    -0.165273  0.273974  -0.10763399999999999
9465    0.19675300000000001  0.10509599999999999  -0.18535600999999999
9466    -0.0078700000000000003  -0.076225000000000001  -0.25433700999999997
9467    0.21249399999999999  -0.05738  -0.25378298999999999
9468    0.023609999999999999  0.27361598999999998  -0.107558
9469    -0.22823399  -0.14713899999999999  -0.29193198999999997
9470    -0.22823399  -0.13903899  -0.28863999000000001
9471    -0.21249399999999999  -0.027545  -0.23969699
9472    -0.20724699999999999  -0.017052000000000001  -0.23533200000000001
9473    -0.20724699999999999  -0  -0.227937
9474    -0.20724699999999999  0.0078700000000000003  -0.22457699
9475    -0.20724699999999999  0.027545  -0.21684299000000001
9476    -0.21249399999999999  -0.013013  -0.23352100000000001
9477    -0.21249399999999999  -0  -0.22815200999999999
9478    -0.21249399999999999  0.010479  -0.22397800000000001
9479    0.056403000000000002  -0.067791000000000004  -0.25390401000000001
9480    0.059681999999999999  -0.079579999999999998  -0.25921400999999999
9481    0.044596999999999998  -0.061612  -0.25025599999999998
9482    0.039350999999999997  -0.071430999999999994  -0.25422201
9483    0.048531999999999999  -0.083947999999999995  -0.26014598999999999
9484    0.057714000000000001  -0.091817999999999997  -0.26434600000000003
9485    0.039350999999999997  -0.086570999999999995  -0.26010298999999998
9486    0.19150600000000001  0.13641600000000001  -0.17069100000000001
9487    0.19150600000000001  0.115429  -0.18032201
9488    0.19150600000000001  0.12592199000000001  -0.17549500000000001
9489    -0.160026  0.32792199  -0.082110000000000002
9490    0.068208000000000005  -0.16373301000000001  -0.29644199999999998
9491    0.062961000000000003  -0.17576601  -0.30118999000000002
9492    0.062304999999999999  -0.18667801000000001  -0.30577000999999998
9493    0.057057999999999998  -0.16142598999999999  -0.29451098999999997
9494    0.055091000000000001  -0.15384200000000001  -0.29119500999999998
9495    0.049843999999999999  -0.15446799999999999  -0.29129300000000002
9496    0.049843999999999999  -0.14428600999999999  -0.28731799000000002
9497    -0.18626000000000001  0.20528001000000001  -0.13874400000000001
9498    -0.18626000000000001  0.21511699000000001  -0.13417098999999999
9499    -0.18101300000000001  0.225466  -0.12956898999999999
9500    -0.18101300000000001  0.23880100000000001  -0.123331
9501    -0.17576601  0.25718001000000001  -0.115007
9502    -0.18626000000000001  0.22561  -0.129389
9503    -0.18626000000000001  0.23630901000000001  -0.124667
9504    -0.18101300000000001  0.25209099000000001  -0.11716500000000001
9505    -0.18101300000000001  0.26274600999999997  -0.112136
9506    -0.18101300000000001  0.27283099  -0.10735599999999999
9507    -0.18626000000000001  0.243974  -0.12148200000000001
9508    -0.23872699999999999  -0.320052  -0.367975
9509    -0.154779  0.35415598999999998  -0.069560999999999998
9510    0.18626000000000001  0.14663399999999999  -0.166104
9511    0.19150600000000001  0.149094  -0.16509699999999999
9512    0.055091000000000001  -0.13844999999999999  -0.28440699000000003
9513    0.055091000000000001  -0.117719  -0.27545500000000001
9514    0.055091000000000001  -0.12592199000000001  -0.27900901
9515    0.049843999999999999  -0.118023  -0.27545500000000001
9516    -0.17576601  0.27329299000000001  -0.106965
9517    -0.18101300000000001  0.28070100999999997  -0.103549
9518    -0.17576601  0.28070100999999997  -0.10315000000000001
9519    0.17051899000000001  0.27473800999999998  -0.107215
9520    0.165273  0.29644199999999998  -0.096686999999999995
9521    0.17051899000000001  0.29381800000000002  -0.097590999999999997
9522    0.165273  0.30431198999999998  -0.092711000000000002
9523    0.17051899000000001  0.28292999000000002  -0.103021
9524    0.17576601  0.27545500000000001  -0.107044
9525    0.17576601  0.28332499  -0.103213
9526    0.22823399  -0.214919  -0.32178899999999999
9527    -0.21773999999999999  -0.32792199  -0.37143000999999998
9528    0.20200001000000001  0.055091000000000001  -0.20650499999999999
9529    0.18626000000000001  0.19675300000000001  -0.14368500000000001
9530    0.154779  0.34366198999999997  -0.074408000000000002
9531    0.15740301000000001  0.33841600999999999  -0.076479000000000005
9532    0.15740301000000001  0.33073601000000002  -0.080405000000000004
9533    0.160026  0.31742901000000001  -0.086819999999999994
9534    0.165273  0.335453  -0.076884999999999995
9535    0.165273  0.32529899000000001  -0.082056000000000004
9536    0.165273  0.314805  -0.087404999999999997
9537    0.17051899000000001  0.32529899000000001  -0.082026000000000002
9538    0.17051899000000001  0.314805  -0.087197999999999998
9539    0.17051899000000001  0.30431198999999998  -0.092411999999999994
9540    0.17051899000000001  0.33579200999999997  -0.076908000000000004
9541    0.165273  0.34628599999999998  -0.071623000000000006
9542    0.18101300000000001  0.24135098999999999  -0.123198
9543    -0.18626000000000001  0.25122100000000003  -0.118341
9544    0.044269000000000003  0.35940301000000002  -0.067082000000000003
9545    0.086899000000000004  0.364649  -0.064507999999999996
9546    0.034431999999999997  0.364649  -0.064427999999999999
9547    0.0026229999999999999  0.364649  -0.064510999999999999
9548    0.118052  0.35940301000000002  -0.067057000000000005
9549    0.14428600999999999  0.364649  -0.064464999999999995
9550    0.14953200999999999  0.35940301000000002  -0.066797999999999996
9551    -0.017708000000000002  0.36175299  -0.065941
9552    0.15215600000000001  0.364649  -0.064133999999999997
9553    0.17051899000000001  0.35149601000000003  -0.069583000000000006
9554    0.031153  -0.21540400000000001  -0.31751201000000001
9555    0.039350999999999997  -0.20248701  -0.31140699999999999
9556    0.051156  -0.19946501  -0.31083199
9557    -0.015740000000000001  0.27545500000000001  -0.10688300000000001
9558    0.154779  0.35940301000000002  -0.066394999999999996
9559    0.15609100000000001  0.35153201000000001  -0.070257
9560    0.19675300000000001  0.112805  -0.181922
9561    0.018363999999999998  0.27390598999999999  -0.107558
9562    -0.165273  0.28857100000000002  -0.1004
9563    -0.165273  0.29906498999999998  -0.095294000000000004
9564    -0.17576601  0.28594800999999997  -0.100755
9565    -0.18101300000000001  0.28485899999999997  -0.10188700000000001
9566    0.031481000000000002  -0.012451  -0.22825100000000001
9567    0.039350999999999997  -0.19150600000000001  -0.30575999999999998
9568    0.044596999999999998  -0.18101300000000001  -0.30156901000000003
9569    0.049843999999999999  -0.16658901000000001  -0.29593000000000003
9570    0.044596999999999998  -0.17576601  -0.29932201000000003
9571    0.044596999999999998  -0.17051899000000001  -0.29743099000000001
9572    -0.20724699999999999  0.070831000000000005  -0.200186
9573    0.022298999999999999  -0.22298699999999999  -0.32103400999999998
9574    0.0052469999999999999  -0.21249399999999999  -0.314392
9575    0.018363999999999998  -0.20724699999999999  -0.31217399000000001
9576    0.023609999999999999  -0.20200001000000001  -0.30966100000000002
9577    0.018363999999999998  -0.20200001000000001  -0.30975899000000001
9578    0.013117  -0.20724699999999999  -0.31202700999999999
9579    0.0066439999999999997  -0.20724699999999999  -0.31218201000000001
9580    0.0026229999999999999  -0.20724699999999999  -0.31237399999999999
9581    -0.0078700000000000003  -0.20724699999999999  -0.31248900000000002
9582    -0.0078700000000000003  -0.21249399999999999  -0.31431499000000002
9583    -0.0091819999999999992  -0.21809700000000001  -0.31738200999999999
9584    -0.028201  -0.21859600000000001  -0.31831500000000001
9585    -0.059026000000000002  -0.191998  -0.30699198999999999
9586    -0.056403000000000002  -0.19966999999999999  -0.31053199999999997
9587    -0.039350999999999997  -0.20968600000000001  -0.31428700999999998
9588    -0.018363999999999998  -0.21249399999999999  -0.31451299999999999
9589    -0.013117  -0.20724699999999999  -0.31223698999999999
9590    -0.018363999999999998  -0.20724699999999999  -0.31201499999999999
9591    -0.026234  -0.20724699999999999  -0.312116
9592    -0.023609999999999999  -0.20200001000000001  -0.31024599000000003
9593    -0.046565000000000002  -0.017052000000000001  -0.231462
9594    0.049843999999999999  -0.13379199999999999  -0.28305000000000002
9595    0.23348099999999999  -0.33054500999999997  -0.37112001
9596    -0.19675300000000001  0.16008700000000001  -0.16004799
9597    -0.19675300000000001  0.17200499999999999  -0.155306
9598    0.057057999999999998  -0.0063629999999999997  -0.22847799999999999
9599    0.040661999999999997  -0.018363999999999998  -0.23210099000000001
9600    0.060338000000000003  0.0026229999999999999  -0.22484501000000001
9601    0.049734  -0.0052180000000000004  -0.227129
9602    0.034104000000000002  -0.0078700000000000003  -0.22645000000000001
9603    0.028857000000000001  -0.0078700000000000003  -0.22614200000000001
9604    0.023609999999999999  -0.013117  -0.227911
9605    0.013117  -0.013117  -0.22793099
9606    0.110182  0.37514299000000001  -0.058959999999999999
9607    0.14428600999999999  0.36989599000000001  -0.061681
9608    0.024922  0.36989599000000001  -0.061477999999999998
9609    0.051811999999999997  0.37514299000000001  -0.058749000000000003
9610    0.010494  0.37514299000000001  -0.058650000000000001
9611    -0.022627000000000001  0.37120800999999998  -0.060749999999999998
9612    -0.059681999999999999  0.37514299000000001  -0.058720000000000001
9613    -0.072142999999999999  0.364649  -0.064422999999999994
9614    -0.098377000000000006  0.36727300000000002  -0.063059000000000004
9615    -0.10624699999999999  0.37514299000000001  -0.058789000000000001
9616    -0.12559400000000001  0.36370701  -0.064769999999999994
9617    -0.12854499999999999  0.37251898999999999  -0.060024000000000001
9618    -0.14953200999999999  0.37251898999999999  -0.059970999999999997
9619    -0.14953200999999999  0.36202601000000001  -0.065528000000000003
9620    -0.11674  0.35940301000000002  -0.067040000000000002
9621    -0.081980999999999998  0.35940301000000002  -0.067117999999999997
9622    -0.030169000000000001  0.35940301000000002  -0.067105999999999999
9623    -0.12854499999999999  0.38108501  -0.055453000000000002
9624    -0.15215600000000001  0.382357  -0.054780000000000002
9625    -0.119364  0.39088299999999998  -0.050422000000000002
9626    -0.097721000000000002  0.38294199000000001  -0.054592000000000002
9627    -0.089523000000000005  0.39088299999999998  -0.050384999999999999
9628    -0.060338000000000003  0.38106300999999998  -0.055455999999999998
9629    -0.046237  0.39088299999999998  -0.050210999999999999
9630    0.021642999999999999  0.39088299999999998  -0.050145000000000002
9631    -0.14953200999999999  0.39088299999999998  -0.050318000000000002
9632    -0.023609999999999999  0.38038999000000001  -0.055662000000000003
9633    0.024922  0.38038999000000001  -0.055669999999999997
9634    0.085916000000000006  0.38038999000000001  -0.055891000000000003
9635    0.073455000000000006  0.37514299000000001  -0.058799999999999998
9636    0.12854499999999999  0.38038999000000001  -0.056023999999999997
9637    0.14690900000000001  0.37514299000000001  -0.059033000000000002
9638    0.044596999999999998  0.38826000999999999  -0.051554999999999997
9639    0.096081  0.39088299999999998  -0.050293999999999998
9640    0.120019  0.38563599999999998  -0.053279
9641    0.14428600999999999  0.39088299999999998  -0.050584999999999998
9642    0.14428600999999999  0.38301300999999999  -0.054864999999999997
9643    -0.154779  0.364649  -0.063957
9644    -0.036727000000000003  -0.013117  -0.22855400000000001
9645    -0.028857000000000001  -0.013117  -0.22797000000000001
9646    -0.023609999999999999  -0.013117  -0.22790199999999999
9647    -0.018363999999999998  -0.013117  -0.228044
9648    -0.049843999999999999  0.25250899999999998  -0.118052
9649    -0.154779  0.39088299999999998  -0.050162999999999999
9650    0.049843999999999999  -0.107485  -0.270208
9651    0.049843999999999999  -0.112805  -0.27265700999999998
9652    0.044596999999999998  -0.096779000000000004  -0.26507198999999998
9653    0.039350999999999997  -0.091817999999999997  -0.26230000999999997
9654    0.044596999999999998  -0.102312  -0.26768500000000001
9655    0.039350999999999997  -0.096582000000000001  -0.264961
9656    0.22298699999999999  -0.15740301000000001  -0.29684200999999999
9657    0.057714000000000001  -0.33316900999999999  -0.37314299000000001
9658    0.120675  -0.33316900999999999  -0.37327501000000002
9659    -0.058042000000000003  -0.33316900999999999  -0.37292299000000001
9660    -0.0042630000000000003  -0.33316900999999999  -0.37313801000000002
9661    -0.160026  0.38170099000000002  -0.054727999999999999
9662    -0.19150600000000001  0.21249399999999999  -0.136241
9663    -0.034104000000000002  -0.0078700000000000003  -0.22637499999999999
9664    -0.044596999999999998  -0.0026229999999999999  -0.224635
9665    -0.055092000000000002  -0.0065589999999999997  -0.22765299999999999
9666    -0.066895999999999997  0.0050740000000000004  -0.22401499999999999
9667    -0.23872699999999999  -0.32670900000000003  -0.37028101000000002
9668    0.15215600000000001  0.38563599999999998  -0.053232000000000002
9669    -0.023609999999999999  0.27379199999999998  -0.107558
9670    0.034104000000000002  -0.091817999999999997  -0.26279398999999998
9671    -0.21249399999999999  0.018363999999999998  -0.22110099999999999
9672    -0.21249399999999999  0.023609999999999999  -0.21905699000000001
9673    0.20724699999999999  0.013117  -0.22332199999999999
9674    0.19150600000000001  0.15740301000000001  -0.161607
9675    0.20724699999999999  0.018363999999999998  -0.22140101000000001
9676    -0.070831000000000005  0.019293000000000001  -0.21883599000000001
9677    -0.060338000000000003  0.023609999999999999  -0.21617299000000001
9678    0.23348099999999999  -0.270208  -0.34695198999999999
9679    0.23348099999999999  -0.264961  -0.34456101
9680    -0.23872699999999999  -0.25208800999999997  -0.33921599000000002
9681    -0.23872699999999999  -0.243974  -0.33568501000000001
9682    0.049843999999999999  -0.160026  -0.29326200000000002
9683    0.15609100000000001  0.37645500999999998  -0.057685
9684    0.15740301000000001  0.36989599000000001  -0.060838000000000003
9685    -0.055091000000000001  -0.108555  -0.270208
9686    -0.060338000000000003  -0.11565300000000001  -0.27391898999999997
9687    -0.044596999999999998  -0.086898000000000003  -0.25959101000000001
9688    -0.051156  -0.089194999999999997  -0.26124901
9689    -0.044596999999999998  -0.091817999999999997  -0.26171698999999998
9690    -0.049843999999999999  -0.097873000000000002  -0.264961
9691    -0.055091000000000001  -0.097064999999999999  -0.26511099999999999
9692    -0.049843999999999999  -0.102312  -0.26740301
9693    -0.039350999999999997  -0.087750999999999996  -0.25971401
9694    -0.039350999999999997  -0.081324999999999995  -0.25692099000000002
9695    -0.055091000000000001  -0.112805  -0.27225599
9696    -0.034104000000000002  -0.086816000000000004  -0.25971401
9697    -0.23348099999999999  -0.20200001000000001  -0.31570500000000001
9698    -0.044596999999999998  0.25971401  -0.114563
9699    -0.160026  0.36727300000000002  -0.062200999999999999
9700    -0.160026  0.35546800000000001  -0.068254999999999996
9701    -0.160026  0.34103899999999998  -0.075597999999999999
9702    -0.20724699999999999  0.076078000000000007  -0.19810800000000001
9703    0.165273  0.36989599000000001  -0.060114000000000001
9704    0.165273  0.36071398999999998  -0.064546999999999993
9705    0.22823399  -0.204623  -0.31727000999999999
9706    0.22823399  -0.19413  -0.31291401000000002
9707    0.19675300000000001  0.118052  -0.17981
9708    0.21249399999999999  -0.047220999999999999  -0.24943100000000001
9709    0.21249399999999999  -0.039350999999999997  -0.24607298999999999
9710    -0.055091000000000001  -0.17838899999999999  -0.30051299999999997
9711    -0.049843999999999999  -0.18626000000000001  -0.30330499999999999
9712    -0.049843999999999999  -0.18101300000000001  -0.30116999
9713    -0.049843999999999999  -0.17576601  -0.29924100999999997
9714    -0.055091000000000001  -0.17051899000000001  -0.29702201
9715    -0.062961000000000003  -0.16403601000000001  -0.29535601
9716    -0.039350999999999997  -0.19675300000000001  -0.30723199000000001
9717    -0.028857000000000001  -0.20200001000000001  -0.30964198999999998
9718    -0.034104000000000002  -0.19675300000000001  -0.30733400999999999
9719    -0.044596999999999998  -0.18626000000000001  -0.30305000999999998
9720    -0.078045000000000003  0.39612999999999998  -0.047375
9721    -0.036727000000000003  0.39612999999999998  -0.047219999999999998
9722    0.015740000000000001  0.39612999999999998  -0.047164999999999999
9723    0.063617000000000007  0.39612999999999998  -0.047174000000000001
9724    0.113625  0.39612999999999998  -0.047287999999999997
9725    0.14428600999999999  0.39612999999999998  -0.047467000000000002
9726    -0.120675  0.39612999999999998  -0.047423
9727    -0.049843999999999999  -0.0026229999999999999  -0.22517398999999999
9728    -0.055091000000000001  -0.165273  -0.29510701
9729    -0.060338000000000003  -0.160026  -0.29320800000000002
9730    0.034104000000000002  -0.19600300000000001  -0.30729201
9731    0.028857000000000001  -0.19675300000000001  -0.30723599000000001
9732    0.028857000000000001  -0.20200001000000001  -0.31010500000000002
9733    0.034104000000000002  -0.19150600000000001  -0.305255
9734    0.023609999999999999  -0.19675300000000001  -0.30762601000000001
9735    0.028857000000000001  -0.19150600000000001  -0.30585899999999999
9736    0.20200001000000001  0.065584000000000003  -0.20239799999999999
9737    -0.17576601  0.29119500999999998  -0.097978999999999997
9738    -0.17576601  0.29644199999999998  -0.095673999999999995
9739    0.023609999999999999  -0.081324999999999995  -0.25659200999999998
9740    0.028857000000000001  -0.081324999999999995  -0.25680700000000001
9741    0.028857000000000001  -0.086687  -0.25971401
9742    0.034104000000000002  -0.086911000000000002  -0.25971401
9743    -0.243974  -0.31095201  -0.36505799999999999
9744    -0.243974  -0.31742901000000001  -0.36752300999999998
9745    -0.243974  -0.32354501000000002  -0.36963001000000001
9746    0.14953200999999999  -0.33316900999999999  -0.37300899999999998
9747    0.20724699999999999  -0.33316900999999999  -0.372917
9748    0.18626000000000001  0.204623  -0.14030999999999999
9749    0.220364  -0.33316900999999999  -0.37261599000000001
9750    0.034104000000000002  0.26359299000000003  -0.112805
9751    0.055091000000000001  0.018610000000000002  -0.21773999999999999
9752    0.055091000000000001  0.023609999999999999  -0.21603701
9753    -0.112149  -0.33316900999999999  -0.37283098999999997
9754    -0.14953200999999999  -0.33316900999999999  -0.37272
9755    -0.20396800000000001  -0.33316900999999999  -0.37291801000000002
9756    -0.18101300000000001  0.29119500999999998  -0.098901000000000003
9757    -0.034104000000000002  -0.081324999999999995  -0.25648399999999999
9758    -0.031481000000000002  -0.076229000000000005  -0.25450700999999998
9759    -0.028857000000000001  -0.081324999999999995  -0.25649499999999997
9760    -0.055091000000000001  0.24305201000000001  -0.122803
9761    0.19150600000000001  0.165273  -0.15856400000000001
9762    0.18626000000000001  0.21249399999999999  -0.13719200000000001
9763    0.018363999999999998  -0.081324999999999995  -0.25723800000000002
9764    -0.039350999999999997  -0.19150600000000001  -0.30538799999999999
9765    0.20200001000000001  0.070831000000000005  -0.200654
9766    0.044596999999999998  0.0026229999999999999  -0.22287199999999999
9767    0.039350999999999997  -0.0026229999999999999  -0.22452
9768    0.034104000000000002  -0.0026229999999999999  -0.22436598999999999
9769    0.14953200999999999  0.39376199000000001  -0.048695000000000002
9770    -0  -0.076327999999999993  -0.25442000999999997
9771    0.0078700000000000003  -0.076845999999999998  -0.25446798999999998
9772    -0.060338000000000003  0.018363999999999998  -0.217944
9773    -0.055091000000000001  0.0078700000000000003  -0.22139998999999999
9774    -0.055091000000000001  0.013117  -0.21948699999999999
9775    -0.049843999999999999  0.0078700000000000003  -0.22150500000000001
9776    -0.049843999999999999  0.0026229999999999999  -0.22292200000000001
9777    -0.044596999999999998  0.0026229999999999999  -0.22319700000000001
9778    -0.039350999999999997  -0.0026229999999999999  -0.224776
9779    0.23348099999999999  -0.25971401  -0.34254499999999999
9780    0.23348099999999999  -0.25184399000000002  -0.339111
9781    0.049843999999999999  0.0078700000000000003  -0.221361
9782    0.044596999999999998  0.0078700000000000003  -0.22112100000000001
9783    -0.22298699999999999  -0.33316900999999999  -0.37285798999999997
9784    -0.243974  -0.30168799000000002  -0.36168699999999998
9785    -0.23348099999999999  -0.19464998999999999  -0.31258198999999998
9786    -0.23348099999999999  -0.18626000000000001  -0.30919299
9787    0.23872699999999999  -0.320052  -0.36808801000000002
9788    0.23872699999999999  -0.31218201000000001  -0.365089
9789    0.23872699999999999  -0.32792199  -0.37062099999999998
9790    0.044596999999999998  0.25205298999999998  -0.118052
9791    0.039350999999999997  0.25971401  -0.114457
9792    -0.165273  0.39088299999999998  -0.049180000000000001
9793    0.160026  0.38563599999999998  -0.052356
9794    0.165273  0.38038999000000001  -0.054863000000000002
9795    0.165273  0.39088299999999998  -0.049418999999999998
9796    0.160026  0.39088299999999998  -0.049418999999999998
9797    0.18101300000000001  0.25184399000000002  -0.118766
9798    0.17051899000000001  0.35940301000000002  -0.065877000000000005
9799    0.038524999999999997  0.0026229999999999999  -0.22298699999999999
9800    -0.13379199999999999  0.40137698999999999  -0.044185000000000002
9801    -0.097064999999999999  0.40137698999999999  -0.044253000000000001
9802    -0.038695  0.40137698999999999  -0.043999999999999997
9803    0.013445  0.40111801000000002  -0.044086
9804    0.070011000000000004  0.40110298999999999  -0.044068999999999997
9805    0.129857  0.40096501000000001  -0.044277999999999998
9806    -0.14690900000000001  0.40137698999999999  -0.043944999999999998
9807    0.049843999999999999  0.013117  -0.219274
9808    0.055091000000000001  0.013117  -0.21980200999999999
9809    0.049843999999999999  0.018969  -0.21782700999999999
9810    0.023609999999999999  0.270208  -0.10994900000000001
9811    0.22298699999999999  -0.14690900000000001  -0.29262701000000002
9812    0.22298699999999999  -0.13903899  -0.28959100999999998
9813    0.22298699999999999  -0.129272  -0.28569900999999998
9814    -0.17051899000000001  0.30693501000000001  -0.090702000000000005
9815    0.17576601  0.29381800000000002  -0.098354999999999998
9816    0.17576601  0.30168799000000002  -0.094769000000000006
9817    0.034104000000000002  -0.18626000000000001  -0.30356601
9818    0.039350999999999997  -0.18626000000000001  -0.30326700000000001
9819    0.038983999999999998  -0.18101300000000001  -0.30157799000000002
9820    0.048204999999999998  -0.33841600999999999  -0.37461900999999997
9821    -0.14953200999999999  -0.33841600999999999  -0.37412000000000001
9822    -0.118052  -0.33841600999999999  -0.37428400000000001
9823    -0.21249399999999999  -0.33841600999999999  -0.37424998999999998
9824    -0.049843999999999999  -0.33841600999999999  -0.37442499000000001
9825    0.0065579999999999996  -0.33841600999999999  -0.37463400000000002
9826    -0.20200001000000001  0.124429  -0.176201
9827    -0.20200001000000001  0.13379199999999999  -0.17240199
9828    0.049843999999999999  0.24267  -0.12259
9829    -0.22823399  -0.13303799999999999  -0.28622400999999997
9830    -0.22823399  -0.12329900000000001  -0.28252199
9831    0.21773999999999999  -0.083947999999999995  -0.26587
9832    -0.165273  0.37245101000000003  -0.058768000000000001
9833    -0.17051899000000001  0.37997599999999998  -0.054901999999999999
9834    -0.17051899000000001  0.36989599000000001  -0.059760000000000001
9835    -0.17051899000000001  0.35940301000000002  -0.064701999999999996
9836    -0.17051899000000001  0.39088299999999998  -0.049367000000000001
9837    -0.165273  0.35661900000000002  -0.066641000000000006
9838    -0.165273  0.34628599999999998  -0.071773000000000003
9839    -0.17051899000000001  0.35153201000000001  -0.068319000000000005
9840    0.17051899000000001  0.364649  -0.063747999999999999
9841    -0.18626000000000001  0.264961  -0.112676
9842    -0.17051899000000001  0.39737298999999998  -0.045296999999999997
9843    0.120675  -0.33841600999999999  -0.37467200000000001
9844    0.204623  -0.33841600999999999  -0.37423000000000001
9845    0.21773999999999999  -0.33841600999999999  -0.37402499
9846    0.14953200999999999  -0.33841600999999999  -0.37437299000000002
9847    -0.17051899000000001  0.31742901000000001  -0.085355
9848    -0.23872699999999999  -0.33841600999999999  -0.37343200999999998
9849    -0.243974  -0.33841600999999999  -0.37363699
9850    -0.17051899000000001  0.30168799000000002  -0.093148999999999996
9851    -0.17576601  0.30168799000000002  -0.092842999999999995
9852    -0.17576601  0.30693501000000001  -0.090561000000000003
9853    -0.17576601  0.31218201000000001  -0.087691000000000005
9854    -0.17051899000000001  0.31218201000000001  -0.087748000000000007
9855    -0.17576601  0.31742901000000001  -0.085436999999999999
9856    -0.17576601  0.32267498999999999  -0.082579
9857    -0.17051899000000001  0.32267498999999999  -0.082394999999999996
9858    -0.17576601  0.32792199  -0.080340999999999996
9859    -0.17051899000000001  0.32792199  -0.080003000000000005
9860    -0.17576601  0.33316900999999999  -0.077544000000000002
9861    -0.17051899000000001  0.33316900999999999  -0.077067999999999998
9862    -0.17051899000000001  0.34366198999999997  -0.071993000000000001
9863    -0.17576601  0.34366198999999997  -0.072714000000000001
9864    -0.17576601  0.34843500999999999  -0.070640999999999995
9865    -0.154779  0.40137698999999999  -0.043520000000000003
9866    0.023609999999999999  -0.0078700000000000003  -0.22648101000000001
9867    0.23872699999999999  -0.30693501000000001  -0.36330899999999999
9868    0.013117  -0.20200001000000001  -0.31068899999999999
9869    -0.17576601  0.35415598999999998  -0.068090999999999999
9870    -0.17576601  0.35957899999999998  -0.06565
9871    0.19675300000000001  0.12798499999999999  -0.17555298999999999
9872    -0.21773999999999999  -0.028857000000000001  -0.24110699999999999
9873    -0.21773999999999999  -0.02317  -0.23887998999999999
9874    -0.21773999999999999  -0.013117  -0.23500399
9875    -0.18101300000000001  0.29610300000000001  -0.096934999999999993
9876    0.23348099999999999  -0.33841600999999999  -0.37319999999999998
9877    0.23872699999999999  -0.34103899999999998  -0.37378698999999999
9878    -0.23872699999999999  -0.23856699000000001  -0.333233
9879    -0.243974  -0.29599800999999998  -0.35956400999999999
9880    -0.243974  -0.28594800999999997  -0.35544300000000001
9881    0.160026  0.39718100000000001  -0.045280000000000001
9882    0.165273  0.39612999999999998  -0.046095999999999998
9883    0.165273  0.40137698999999999  -0.042798999999999997
9884    -0.22303300000000001  -0.070902999999999994  -0.25971401
9885    -0.22298699999999999  -0.060338000000000003  -0.25560098999999997
9886    -0.19150600000000001  0.21811999000000001  -0.13392699999999999
9887    -0.19150600000000001  0.22561  -0.13103500000000001
9888    0.14690900000000001  0.40137698999999999  -0.043859000000000002
9889    -0.22298699999999999  -0.33841600999999999  -0.37411401
9890    -0.165273  0.39782399000000002  -0.044596999999999998
9891    -0.17051899000000001  0.40137698999999999  -0.042789000000000001
9892    -0.023609999999999999  -0.081324999999999995  -0.25736999999999999
9893    -0.17576601  0.36727300000000002  -0.062481000000000002
9894    -0.19675300000000001  0.17838999999999999  -0.15287501000000001
9895    0.20724699999999999  0.028518000000000002  -0.21762899999999999
9896    0.17051899000000001  0.37095298999999998  -0.060755999999999998
9897    0.0078480000000000008  -0.013112  -0.22823399
9898    0.17051899000000001  0.37514299000000001  -0.059105999999999999
9899    0.049843999999999999  0.23872699999999999  -0.12511900000000001
9900    0.028857000000000001  -0.0026229999999999999  -0.22543199
9901    0.039350999999999997  -0.17576601  -0.30042401000000002
9902    0.20200001000000001  0.076078000000000007  -0.19866399000000001
9903    0.17576601  0.30693501000000001  -0.092350000000000002
9904    0.17576601  0.31218201000000001  -0.090015999999999999
9905    -0.044596999999999998  -0.096789  -0.264961
9906    0.23348099999999999  -0.243974  -0.33579701000000001
9907    0.23348099999999999  -0.23872699999999999  -0.33353498999999998
9908    0.23348099999999999  -0.23348000999999999  -0.33136599999999999
9909    0.23348099999999999  -0.224216  -0.32749200000000001
9910    -0.028857000000000001  -0.0078700000000000003  -0.22684499999999999
9911    0.21249399999999999  -0.028857000000000001  -0.241871
9912    0.21249399999999999  -0.023609999999999999  -0.23966699999999999
9913    0.21249399999999999  -0.018363999999999998  -0.23781099999999999
9914    0.160026  0.40137698999999999  -0.042368999999999997
9915    -0.055091000000000001  0.018363999999999998  -0.21831700000000001
9916    0.044596999999999998  0.013117  -0.220442
9917    -0.23348099999999999  -0.18079200000000001  -0.30701699999999998
9918    -0.23348099999999999  -0.17314299999999999  -0.30423799000000001
9919    -0.21249399999999999  0.039350999999999997  -0.213532
9920    -0.21285899999999999  0.028541  -0.217641
9921    -0.20770399000000001  0.080965999999999996  -0.19662399999999999
9922    -0.20724699999999999  0.092503000000000002  -0.19176099999999999
9923    0.20200001000000001  0.081324999999999995  -0.196798
9924    0.20200001000000001  0.086570999999999995  -0.19495999999999999
9925    0.19150600000000001  0.17522401000000001  -0.154585
9926    0.22823399  -0.18626000000000001  -0.30980598999999998
9927    0.22823399  -0.17786199999999999  -0.30659800999999998
9928    -0.22830801000000001  -0.11812300000000001  -0.28067699000000002
9929    -0.23872699999999999  -0.227461  -0.32822201000000001
9930    -0.23872699999999999  -0.220364  -0.32549301000000003
9931    -0.20724699999999999  0.099687999999999999  -0.18897299000000001
9932    -0.048531999999999999  -0.34366198999999997  -0.37543200999999998
9933    -0.099687999999999999  -0.34366198999999997  -0.37536699000000001
9934    -0.14953200999999999  -0.34366198999999997  -0.37508999999999998
9935    0.23872699999999999  -0.29671599999999998  -0.35930601000000001
9936    0.018363999999999998  -0.0078700000000000003  -0.227465
9937    0.23348099999999999  -0.34366198999999997  -0.37415599999999999
9938    0.015740000000000001  -0.34366198999999997  -0.37555799000000001
9939    0.055091000000000001  -0.34366198999999997  -0.37550299999999998
9940    0.111494  -0.34366198999999997  -0.37556601000000001
9941    0.18626000000000001  0.22188701  -0.13339799999999999
9942    0.21511699000000001  -0.34366198999999997  -0.37499498999999997
9943    0.20200001000000001  -0.34366198999999997  -0.37515398999999999
9944    0.14953200999999999  -0.34366198999999997  -0.37529900999999999
9945    -0.243974  -0.28175101000000002  -0.35377201000000003
9946    -0.243974  -0.270208  -0.34918698999999997
9947    0.21773999999999999  -0.076078000000000007  -0.26283499999999999
9948    0.21773999999999999  -0.070831000000000005  -0.26052901000000001
9949    0.21773999999999999  -0.065584000000000003  -0.25872201
9950    0.18101300000000001  0.25971401  -0.115559
9951    0.18101300000000001  0.26561499  -0.113038
9952    0.18101300000000001  0.270208  -0.11137900000000001
9953    0.049421  0.023609999999999999  -0.21742900000000001
9954    -0.21249399999999999  -0.34366198999999997  -0.375137
9955    -0.22298699999999999  -0.34366198999999997  -0.37498999
9956    -0.18626000000000001  0.27545500000000001  -0.108457
9957    -0.23872699999999999  -0.34366198999999997  -0.37430200000000002
9958    -0.243974  -0.34366198999999997  -0.37446001000000001
9959    0.044596999999999998  -0.160026  -0.29526599999999997
9960    -0.20208098999999999  0.13903899  -0.17046399000000001
9961    -0.20200001000000001  0.14690900000000001  -0.16757999000000001
9962    -0.212925  0.044091999999999999  -0.212341
9963    -0.165273  0.40137698999999999  -0.041961999999999999
9964    0.20724699999999999  0.034104000000000002  -0.21577799
9965    0.19675300000000001  0.13379199999999999  -0.17321400000000001
9966    0.19675300000000001  0.13977800000000001  -0.17077100000000001
9967    0.19675300000000001  0.14428600999999999  -0.16924800000000001
9968    -0.21799099  -0.0081440000000000002  -0.23338801000000001
9969    -0.22823399  -0.110182  -0.27765100999999998
9970    0.034104000000000002  0.0026229999999999999  -0.22420699999999999
9971    0.165273  0.40566099  -0.039350999999999997
9972    0.22298699999999999  -0.120675  -0.28249800000000003
9973    0.17576601  0.31976700000000002  -0.086570999999999995
9974    0.17576601  0.32267498999999999  -0.085355
9975    -0.18101300000000001  0.30737099000000001  -0.091993000000000005
9976    0.22298699999999999  -0.112805  -0.27971801000000002
9977    0.21773999999999999  -0.060338000000000003  -0.25658800999999998
9978    0.21249399999999999  -0.013117  -0.23568
9979    -0.18101300000000001  0.31218201000000001  -0.090017
9980    -0.17576601  0.37776600999999999  -0.058097999999999997
9981    -0.223472  -0.055627999999999997  -0.25428300999999998
9982    -0.21249399999999999  0.055091000000000001  -0.20816298999999999
9983    0.23872699999999999  -0.29119500999999998  -0.35713499999999998
9984    0.23872699999999999  -0.283831  -0.35415598999999998
9985    0.23872699999999999  -0.28070100999999997  -0.35310998999999998
9986    0.0074050000000000001  -0.20200001000000001  -0.31208198999999998
9987    -0.21773999999999999  0.0026229999999999999  -0.22920599999999999
9988    0.220364  -0.34890898999999997  -0.37541899000000001
9989    0.039019999999999999  0.0078700000000000003  -0.22278899999999999
9990    -0.19150600000000001  0.23610400000000001  -0.127165
9991    0.21773999999999999  -0.054790999999999999  -0.25446798999999998
9992    0.21773999999999999  -0.049843999999999999  -0.25277098999999997
9993    0.20724699999999999  0.044596999999999998  -0.21216399999999999
9994    -0.105919  -0.34890898999999997  -0.37595001
9995    -0.044596999999999998  -0.34890898999999997  -0.37598699000000002
9996    0.018363999999999998  -0.34890898999999997  -0.37613201000000002
9997    0.063288999999999998  -0.34890898999999997  -0.37609500000000001
9998    0.112805  -0.34890898999999997  -0.37609800999999998
9999    0.15215600000000001  -0.34890898999999997  -0.37582999
10000    0.20724699999999999  -0.34890898999999997  -0.37568799000000003
10001    -0.185276  -0.34890898999999997  -0.37567201
10002    -0.14428600999999999  -0.34890898999999997  -0.37569201000000002
10003    0.23872699999999999  -0.35153201000000001  -0.37495898999999999
10004    0.19150600000000001  0.18363599  -0.15125
10005    -0.23872699999999999  -0.20987  -0.32155099999999998
10006    -0.028857000000000001  0.270208  -0.109815
10007    0.21249399999999999  -0.0026229999999999999  -0.23194200000000001
10008    0.19150600000000001  0.19150600000000001  -0.148343
10009    0.044596999999999998  0.249221  -0.12078899999999999
10010    0.17051899000000001  0.38563599999999998  -0.054351999999999998
10011    -0.19675300000000001  0.18626000000000001  -0.149701
10012    -0.19675300000000001  0.19413  -0.14677000000000001
10013    -0.039350999999999997  -0.091817999999999997  -0.26295300999999999
10014    -0.23348099999999999  -0.16264901000000001  -0.30036100999999998
10015    0.22823399  -0.16789599999999999  -0.30297100999999999
10016    0.23348099999999999  -0.35153201000000001  -0.37490401000000001
10017    -0.20744800999999999  0.107558  -0.18607699999999999
10018    0.22823399  -0.15740301000000001  -0.29937601000000003
10019    -0.243974  -0.26233801000000001  -0.34624698999999998
10020    -0.22561  -0.34890898999999997  -0.37540700999999999
10021    -0.23872699999999999  -0.35153201000000001  -0.37491398999999997
10022    -0.028857000000000001  -0.085255999999999998  -0.25971401
10023    -0.212842  0.060338000000000003  -0.20692099999999999
10024    -0.243974  -0.35153201000000001  -0.37501900999999999
10025    0.20231399999999999  0.097064999999999999  -0.19125199000000001
10026    -0.07739  -0.35415598999999998  -0.37635099999999999
10027    -0.21249399999999999  -0.35415598999999998  -0.37590699999999999
10028    -0.14690900000000001  -0.35415598999999998  -0.37598600999999998
10029    -0.115429  -0.35415598999999998  -0.37625501
10030    -0.22864000000000001  -0.102312  -0.27510801000000001
10031    0.099687999999999999  -0.35415598999999998  -0.37645999000000002
10032    0.035416000000000003  -0.35415598999999998  -0.37643199999999999
10033    -0.055091000000000001  -0.35415598999999998  -0.37631300000000001
10034    -0.218086  0.0078700000000000003  -0.22791301
10035    0.018363999999999998  -0.19675300000000001  -0.30964699000000001
10036    -0.039350999999999997  -0.093720999999999999  -0.264961
10037    0.220364  -0.35415598999999998  -0.37575199999999997
10038    0.20331199  -0.35415598999999998  -0.37599701000000002
10039    0.15346799999999999  -0.35415598999999998  -0.37613201000000002
10040    -0.020986999999999999  -0.082375000000000004  -0.25971401
10041    0.18626000000000001  0.23085700000000001  -0.12980700000000001
10042    -0.18650299000000001  0.28201300000000001  -0.106335
10043    0.049843999999999999  0.028857000000000001  -0.216554
10044    0.23872699999999999  -0.27545500000000001  -0.35107400999999999
10045    -0.18101300000000001  0.31742901000000001  -0.087593000000000004
10046    -0.18101300000000001  0.32529899000000001  -0.084381999999999999
10047    0.17576601  0.33316900999999999  -0.080778000000000003
10048    -0.049843999999999999  0.249221  -0.12130299999999999
10049    0.18626000000000001  0.24135098999999999  -0.12606300000000001
10050    -0.224299  -0.35415598999999998  -0.37568000000000001
10051    0.18101300000000001  0.28332499  -0.106031
10052    0.23348099999999999  -0.21511699000000001  -0.32402900000000001
10053    0.23348099999999999  -0.204623  -0.32015898999999998
10054    0.025898000000000001  -0.19150600000000001  -0.30693501000000001
10055    -0.17576601  0.38826000999999999  -0.053531000000000002
10056    -0.22298699999999999  -0.044596999999999998  -0.24979198999999999
10057    0.034104000000000002  -0.18101300000000001  -0.30357500999999998
10058    0.17051899000000001  0.39612999999999998  -0.049132000000000002
10059    0.23872699999999999  -0.26233801000000001  -0.34631898999999999
10060    0.22298699999999999  -0.104935  -0.27667201000000002
10061    0.23348099999999999  -0.35940301000000002  -0.37512001
10062    -0.049843999999999999  0.013117  -0.22136700000000001
10063    -0.23348099999999999  -0.154779  -0.29730600000000001
10064    -0.23348099999999999  -0.14690900000000001  -0.29474401
10065    0.118052  -0.35940301000000002  -0.37645200000000001
10066    0.16986399999999999  -0.35940301000000002  -0.37612799000000002
10067    -0.011148999999999999  -0.35940301000000002  -0.37646401000000002
10068    0.042958000000000003  -0.35940301000000002  -0.37647598999999998
10069    -0.19675300000000001  -0.35940301000000002  -0.37594101000000002
10070    -0.14756501  -0.35940301000000002  -0.37600601
10071    -0.114117  -0.35940301000000002  -0.37629199000000002
10072    -0.076078000000000007  -0.35940301000000002  -0.37641599999999997
10073    0.20724699999999999  0.049843999999999999  -0.21060200000000001
10074    0.22298699999999999  -0.094441999999999998  -0.27285701000000001
10075    0.19675300000000001  0.15224399999999999  -0.16627499000000001
10076    0.034104000000000002  -0.094323000000000004  -0.264961
10077    -0.23872699999999999  -0.35940301000000002  -0.37497601000000003
10078    0.220364  -0.35940301000000002  -0.37578898999999999
10079    -0.202178  0.154779  -0.165104
10080    0.23872699999999999  -0.36202601000000001  -0.37502398999999997
10081    0.21792300000000001  -0.039350999999999997  -0.24904499999999999
10082    -0.249221  -0.34062499000000002  -0.37575998999999999
10083    -0.24958999000000001  -0.33185700000000001  -0.37453201000000003
10084    0.21249399999999999  0.0078700000000000003  -0.22819500000000001
10085    -0.21773999999999999  -0.35940301000000002  -0.37581398999999999
10086    0.20734  0.060338000000000003  -0.20715600000000001
10087    -0.249221  -0.320052  -0.37088501000000001
10088    -0.19150600000000001  0.243974  -0.124335
10089    -0.22298699999999999  -0.036727000000000003  -0.247339
10090    -0.219309  -0.034104000000000002  -0.243974
10091    -0.19452900000000001  0.19675300000000001  -0.14428600999999999
10092    -0.19692699999999999  0.20200001000000001  -0.14408499999999999
10093    -0.23872699999999999  -0.20200001000000001  -0.31857799999999997
10094    -0.243974  -0.36202601000000001  -0.37490001000000001
10095    0.243974  -0.33836298999999997  -0.37515198999999999
10096    0.243974  -0.33054500999999997  -0.37380001000000002
10097    0.039350999999999997  0.255133  -0.118052
10098    -0.057043999999999997  0.19675300000000001  -0.14428600999999999
10099    -0.22823399  -0.091817999999999997  -0.27085199999999998
10100    0.228184  -0.14946701000000001  -0.296462
10101    0.20987  -0.364649  -0.37572499999999998
10102    0.053765  0.086570999999999995  -0.19150600000000001
10103    -0.24409798999999999  -0.25184399000000002  -0.34238499
10104    0.191495  0.19939299999999999  -0.14527300000000001
10105    0.052817000000000003  0.049843999999999999  -0.20724699999999999
10106    -0.21091899  0.070831000000000005  -0.20200001000000001
10107    0.20200001000000001  0.104935  -0.18804599
10108    0.17571700000000001  0.34114  -0.077271000000000006
10109    -0.20724699999999999  0.118052  -0.18207400000000001
10110    0.243974  -0.34628599999999998  -0.37619399999999997
10111    -0.20593800000000001  0.118052  -0.18101300000000001
10112    -0.249221  -0.35153201000000001  -0.37674099
10113    -0.057321999999999998  0.076078000000000007  -0.19675300000000001
10114    0.243974  -0.35415598999999998  -0.37672600000000001
10115    0.22050700000000001  -0.091817999999999997  -0.270208
10116    0.22309799  -0.086570999999999995  -0.27009000999999999
10117    0.053586000000000002  0.13379199999999999  -0.17051899000000001
10118    0.052492999999999998  0.12329900000000001  -0.17576601
10119    0.168568  0.40137698999999999  -0.044596999999999998
10120    0.24365899999999999  -0.320052  -0.37090700999999998
10121    0.202454  0.112805  -0.185747
10122    -0.249221  -0.309558  -0.36776900000000001
10123    -0.24903101  -0.30168799000000002  -0.364867
10124    0.18353800000000001  0.243974  -0.12329900000000001
10125    0.186277  0.249221  -0.12328
10126    0.199022  0.118052  -0.18101300000000001
10127    0.23889799  -0.25446798999999998  -0.34349000000000002
10128    0.040661999999999997  -0.364649  -0.37622800000000001
10129    -0.044596999999999998  -0.364649  -0.37609500000000001
10130    -0.096081  -0.364649  -0.37608701
10131    0.121987  -0.364649  -0.37615200999999998
10132    0.160026  -0.364649  -0.37586099000000001
10133    0.180733  0.29154398999999998  -0.102436
10134    0.23089001000000001  -0.20200001000000001  -0.31742901000000001
10135    0.23357800000000001  -0.19675300000000001  -0.31732500000000002
10136    -0.057811000000000001  0.12329900000000001  -0.17576601
10137    0.051744999999999999  0.112805  -0.18101300000000001
10138    0.23348099999999999  -0.364649  -0.37485798999999997
10139    -0.17576601  0.39612999999999998  -0.049725999999999999
10140    -0.21607599999999999  0.018363999999999998  -0.22298699999999999
10141    0.051326999999999998  0.039350999999999997  -0.21249399999999999
10142    0.220364  -0.364649  -0.37550699999999998
10143    -0.22823399  -0.086570999999999995  -0.26927999000000002
10144    -0.23872699999999999  -0.364649  -0.37467200000000001
10145    -0.219052  -0.364649  -0.37542099000000001
10146    -0.13903899  -0.364649  -0.37576198999999999
10147    -0.18363599  -0.364649  -0.37562999000000002
10148    -0.18107999999999999  0.33579200999999997  -0.080052999999999999
10149    -0.21249399999999999  0.070831000000000005  -0.20325499999999999
10150    0.17051899000000001  0.40384599999999998  -0.044596999999999998
10151    0.16664000000000001  0.40662301000000001  -0.039350999999999997
10152    0.19415299999999999  0.165273  -0.160026
10153    -0.056530999999999998  0.18626000000000001  -0.14953200999999999
10154    0.051103999999999997  0.102312  -0.18626000000000001
10155    -0.22473398999999999  -0.081324999999999995  -0.264961
10156    -0.23348099999999999  -0.13903899  -0.29206898999999997
10157    0.21773999999999999  -0.034104000000000002  -0.24723800000000001
10158    0.028486999999999998  -0.18626000000000001  -0.30663899
10159    0.052360999999999998  0.160026  -0.160026
10160    -0.21773999999999999  0.018363999999999998  -0.22427499000000001
10161    -0.17738000000000001  0.33841600999999999  -0.076078000000000007
10162    -0.013117  -0.080227999999999994  -0.25971401
10163    0.05135  0.18626000000000001  -0.14953200999999999
10164    -0.19259200000000001  0.20724699999999999  -0.13903899
10165    0.20186499999999999  0.12378599999999999  -0.18101300000000001
10166    -0.23898099  -0.19675300000000001  -0.31713798999999998
10167    0.21609898999999999  -0.028857000000000001  -0.243974
10168    -0.20200001000000001  0.165273  -0.16189300000000001
10169    0.21000100999999999  0.018363999999999998  -0.22298699999999999
10170    -0.21263399999999999  0.076078000000000007  -0.20183501000000001
10171    -0.19176099999999999  0.249221  -0.123006
10172    -0.20751500000000001  0.12329900000000001  -0.18068699999999999
10173    -0.059133999999999999  0.13379199999999999  -0.17051899000000001
10174    -0.104935  -0.36989599000000001  -0.37550499999999998
10175    -0.154779  -0.36989599000000001  -0.37506898999999999
10176    0.063945000000000002  -0.36989599000000001  -0.37564099000000001
10177    0.106903  -0.36989599000000001  -0.37563401000000002
10178    0.019675000000000002  -0.36989599000000001  -0.37567800000000001
10179    -0.037383  -0.36989599000000001  -0.37558201000000002
10180    -0.219052  -0.36989599000000001  -0.37483000999999999
10181    -0.19019499000000001  -0.36989599000000001  -0.37502598999999998
10182    -0.18610099999999999  0.29145898999999997  -0.102397
10183    0.22565499999999999  -0.13903899  -0.29119500999999998
10184    0.243974  -0.36202601000000001  -0.37654299000000002
10185    -0.24352599999999999  -0.243974  -0.33884599999999998
10186    -0.034104000000000002  -0.090284000000000003  -0.264961
10187    0.19675300000000001  0.16264901000000001  -0.16300701000000001
10188    -0.200103  0.165273  -0.160026
10189    0.023609999999999999  -0.19150600000000001  -0.30833301000000002
10190    -0.217859  0.023609999999999999  -0.22284999
10191    0.20575099999999999  0.073455000000000006  -0.20200001000000001
10192    -0.249221  -0.36202601000000001  -0.37646201000000001
10193    0.19642699999999999  0.17051899000000001  -0.160026
10194    0.22120500000000001  -0.076078000000000007  -0.264961
10195    0.18925500000000001  0.21249399999999999  -0.13903899
10196    0.15609100000000001  -0.36989599000000001  -0.37527999000000001
10197    0.20200001000000001  -0.36989599000000001  -0.375166
10198    -0.187941  0.25446798999999998  -0.118052
10199    -0.23872699999999999  -0.36989599000000001  -0.37406799000000002
10200    0.23872699999999999  -0.37251898999999999  -0.37382599999999999
10201    0.23348099999999999  -0.36989599000000001  -0.374282
10202    0.220364  -0.36989599000000001  -0.37489399000000001
10203    -0.243974  -0.37251898999999999  -0.37363201000000001
10204    -0.23485400000000001  -0.19150600000000001  -0.31218201000000001
10205    0.23757701000000001  -0.243974  -0.33841600999999999
10206    -0.20394598999999999  0.12854499999999999  -0.17576601
10207    0.24431799000000001  -0.31218201000000001  -0.369454
10208    0.22823399  -0.14166200000000001  -0.29430401
10209    0.212036  0.023609999999999999  -0.22298699999999999
10210    -0.23045099999999999  -0.12854499999999999  -0.28594800999999997
10211    0.0026229999999999999  -0.20200001000000001  -0.31373300999999998
10212    0.17919399999999999  0.30168799000000002  -0.097064999999999999
10213    0.22778000000000001  -0.13379199999999999  -0.29119500999999998
10214    0.20724699999999999  0.070831000000000005  -0.20419200000000001
10215    0.23872699999999999  -0.249221  -0.34160798999999997
10216    -0.17308899999999999  0.40137698999999999  -0.044596999999999998
10217    -0.22867601000000001  -0.083947999999999995  -0.26890001000000002
10218    0.20200001000000001  0.118052  -0.183339
10219    0.17324400000000001  0.364649  -0.065584000000000003
10220    0.19150600000000001  0.20724699999999999  -0.14285900000000001
10221    0.19150600000000001  0.21249399999999999  -0.14122100000000001
10222    0.217776  -0.023609999999999999  -0.243927
10223    -0.19675300000000001  0.20724699999999999  -0.14227501000000001
10224    0.231739  -0.18626000000000001  -0.31218201000000001
10225    0.051922000000000003  0.19675300000000001  -0.14428600999999999
10226    0.05219  0.076078000000000007  -0.19675300000000001
10227    0.22298699999999999  -0.081324999999999995  -0.268482
10228    0.18101300000000001  0.29906498999999998  -0.10006
10229    0.19118599999999999  0.21773999999999999  -0.13903899
10230    0.24337900000000001  -0.30168799000000002  -0.364649
10231    -0.222579  -0.028857000000000001  -0.24437200000000001
10232    0.22299699000000001  -0.070831000000000005  -0.26494699999999999
10233    0.21249399999999999  0.018363999999999998  -0.225269
10234    -0.24654400000000001  -0.29119500999999998  -0.35940301000000002
10235    -0.076078000000000007  -0.37514299000000001  -0.37464600999999997
10236    -0.112805  -0.37514299000000001  -0.37453699000000001
10237    0.083947999999999995  -0.37514299000000001  -0.37468900999999999
10238    0.023609999999999999  -0.37514299000000001  -0.37469598999999998
10239    -0.033776  -0.37514299000000001  -0.37463700999999999
10240    0.23348099999999999  -0.18888300999999999  -0.31481599999999998
10241    0.17576601  0.34890898999999997  -0.074277999999999997
10242    0.174455  0.35415598999999998  -0.070831000000000005
10243    0.17599799999999999  0.35890000999999999  -0.070663000000000004
10244    -0.17576601  0.40642898999999999  -0.044485999999999998
10245    0.244142  -0.37251898999999999  -0.37529900999999999
10246    -0.23374701000000001  -0.13379199999999999  -0.29084900000000002
10247    -0.24433299999999999  -0.23872699999999999  -0.33794998999999998
10248    -0.249221  -0.37300599000000001  -0.37494901000000003
10249    -0.195465  0.21249399999999999  -0.13903899
10250    -0.18724399999999999  -0.37514299000000001  -0.37409400999999998
10251    -0.14428600999999999  -0.37514299000000001  -0.374199
10252    -0.219052  -0.37514299000000001  -0.37389099999999997
10253    -0.23872699999999999  -0.37514299000000001  -0.37312700999999998
10254    0.23893800000000001  -0.23920999000000001  -0.33827400000000002
10255    -0.17576601  0.40137698999999999  -0.047314000000000002
10256    0.23595899000000001  -0.23348000999999999  -0.33316900999999999
10257    0.17533599999999999  0.36989599000000001  -0.065584000000000003
10258    0.133136  -0.37514299000000001  -0.374475
10259    0.20331199  -0.37514299000000001  -0.37412801000000001
10260    0.220364  -0.37514299000000001  -0.37387999999999999
10261    0.16920800999999999  -0.37514299000000001  -0.37423801000000001
10262    0.18443000000000001  0.25971401  -0.118052
10263    -0.24954398999999999  -0.29644199999999998  -0.36421599999999998
10264    -0.22587500999999999  -0.065584000000000003  -0.25971401
10265    -0.21577001000000001  0.034104000000000002  -0.21773999999999999
10266    0.23348099999999999  -0.37514299000000001  -0.37328499999999998
10267    0.18104000000000001  0.30693501000000001  -0.097025
10268    -0.24506600000000001  -0.28070100999999997  -0.35415598999999998
10269    -0.241703  -0.23348000999999999  -0.33316900999999999
10270    0.17816899999999999  0.31218201000000001  -0.091817999999999997
10271    -0.179424  0.35415598999999998  -0.070831000000000005
10272    -0.23872699999999999  -0.18888300999999999  -0.31446201000000001
10273    -0.18073900000000001  0.34408  -0.076253000000000001
10274    -0.036611999999999999  -0.091817999999999997  -0.264961
10275    0.20446  0.086570999999999995  -0.19675300000000001
10276    -0.22823399  -0.38038999000000001  -0.37248599999999998
10277    -0.22323800999999999  -0.023609999999999999  -0.24364699000000001
10278    -0.23750300999999999  -0.18626000000000001  -0.31218201000000001
10279    -0.21079898999999999  0.086570999999999995  -0.19675300000000001
10280    -0.21249399999999999  0.081324999999999995  -0.20043799000000001
10281    -0.22805700000000001  -0.074828000000000006  -0.26516601000000001
10282    0.18626000000000001  0.25709099000000002  -0.121008
10283    0.22152901  -0.060338000000000003  -0.25971401
10284    0.23342399  -0.180668  -0.31218201000000001
10285    0.24169599999999999  -0.29119500999999998  -0.35940301000000002
10286    0.20007200999999999  0.13379199999999999  -0.17576601
10287    -0.18431500000000001  0.30168799000000002  -0.097064999999999999
10288    -0.19150600000000001  0.25446798999999998  -0.12120499999999999
10289    0.17211699  0.37514299000000001  -0.060338000000000003
10290    -0.21995600000000001  -0.018363999999999998  -0.23872699999999999
10291    -0.21118200000000001  -0.38038999000000001  -0.37280398999999997
10292    -0.21773999999999999  0.028857000000000001  -0.22151899
10293    -0.21773999999999999  0.034104000000000002  -0.22020200000000001
10294    0.237929  -0.22823399  -0.33316900999999999
10295    0.17051899000000001  0.41148600000000002  -0.039042
10296    -0.15215600000000001  -0.38038999000000001  -0.37294999000000001
10297    -0.20724699999999999  0.12854499999999999  -0.17886899000000001
10298    -0.20630299999999999  0.13379199999999999  -0.17576601
10299    0.180205  0.31742901000000001  -0.091817999999999997
10300    -0.235709  -0.17576601  -0.30693501000000001
10301    -0.19789699999999999  0.17576601  -0.154779
10302    0.20977799999999999  0.034104000000000002  -0.21773999999999999
10303    -0.23872699999999999  -0.38038999000000001  -0.37189900999999997
10304    -0.19678899999999999  0.21773999999999999  -0.13898399
10305    0.102312  -0.38038999000000001  -0.37336299000000001
10306    0.065584000000000003  -0.38038999000000001  -0.37337600999999998
10307    0.011805  -0.38038999000000001  -0.37340599000000002
10308    -0.034104000000000002  -0.38038999000000001  -0.37335199000000002
10309    -0.078700999999999993  -0.38038999000000001  -0.37337398999999999
10310    0.20605699999999999  0.091817999999999997  -0.19675300000000001
10311    0.17418900000000001  0.38038999000000001  -0.060338000000000003
10312    -0.0078700000000000003  -0.079281000000000004  -0.25971401
10313    0.243974  -0.30693501000000001  -0.36748099000000001
10314    0.185945  0.264961  -0.118052
10315    0.21511699000000001  -0.38038999000000001  -0.37268498999999999
10316    0.17248701  -0.38038999000000001  -0.37291601000000002
10317    0.13772701000000001  -0.38038999000000001  -0.37310699000000003
10318    -0.19675300000000001  0.21249399999999999  -0.14066701000000001
10319    -0.232596  -0.12329900000000001  -0.28594800999999997
10320    0.22604799  -0.12329900000000001  -0.28594800999999997
10321    -0.240477  -0.22298699999999999  -0.32792199
10322    -0.19365399999999999  0.22298699999999999  -0.13379199999999999
10323    0.215951  -0.013117  -0.23872699999999999
10324    0.22975200000000001  -0.17576601  -0.30693501000000001
10325    0.23169200000000001  -0.17051899000000001  -0.30693501000000001
10326    0.19452800000000001  0.18101300000000001  -0.154779
10327    -0.18101300000000001  0.35940301000000002  -0.070831000000000005
10328    0.22419600000000001  -0.112805  -0.28070100999999997
10329    -0.230763  -0.112805  -0.28070100999999997
10330    -0.23348099999999999  -0.12854499999999999  -0.28902301000000002
10331    -0.243974  -0.38317999000000003  -0.37092000000000003
10332    0.23348099999999999  -0.38038999000000001  -0.37194200999999999
10333    0.23872699999999999  -0.38324901  -0.37101400000000001
10334    0.24326800000000001  -0.28594800999999997  -0.35940301000000002
10335    -0.23877599999999999  -0.18101300000000001  -0.31210700000000002
10336    0.20744000000000001  0.081324999999999995  -0.20169801000000001
10337    -0.243974  -0.23348000999999999  -0.33571898999999999
10338    -0.17813999999999999  0.364649  -0.065584000000000003
10339    -0.249221  -0.29119500999999998  -0.36236300999999999
10340    0.20154899000000001  0.13903899  -0.17576601
10341    -0.18626000000000001  0.30168799000000002  -0.099535999999999999
10342    -0.209034  0.097064999999999999  -0.19150600000000001
10343    -0.19028500000000001  0.25971401  -0.118052
10344    0.18270600000000001  0.270208  -0.112805
10345    0.19827898999999999  0.14428600999999999  -0.17051899000000001
10346    0.17576601  0.364649  -0.068454000000000001
10347    -0.18305900999999999  0.31218201000000001  -0.091817999999999997
10348    0.21115801000000001  0.039350999999999997  -0.21773999999999999
10349    0.22592300000000001  -0.107558  -0.28070100999999997
10350    0.23872699999999999  -0.23348000999999999  -0.33630400999999999
10351    0.243974  -0.38038999000000001  -0.37340799000000002
10352    -0.21249399999999999  0.086570999999999995  -0.19914000000000001
10353    0.20238701000000001  0.12854499999999999  -0.18041299
10354    0.241982  -0.27545500000000001  -0.35415598999999998
10355    -0.10624699999999999  -0.38563599999999998  -0.37168401000000001
10356    0.18442801  0.27545500000000001  -0.112805
10357    -0.22298699999999999  -0.018363999999999998  -0.24195801
10358    0.19988400000000001  0.14953200999999999  -0.17051899000000001
10359    -0.20427600000000001  0.14428600999999999  -0.17051899000000001
10360    -0.249221  -0.38038999000000001  -0.37322301000000002
10361    -0.22199699000000001  -0.013117  -0.23872699999999999
10362    0.219661  -0.049843999999999999  -0.25446798999999998
10363    0.22298699999999999  -0.065584000000000003  -0.26362899000000001
10364    -0.20593500000000001  -0.38563599999999998  -0.37124401000000001
10365    -0.14953200999999999  -0.38563599999999998  -0.37134799000000002
10366    -0.22561  -0.38563599999999998  -0.37095698999999999
10367    -0.23354  -0.118477  -0.28594800999999997
10368    0.24418201  -0.29644199999999998  -0.36433300000000002
10369    0.18101300000000001  0.31218201000000001  -0.095323000000000005
10370    -0.248447  -0.28594800999999997  -0.35940301000000002
10371    -0.199876  0.18101300000000001  -0.154779
10372    -0.22823399  -0.065584000000000003  -0.26274499000000001
10373    0.197051  0.17576601  -0.15957899
10374    -0.23741899  -0.17051899000000001  -0.30693501000000001
10375    0.19280601  0.19150600000000001  -0.14953200999999999
10376    0.18942299000000001  0.22823399  -0.13379199999999999
10377    -0.18141599999999999  0.34890898999999997  -0.075463000000000002
10378    -0.18101300000000001  0.35415598999999998  -0.073002999999999998
10379    -0.038858999999999998  -0.38563599999999998  -0.37170600999999998
10380    0.20068800000000001  -0.38563599999999998  -0.37105301000000002
10381    0.21511699000000001  -0.38563599999999998  -0.37090200000000001
10382    0.119364  -0.38563599999999998  -0.37155800999999999
10383    0.087883000000000003  -0.38563599999999998  -0.37166300000000002
10384    0.015740000000000001  -0.38563599999999998  -0.37173500999999998
10385    -0.24721699999999999  -0.27545500000000001  -0.35415598999999998
10386    0.22264101  -0.055091000000000001  -0.25971401
10387    0.21806400000000001  -0.018363999999999998  -0.24340200000000001
10388    -0.23872699999999999  -0.38611799000000002  -0.37006899999999998
10389    -0.22756699999999999  -0.060338000000000003  -0.25971401
10390    -0.24230299999999999  -0.21773999999999999  -0.32792199
10391    -0.19150600000000001  0.25971401  -0.11985
10392    -0.22025400000000001  -0.0026229999999999999  -0.23348099999999999
10393    -0.19539300000000001  0.22823399  -0.13379199999999999
10394    -0.18859901000000001  0.270208  -0.112805
10395    0.21412900000000001  -0.0026229999999999999  -0.23348099999999999
10396    0.22106101  -0.044596999999999998  -0.25446798999999998
10397    -0.217228  0.039350999999999997  -0.21773999999999999
10398    0.236514  -0.21773999999999999  -0.32792199
10399    -0.20188400000000001  0.17150799999999999  -0.160026
10400    0.23348099999999999  -0.38563599999999998  -0.37019398999999997
10401    -0.21518499999999999  0.049843999999999999  -0.21249399999999999
10402    0.21263299999999999  0.028857000000000001  -0.22275400000000001
10403    0.22845799999999999  -0.12854499999999999  -0.29081899
10404    -0.23233400000000001  -0.107558  -0.28070100999999997
10405    0.19431098999999999  0.19675300000000001  -0.14953200999999999
10406    -0.17992599000000001  0.36989599000000001  -0.065584000000000003
10407    -0.176902  0.37514299000000001  -0.060338000000000003
10408    -0.23436201000000001  -0.14953200999999999  -0.29644199999999998
10409    0.227437  -0.118052  -0.28594800999999997
10410    -0.20724699999999999  0.13379199999999999  -0.177366
10411    -0.222992  -0.0079459999999999999  -0.23871899999999999
10412    0.21701300000000001  -0.0078700000000000003  -0.23872699999999999
10413    0.20724699999999999  0.086570999999999995  -0.20045499999999999
10414    -0.22580500000000001  -0.049843999999999999  -0.25446798999999998
10415    0.17915601  0.32792199  -0.086570999999999995
10416    -0.20724699999999999  -0.38942900000000003  -0.36989599000000001
10417    0.081324999999999995  -0.39088299999999998  -0.36965399999999998
10418    0.0062310000000000004  -0.39088299999999998  -0.36976901000000001
10419    -0.053122999999999997  -0.39083600000000002  -0.36980100999999999
10420    -0.102312  -0.39088299999999998  -0.36977898999999997
10421    -0.13903899  -0.39088299999999998  -0.36953601000000003
10422    -0.21773999999999999  -0.39088299999999998  -0.36919500999999999
10423    0.013948  -0.19675300000000001  -0.31218201000000001
10424    -0.23348099999999999  -0.39088299999999998  -0.36856498999999998
10425    -0.235815  -0.160026  -0.30168799000000002
10426    0.19594200000000001  0.18626000000000001  -0.154779
10427    0.23872699999999999  -0.39088299999999998  -0.36823299999999998
10428    -0.24923999999999999  -0.28101399999999999  -0.35936600000000002
10429    0.21541299999999999  0.0026229999999999999  -0.23348099999999999
10430    -0.24380399  -0.22771100999999999  -0.33333500999999999
10431    -0.207233  0.13903899  -0.17576601
10432    -0.245638  -0.264961  -0.34890898999999997
10433    0.209177  0.049843999999999999  -0.21249399999999999
10434    -0.210619  0.102312  -0.19150600000000001
10435    0.22298699999999999  -0.39088299999999998  -0.36865300000000001
10436    0.20331199  -0.39088299999999998  -0.368954
10437    0.13444801000000001  -0.39088299999999998  -0.36934799000000001
10438    -0.19140001000000001  0.264961  -0.118052
10439    -0.243974  -0.39088299999999998  -0.36805599999999999
10440    0.229633  -0.160026  -0.30168799000000002
10441    -0.23872699999999999  -0.17576601  -0.31086299000000001
10442    -0.22824501  -0.055308999999999997  -0.25969400999999998
10443    0.19167899999999999  0.22298699999999999  -0.13872001
10444    -0.18207400000000001  0.32267498999999999  -0.086570999999999995
10445    -0.217774  0.044596999999999998  -0.21767700000000001
10446    0.23348099999999999  -0.39088299999999998  -0.36816399999999999
10447    -0.18587798999999999  0.30693501000000001  -0.097064999999999999
10448    0.24029499000000001  -0.264961  -0.34890898999999997
10449    0.242955  -0.270208  -0.35415598999999998
10450    -0.20214599  0.17576601  -0.15976501000000001
10451    -0.17576601  0.41187000000000001  -0.041798000000000002
10452    0.24429600000000001  -0.39088299999999998  -0.36969300999999999
10453    -0.249221  -0.39008099000000002  -0.36957899
10454    -0.197023  0.22298699999999999  -0.13846800000000001
10455    -0.18593199999999999  -0.39088299999999998  -0.36937999999999999
10456    -0.20553299999999999  0.14953200999999999  -0.17051899000000001
10457    -0.17873998999999999  0.38038999000000001  -0.060338000000000003
10458    0.18768900999999999  0.23872699999999999  -0.12854499999999999
10459    0.23272399999999999  -0.165273  -0.30693501000000001
10460    -0.24417800000000001  -0.22298699999999999  -0.332789
10461    0.17582600000000001  0.37398699000000002  -0.065454999999999999
10462    -0.18474900999999999  0.31742901000000001  -0.091817999999999997
10463    0.234871  -0.20724699999999999  -0.32267498999999999
10464    -0.22159999999999999  0.0026229999999999999  -0.23348099999999999
10465    0.18631600000000001  0.26890998999999999  -0.11793099999999999
10466    -0.25294899999999998  -0.35153201000000001  -0.38038999000000001
10467    -0.25315100000000001  -0.35940301000000002  -0.38038999000000001
10468    -0.25206100999999997  -0.38038999000000001  -0.37514299000000001
10469    -0.25422098999999998  -0.38644498999999999  -0.37514299000000001
10470    0.24638199999999999  -0.38038999000000001  -0.37514299000000001
10471    0.24818200000000001  -0.38563599999999998  -0.37514299000000001
10472    -0.22823399  -0.39612999999999998  -0.36619401000000001
10473    0.118052  -0.39612999999999998  -0.36684501000000003
10474    0.17707798999999999  -0.39612999999999998  -0.36635699999999999
10475    0.21249399999999999  -0.39612999999999998  -0.36617199
10476    -0.086570999999999995  -0.39612999999999998  -0.36714300999999999
10477    0.035907000000000001  -0.39612999999999998  -0.36701599000000001
10478    -0.019347  -0.39612999999999998  -0.36710101000000001
10479    -0.20724699999999999  -0.39612999999999998  -0.36661500000000002
10480    -0.14953200999999999  -0.39612999999999998  -0.36677101000000001
10481    -0.243974  -0.39612999999999998  -0.36520699000000001
10482    0.23348099999999999  -0.39612999999999998  -0.36531999999999998
10483    0.23872699999999999  -0.39612999999999998  -0.36533599999999999
10484    0.243974  -0.39612999999999998  -0.36657399000000002
10485    -0.249221  -0.39736199  -0.36547899
10486    -0.099687999999999999  -0.40137698999999999  -0.36382699000000002
10487    -0.069847000000000006  -0.40137698999999999  -0.36383199999999999
10488    -0.031481000000000002  -0.40137698999999999  -0.36379900999999998
10489    0.012789  -0.40137698999999999  -0.36372900000000002
10490    0.070831000000000005  -0.40137698999999999  -0.36363399000000002
10491    0.115429  -0.40137698999999999  -0.36350599
10492    0.16264901000000001  -0.40137698999999999  -0.36303401000000002
10493    0.204623  -0.40137698999999999  -0.36285900999999998
10494    -0.13379199999999999  -0.40137698999999999  -0.36360200999999998
10495    -0.154779  -0.40137698999999999  -0.36337598999999998
10496    -0.20724699999999999  -0.40137698999999999  -0.36321800999999998
10497    -0.22692201000000001  -0.40137698999999999  -0.36276299000000001
10498    0.22823399  -0.40137698999999999  -0.36220801000000002
10499    0.23872699999999999  -0.40137698999999999  -0.36188399999999998
10500    -0.034104000000000002  -0.089576000000000003  -0.270208
10501    -0.028857000000000001  -0.086653999999999995  -0.264961
10502    -0.029731  -0.085920999999999997  -0.270208
10503    -0.023609999999999999  -0.083595000000000003  -0.264961
10504    -0.023609999999999999  -0.080203999999999998  -0.27545500000000001
10505    -0.034484000000000001  -0.086194000000000007  -0.28070100999999997
10506    -0.028857000000000001  -0.081391000000000005  -0.28081899999999999
10507    -0.023609999999999999  -0.077974000000000002  -0.28070100999999997
10508    -0.018363999999999998  -0.078630000000000005  -0.27283099
10509    -0.019054999999999999  -0.075656000000000001  -0.28070100999999997
10510    -0.018363999999999998  -0.081175999999999998  -0.264961
10511    -0.013117  -0.079510999999999998  -0.264961
10512    -0.013117  -0.075964000000000004  -0.27545500000000001
10513    -0.013117  -0.073002999999999998  -0.28070100999999997
10514    -0.039400999999999999  -0.092686000000000004  -0.27798599000000002
10515    -0.039350999999999997  -0.095235  -0.270208
10516    -0.039350999999999997  -0.089459999999999998  -0.28594800999999997
10517    -0.040967000000000003  -0.097064999999999999  -0.270208
10518    -0.040890000000000003  -0.091817999999999997  -0.28594800999999997
10519    -0.041737999999999997  -0.097064999999999999  -0.27545500000000001
10520    -0.0078700000000000003  -0.075065000000000007  -0.27545500000000001
10521    -0.0078700000000000003  -0.078424999999999995  -0.264961
10522    -0.0078700000000000003  -0.071820999999999996  -0.28070100999999997
10523    0.0078700000000000003  -0.194769  -0.33316900999999999
10524    0.0026229999999999999  -0.19703399999999999  -0.33316900999999999
10525    0.013266  -0.19160200999999999  -0.33316900999999999
10526    0.0078700000000000003  -0.19635200999999999  -0.32583001
10527    0.0078700000000000003  -0.19784900999999999  -0.31742901000000001
10528    0.0026229999999999999  -0.19981099999999999  -0.31742901000000001
10529    0.013117  -0.19511800000000001  -0.31742901000000001
10530    0.018363999999999998  -0.19150600000000001  -0.31661400000000001
10531    0.018363999999999998  -0.19320300000000001  -0.31218201000000001
10532    0.024320999999999999  -0.18709500000000001  -0.31218201000000001
10533    0.020927999999999999  -0.18626000000000001  -0.32792199
10534    0.014888  -0.19150600000000001  -0.32792199
10535    0.025950000000000001  -0.18101300000000001  -0.32792199
10536    0.029118999999999999  -0.18138299999999999  -0.31218201000000001
10537    0.030790999999999999  -0.17576601  -0.32267498999999999
10538    0.034034000000000002  -0.17576601  -0.306784
10539    0.034102  -0.170515  -0.32267498999999999
10540    0.034745999999999999  -0.17051899000000001  -0.31742901000000001
10541    0.036366000000000002  -0.17051899000000001  -0.30693501000000001
10542    -0.25540700999999999  -0.37776600999999999  -0.39088299999999998
10543    -0.254747  -0.39088299999999998  -0.39088299999999998
10544    -0.25522599000000001  -0.38563599999999998  -0.39088299999999998
10545    0.208427  0.065584000000000003  -0.20724699999999999
10546    0.20901500000000001  0.070831000000000005  -0.20724699999999999
10547    -0.17116401000000001  0.43810399999999999  0.010494
10548    -0.17151  0.43810399999999999  -0.015740000000000001
10549    -0.17144599999999999  0.43810399999999999  -0.0052469999999999999
10550    -0.270208  -0.43032700000000002  -0.20987
10551    -0.270208  -0.43149199999999999  -0.220364
10552    -0.270208  -0.43245801  -0.22823399
10553    -0.27437898999999999  -0.43285700999999999  -0.18888300999999999
10554    -0.270208  -0.42943000999999997  -0.199377
10555    -0.270208  -0.42864998999999998  -0.184948
10556    -0.27538201000000001  -0.43271398999999999  -0.17765599000000001
10557    -0.270208  -0.42815301  -0.16789599999999999
10558    -0.27545500000000001  -0.43166500000000002  -0.16789599999999999
10559    -0.270208  -0.42803001000000002  -0.15740301000000001
10560    -0.27545500000000001  -0.43064299  -0.15740301000000001
10561    0.039350999999999997  0.013117  -0.226078
10562    0.044596999999999998  0.018363999999999998  -0.22149999000000001
10563    0.049843999999999999  0.034104000000000002  -0.215837
10564    0.264961  -0.43102699999999999  -0.21249399999999999
10565    0.26496600999999997  -0.43283999000000001  -0.228294
10566    0.264961  -0.43188599  -0.220364
10567    0.26705199000000002  -0.43285700999999999  -0.204623
10568    0.264961  -0.43021600999999998  -0.204623
10569    0.264961  -0.42932798999999999  -0.19413
10570    0.26922399000000002  -0.43285700999999999  -0.18363599
10571    0.264961  -0.42871100000000001  -0.18363599
10572    0.264961  -0.42831200000000003  -0.17314299999999999
10573    0.25971401  -0.42836899000000001  -0.23085700000000001
10574    0.26350001000000001  -0.43285700999999999  -0.24266199999999999
10575    0.25971401  -0.42881100999999999  -0.24135098999999999
10576    0.25971401  -0.42952499  -0.25184399000000002
10577    0.270208  -0.43213098999999999  -0.16789599999999999
10578    0.26133201  -0.43285700999999999  -0.26233801000000001
10579    0.264961  -0.42807400000000001  -0.16264901000000001
10580    0.25971401  -0.42811900000000003  -0.220364
10581    0.270208  -0.43130401000000002  -0.160026
10582    0.270208  -0.43055200999999999  -0.15215600000000001
10583    0.25971401  -0.42802000000000001  -0.21249399999999999
10584    0.264961  -0.42793101  -0.15084399000000001
10585    0.270208  -0.42967799000000001  -0.14166200000000001
10586    0.27246299000000002  -0.43285700999999999  -0.14428600999999999
10587    0.25971401  -0.42793101  -0.204623
10588    0.270208  -0.42901700999999998  -0.13116901
10589    0.27431601  -0.43285700999999999  -0.121987
10590    0.270208  -0.42856898999999998  -0.120675
10591    0.270208  -0.42826501  -0.110182
10592    0.27547898999999998  -0.43285700999999999  -0.107902
10593    0.27545500000000001  -0.431894  -0.099687999999999999
10594    0.270208  -0.42805799999999999  -0.099687999999999999
10595    0.27545500000000001  -0.43074799000000003  -0.089194999999999997
10596    0.270208  -0.42791699999999999  -0.089194999999999997
10597    0.27545500000000001  -0.42977700000000002  -0.078700999999999993
10598    0.270208  -0.42782500000000001  -0.078700999999999993
10599    0.27545500000000001  -0.42905700000000002  -0.068208000000000005
10600    0.278393  -0.43285700999999999  -0.073455000000000006
10601    0.27972701  -0.43285700999999999  -0.059026000000000002
10602    0.27545500000000001  -0.42859301  -0.057714000000000001
10603    0.27545500000000001  -0.42828500000000003  -0.047220999999999999
10604    0.28070100999999997  -0.43207299999999998  -0.041973999999999997
10605    0.27545500000000001  -0.42811701000000002  -0.039350999999999997
10606    0.28070100999999997  -0.43113100999999998  -0.034104000000000002
10607    0.27545500000000001  -0.42801698999999999  -0.031481000000000002
10608    0.28070100999999997  -0.43029900999999998  -0.026234
10609    0.27545500000000001  -0.42793900000000001  -0.020986999999999999
10610    0.27685200999999998  -0.43285700999999999  -0.090506000000000003
10611    0.28070100999999997  -0.42943299000000001  -0.015740000000000001
10612    0.28386499999999998  -0.43285700999999999  -0.015740000000000001
10613    0.28070100999999997  -0.42885499999999999  -0.0052469999999999999
10614    0.28492098999999999  -0.43285700999999999  -0.0052469999999999999
10615    0.28070100999999997  -0.42845698999999998  0.0052469999999999999
10616    0.28617199999999998  -0.43268999000000002  0.0091789999999999997
10617    0.28594800999999997  -0.43155700000000002  0.015740000000000001
10618    0.28070100999999997  -0.42824100999999998  0.013117
10619    0.28070100999999997  -0.42807700999999998  0.020986999999999999
10620    0.28594800999999997  -0.43064699000000001  0.023609999999999999
10621    0.28594800999999997  -0.42988300000000002  0.031481000000000002
10622    0.28891301000000003  -0.43285700999999999  0.036727000000000003
10623    0.28594800999999997  -0.42915499000000001  0.041973999999999997
10624    0.29028901000000001  -0.43285700999999999  0.051156
10625    0.28594800999999997  -0.42866399999999999  0.052468000000000001
10626    0.28594800999999997  -0.42840298999999998  0.060338000000000003
10627    0.29119399000000001  -0.43285700999999999  0.060338000000000003
10628    0.29119500999999998  -0.43186000000000002  0.068208000000000005
10629    0.28594800999999997  -0.42820901  0.068208000000000005
10630    0.29119500999999998  -0.43063500999999998  0.078700999999999993
10631    0.28594800999999997  -0.42807600000000001  0.078700999999999993
10632    0.29119500999999998  -0.42972000999999999  0.089194999999999997
10633    0.28170498999999999  -0.43285700999999999  -0.036727000000000003
10634    0.29297999000000002  -0.43285700999999999  0.078700999999999993
10635    0.29502600000000001  -0.43285700999999999  0.098377000000000006
10636    0.29119500999999998  -0.42908400000000002  0.099687999999999999
10637    0.29119500999999998  -0.42863100999999998  0.110182
10638    0.29644701000000001  -0.43284099999999998  0.11273900000000001
10639    0.29644199999999998  -0.43188900000000002  0.120675
10640    0.29119500999999998  -0.42837101  0.118052
10641    0.29119500999999998  -0.42820599999999998  0.12592199000000001
10642    0.29644199999999998  -0.43100500000000003  0.12854499999999999
10643    0.29644199999999998  -0.43027100000000001  0.13641600000000001
10644    0.29119500999999998  -0.42807498999999999  0.13641600000000001
10645    0.29644199999999998  -0.429508  0.14690900000000001
10646    0.28070100999999997  -0.42794599999999999  0.031481000000000002
10647    0.29809099  -0.43285700999999999  0.13116901
10648    0.30008500999999999  -0.43285700999999999  0.15215600000000001
10649    0.29644199999999998  -0.42877399999999999  0.16133800000000001
10650    0.30175300999999999  -0.43276598999999999  0.17051899000000001
10651    0.29644199999999998  -0.42838400999999998  0.17314299999999999
10652    0.30168799000000002  -0.43188198999999999  0.17838999999999999
10653    0.29644199999999998  -0.42820998999999998  0.18101300000000001
10654    0.30168799000000002  -0.43112498999999999  0.18626000000000001
10655    0.29644199999999998  -0.42810800999999998  0.18888300999999999
10656    0.30168799000000002  -0.43043101  0.19413
10657    0.29644199999999998  -0.42800599  0.199377
10658    0.30358201000000001  -0.43285700999999999  0.19150700000000001
10659    0.30168799000000002  -0.42961498999999997  0.204623
10660    0.30578699999999998  -0.43285700999999999  0.213805
10661    0.30168799000000002  -0.42896399000000002  0.21511699000000001
10662    0.30168799000000002  -0.42852601000000001  0.22561
10663    0.30693501000000001  -0.43232398999999999  0.23085700000000001
10664    0.30168799000000002  -0.42826598999999999  0.23610400000000001
10665    0.30693501000000001  -0.43131301  0.24135098999999999
10666    0.30168799000000002  -0.42806801  0.24790899
10667    0.30693501000000001  -0.43056499999999998  0.249221
10668    0.30693501000000001  -0.429869  0.25709099000000002
10669    0.30995801000000001  -0.43285700999999999  0.26233801000000001
10670    0.30693501000000001  -0.42915899000000002  0.26758399999999999
10671    0.31119701  -0.43285700999999999  0.27676600000000001
10672    0.30693501000000001  -0.42866299000000002  0.27807799
10673    0.30693501000000001  -0.42823601  0.29250600999999998
10674    0.31224500999999999  -0.43276301  0.29119500999999998
10675    0.31218201000000001  -0.43138599  0.30431198999999998
10676    0.30693501000000001  -0.42800899999999997  0.30431198999999998
10677    0.31218201000000001  -0.43040600000000001  0.31611698999999999
10678    0.30693501000000001  -0.42786899  0.314805
10679    0.31218201000000001  -0.42966101000000001  0.33054500999999997
10680    0.30168799000000002  -0.42788100000000001  0.26233801000000001
10681    0.30767801  -0.43285700999999999  0.23610400000000001
10682    0.264961  -0.42780799000000003  -0.13641600000000001
10683    0.31218201000000001  -0.42969200000000002  0.34103899999999998
10684    0.31509501000000001  -0.43285700999999999  0.33316900999999999
10685    0.31501999000000003  -0.43285700999999999  0.34103899999999998
10686    0.31392600999999998  -0.43285700999999999  0.31349399999999999
10687    0.31218201000000001  -0.43025198999999997  0.34890898999999997
10688    0.30693501000000001  -0.42776998999999999  0.34628599999999998
10689    0.28594800999999997  -0.42802500999999998  0.089194999999999997
10690    0.31218201000000001  -0.43111399  0.35415598999999998
10691    0.30693501000000001  -0.42795199  0.35415598999999998
10692    0.31224300999999999  -0.43268999000000002  0.35964700999999999
10693    0.30693501000000001  -0.42828801  0.35940301000000002
10694    0.30693501000000001  -0.42904499000000001  0.364649
10695    0.31398400999999998  -0.43285700999999999  0.35153201000000001
10696    0.25971401  -0.43065398999999999  -0.26233801000000001
10697    0.25971401  -0.43205300000000002  -0.27283099
10698    0.25446798999999998  -0.42803201000000002  -0.26758399999999999
10699    0.25446798999999998  -0.42838200999999998  -0.27807799
10700    0.25827399000000001  -0.43285700999999999  -0.28988299000000001
10701    0.25446798999999998  -0.42902099999999999  -0.28857100000000002
10702    0.25446798999999998  -0.43010198999999999  -0.29906498999999998
10703    0.25595899999999999  -0.43285700999999999  -0.30693501000000001
10704    0.25446798999999998  -0.43133101000000001  -0.309558
10705    0.249221  -0.42792401000000002  -0.30431198999999998
10706    0.249221  -0.42802200000000001  -0.314805
10707    0.25446798999999998  -0.43207601000000001  -0.31742901000000001
10708    0.249221  -0.42790201  -0.32267498999999999
10709    0.25449400999999999  -0.43281299000000001  -0.32792199
10710    0.24926101000000001  -0.42758699999999999  -0.32792199
10711    0.25439399000000001  -0.43285700999999999  -0.33316900999999999
10712    0.249726  -0.42725598999999997  -0.33316900999999999
10713    0.25432700000000003  -0.43285700999999999  -0.33841600999999999
10714    0.27046901000000001  -0.43285700999999999  -0.17051899000000001
10715    0.024922  -0.42769798999999997  -0.29906498999999998
10716    0.0026229999999999999  -0.42778501000000002  -0.29119500999999998
10717    0.050335999999999999  -0.42773898999999999  -0.29119500999999998
10718    0.070175000000000001  -0.427701  -0.30431198999999998
10719    0.090833999999999998  -0.42784898999999998  -0.29775300999999998
10720    0.112149  -0.42782500000000001  -0.309558
10721    0.118052  -0.42796201  -0.30168799000000002
10722    0.13215299999999999  -0.42773699999999998  -0.309558
10723    0.12329900000000001  -0.42734599000000001  -0.32267498999999999
10724    0.14428600999999999  -0.42704901000000001  -0.32267498999999999
10725    0.16068199  -0.42771101  -0.30693501000000001
10726    0.160026  -0.42704201000000003  -0.32267498999999999
10727    0.10886999999999999  -0.42732998999999999  -0.32267498999999999
10728    0.056403000000000002  -0.42735498999999999  -0.314805
10729    0.049843999999999999  -0.426983  -0.32267498999999999
10730    0.020003  -0.42696601000000001  -0.32267498999999999
10731    0.014756  -0.42751199000000001  -0.309558
10732    -0.023938000000000001  -0.42754301  -0.30759099000000001
10733    -0.044596999999999998  -0.42725100999999999  -0.31742901000000001
10734    -0.059026000000000002  -0.42755300000000002  -0.309558
10735    -0.102312  -0.42762601  -0.31742901000000001
10736    -0.118052  -0.427948  -0.30168799000000002
10737    -0.12854499999999999  -0.42786299999999999  -0.309558
10738    -0.15773100000000001  -0.42784199000000001  -0.29381800000000002
10739    -0.160026  -0.42769000000000001  -0.31218201000000001
10740    -0.18888300999999999  -0.42797399000000003  -0.29742499999999999
10741    -0.19019499000000001  -0.42790201  -0.309558
10742    -0.21183800999999999  -0.42777800999999999  -0.309558
10743    -0.21118200000000001  -0.42787798999999999  -0.29906498999999998
10744    -0.229545  -0.42757898999999999  -0.30299999999999999
10745    -0.22823399  -0.42732501000000001  -0.31742901000000001
10746    -0.24135098999999999  -0.42728298999999997  -0.309558
10747    -0.23872699999999999  -0.42746201  -0.29119500999999998
10748    -0.20855799  -0.42785098999999999  -0.28824400999999999
10749    -0.20167199999999999  -0.42771500000000001  -0.27086400999999999
10750    -0.156747  -0.42772901000000002  -0.27709401
10751    -0.12592199000000001  -0.42791300999999998  -0.29119500999999998
10752    -0.114117  -0.42771900000000002  -0.26758399999999999
10753    -0.074765999999999999  -0.42765598999999999  -0.270208
10754    -0.081324999999999995  -0.42779698999999999  -0.29775300999999998
10755    -0.033447999999999999  -0.427645  -0.26299399000000001
10756    -0.045908999999999998  -0.42769200000000002  -0.29447401000000001
10757    -0.0053290000000000004  -0.42769100999999998  -0.26992100000000002
10758    0.0024589999999999998  -0.42764801000000002  -0.23676000999999999
10759    0.041112999999999997  -0.42765900000000001  -0.24971299999999999
10760    -0.037342  -0.42764801000000002  -0.23458699999999999
10761    -0.022463  -0.42768698999999999  -0.21118200000000001
10762    -0.053450999999999999  -0.42766100000000001  -0.20019600000000001
10763    -0.077881000000000006  -0.42769500999999999  -0.22028200000000001
10764    -0.079356999999999997  -0.42768099999999998  -0.24954899999999999
10765    -0.102312  -0.42776901000000001  -0.21773999999999999
10766    -0.12813599000000001  -0.42772499000000003  -0.24381
10767    -0.160026  -0.42765501  -0.25840299999999999
10768    -0.176258  -0.42771301  -0.24159700000000001
10769    -0.135268  -0.42774900999999999  -0.207903
10770    -0.16617498999999999  -0.42774200000000001  -0.21954398999999999
10771    -0.19675300000000001  -0.42778899999999997  -0.21511699000000001
10772    -0.222331  -0.42755600999999999  -0.26233801000000001
10773    -0.23872699999999999  -0.42732301  -0.25971401
10774    -0.23610400000000001  -0.42753601000000002  -0.219052
10775    -0.243974  -0.42735698999999999  -0.249221
10776    -0.24135098999999999  -0.42754199999999998  -0.20200001000000001
10777    -0.222331  -0.42768898999999999  -0.20101599000000001
10778    -0.19708100000000001  -0.42773699999999998  -0.17838999999999999
10779    -0.15559899999999999  -0.42772099000000002  -0.19224399
10780    -0.16723999000000001  -0.427701  -0.17183100000000001
10781    -0.13063601  -0.42771598999999999  -0.15699299999999999
10782    -0.094933000000000003  -0.42770901  -0.17634
10783    -0.100303  -0.42771900000000002  -0.13879300999999999
10784    -0.063288999999999998  -0.42767799000000001  -0.146171
10785    -0.028693  -0.42766899000000003  -0.159944
10786    -0.030825000000000002  -0.42769699999999999  -0.123381
10787    -0.000328  -0.42770901  -0.117437
10788    0.021151  -0.42766899000000003  -0.140843
10789    0.001312  -0.42765301  -0.17191300000000001
10790    0.026561999999999999  -0.42765900000000001  -0.20118
10791    0.046031999999999997  -0.42763500999999998  -0.17055999999999999
10792    0.082718  -0.42764099999999999  -0.18421000000000001
10793    0.059026000000000002  -0.42767098999999997  -0.22020000000000001
10794    0.089276999999999995  -0.42762801  -0.1424
10795    0.112887  -0.42762499999999998  -0.12764400000000001
10796    0.13051099999999999  -0.42761498999999997  -0.182201
10797    0.104935  -0.42768898999999999  -0.21708400999999999
10798    0.15346799999999999  -0.42757601000000001  -0.145597
10799    0.149205  -0.42763200000000001  -0.207206
10800    0.14363000000000001  -0.427591  -0.12862699999999999
10801    0.17265099  -0.42763400000000001  -0.113707
10802    0.206321  -0.42763098999999999  -0.13813700000000001
10803    0.20368101  -0.42766699000000002  -0.080013000000000001
10804    0.16920800999999999  -0.42762399000000001  -0.081078999999999998
10805    0.18191499999999999  -0.42762601  -0.040661999999999997
10806    0.22995499999999999  -0.42769300999999998  -0.036809000000000001
10807    0.23085700000000001  -0.42765998999999999  -0.089194999999999997
10808    0.20056499999999999  -0.42766899000000003  -0.01533
10809    0.15166399999999999  -0.42761000999999998  -0.025332
10810    0.14379400000000001  -0.42760500000000001  -0.048531999999999999
10811    0.117642  -0.427618  -0.013937
10812    0.17347099999999999  -0.42761498999999997  0.00049200000000000003
10813    0.112764  -0.42760800999999998  0.013504
10814    0.072553000000000006  -0.42766198999999999  -0.019182999999999999
10815    0.076569999999999999  -0.42765701  -0.062386999999999998
10816    0.109485  -0.42763298999999999  -0.052058
10817    0.10288600000000001  -0.42764899000000001  -0.095301999999999998
10818    0.052754000000000002  -0.42767501000000002  -0.10087699999999999
10819    0.070831000000000005  -0.42766800999999999  -0.12526599999999999
10820    0.028611000000000001  -0.42768299999999998  -0.082718
10821    -0.0066400000000000001  -0.427701  -0.088210999999999998
10822    0.027791  -0.42768099999999998  -0.054762999999999999
10823    0.033776  -0.42767701000000002  -0.012461
10824    -0.0098379999999999995  -0.42768698999999999  -0.050172000000000001
10825    0.020289999999999999  -0.42767999000000001  0.00094300000000000004
10826    -0.038858999999999998  -0.42767799000000001  -0.019347
10827    -0.040785000000000002  -0.42767799000000001  -0.063658000000000006
10828    -0.058616000000000001  -0.42766999999999999  -0.045498999999999998
10829    -0.079520999999999994  -0.42770599999999998  -0.109116
10830    -0.103992  -0.42770201000000002  -0.050868999999999998
10831    -0.11462899999999999  -0.42774098999999999  -0.10671799999999999
10832    -0.13891600000000001  -0.42772299000000003  -0.080546000000000006
10833    -0.165765  -0.42774098999999999  -0.117232
10834    -0.18667001  -0.42771598999999999  -0.14428600999999999
10835    -0.20782100000000001  -0.42771398999999999  -0.13338199000000001
10836    -0.224463  -0.42762801  -0.172323
10837    -0.23872699999999999  -0.42756701000000003  -0.13379199999999999
10838    -0.21823201  -0.42771398999999999  -0.106575
10839    -0.17019200000000001  -0.42773199000000001  -0.092063999999999993
10840    -0.15264800000000001  -0.42770001000000002  -0.046155000000000002
10841    -0.20970599000000001  -0.42770999999999998  -0.067265000000000005
10842    -0.23872699999999999  -0.42766300000000002  -0.064272999999999997
10843    -0.24102299999999999  -0.42764601000000002  -0.107394
10844    -0.25528698999999999  -0.42773199000000001  -0.083456000000000002
10845    -0.2525  -0.42764401000000002  -0.12920098999999999
10846    -0.26233801000000001  -0.427726  -0.14690900000000001
10847    -0.243974  -0.42751399000000001  -0.165273
10848    -0.264961  -0.42778301000000002  -0.17248701
10849    -0.25971401  -0.42767899999999998  -0.18626000000000001
10850    -0.25971401  -0.42768498999999999  -0.220364
10851    -0.25446798999999998  -0.42749900000000002  -0.25446798999999998
10852    -0.25446798999999998  -0.42753699000000001  -0.26758399999999999
10853    -0.264961  -0.42782301  -0.18888300999999999
10854    -0.264961  -0.42785001  -0.199377
10855    -0.264961  -0.42791000000000001  -0.20987
10856    -0.270208  -0.42790401  -0.12592199000000001
10857    -0.270208  -0.42791799000000003  -0.13641600000000001
10858    -0.270208  -0.42796001  -0.14690900000000001
10859    -0.270208  -0.427921  -0.098705000000000001
10860    -0.25971401  -0.42775401000000002  -0.056403000000000002
10861    -0.25315600999999999  -0.42772099000000002  -0.024594000000000001
10862    -0.26364899000000003  -0.42775401000000002  -0.007378
10863    -0.27545500000000001  -0.42797899  -0.044596999999999998
10864    -0.27545500000000001  -0.42797499999999999  -0.068208000000000005
10865    -0.27545500000000001  -0.42799300000000001  -0.078700999999999993
10866    -0.28070100999999997  -0.42809199999999997  -0.0091819999999999992
10867    -0.28070100999999997  -0.42810400999999998  -0.020986999999999999
10868    -0.28070100999999997  -0.42814699000000001  -0.031481000000000002
10869    -0.28070100999999997  -0.42821899000000002  -0.041973999999999997
10870    -0.28070100999999997  -0.42835599000000002  -0.052468000000000001
10871    -0.28070100999999997  -0.42804398999999999  0.010494
10872    -0.26889601000000002  -0.42777600999999998  0.034759999999999999
10873    -0.25512298999999999  -0.42769399000000002  0.018363999999999998
10874    -0.24823700000000001  -0.42768299999999998  0.044433
10875    -0.23319398999999999  -0.42770499000000001  0.0062719999999999998
10876    -0.22741400000000001  -0.42770799999999998  -0.022627000000000001
10877    -0.20527898999999999  -0.42771800999999998  -0.036070999999999999
10878    -0.18437400000000001  -0.42771800999999998  -0.006476
10879    -0.16969999999999999  -0.42770799999999998  -0.038572000000000002
10880    -0.12739800000000001  -0.42767799000000001  0.003771
10881    -0.103254  -0.42770401000000002  -0.013445
10882    -0.071159  -0.42767501000000002  -0.010985
10883    -0.079274999999999998  -0.42766699000000002  0.024757999999999999
10884    -0.036891  -0.427672  0.014511
10885    0.0072139999999999999  -0.42767098999999997  0.032423
10886    -0.027872999999999998  -0.42765399999999998  0.039350999999999997
10887    0.013773000000000001  -0.42765598999999999  0.068536
10888    0.061484999999999998  -0.42760301000000001  0.062223000000000001
10889    0.058779999999999999  -0.42762699999999998  0.036727000000000003
10890    0.064601000000000006  -0.427643  0.0063940000000000004
10891    0.093294000000000002  -0.42760700000000001  0.027295
10892    0.13586198999999999  -0.42754998999999999  0.061670000000000003
10893    0.15576300000000001  -0.42756  0.039760999999999998
10894    0.179373  -0.42754399999999998  0.048860000000000001
10895    0.20116100000000001  -0.42760398999999999  0.035333999999999997
10896    0.22044601  -0.42767999000000001  0.0075420000000000001
10897    0.24889299000000001  -0.42764899000000001  0.027872999999999998
10898    0.24249799999999999  -0.42764199000000003  0.054352999999999999
10899    0.26307499000000001  -0.42772000999999998  0.082061999999999996
10900    0.220364  -0.42764899000000001  0.078186000000000005
10901    0.26414099000000002  -0.42774500999999998  0.116412
10902    0.28594800999999997  -0.42792699000000001  0.111494
10903    0.27807799  -0.42781599999999997  0.072799000000000003
10904    0.28594800999999997  -0.42782598999999999  0.13379199999999999
10905    0.27545500000000001  -0.42771101  0.17576601
10906    0.28594800999999997  -0.42775401000000002  0.17347099999999999
10907    0.27939001000000002  -0.42762199000000001  0.210198
10908    0.29119500999999998  -0.42772399999999999  0.21446100000000001
10909    0.29119500999999998  -0.42791100999999998  0.16264901000000001
10910    0.29119500999999998  -0.428004  0.14690900000000001
10911    0.28184900000000002  -0.427535  0.25709099000000002
10912    0.29381800000000002  -0.42761701000000002  0.26856801000000002
10913    0.27971801000000002  -0.427398  0.31521498999999997
10914    0.29644199999999998  -0.42741098999999999  0.33316900999999999
10915    0.28463599000000001  -0.42734  0.35054900999999999
10916    0.26889601000000002  -0.42740399000000001  0.36989599000000001
10917    0.25692701000000001  -0.42746601000000001  0.33997300000000003
10918    0.26594498999999999  -0.42756799000000001  0.29447401000000001
10919    0.24872901  -0.42759299000000001  0.29660599999999998
10920    0.26430500000000001  -0.42764899000000001  0.24053099999999999
10921    0.22733200000000001  -0.42762898999999999  0.26434600000000003
10922    0.232825  -0.42765399999999998  0.22397099000000001
10923    0.23216899999999999  -0.42769200000000002  0.20855799
10924    0.199377  -0.42767899999999998  0.19536000000000001
10925    0.20282  -0.42767899999999998  0.17314299999999999
10926    0.16314100000000001  -0.42761299000000003  0.14650001000000001
10927    0.18347199  -0.42761999000000001  0.13215299999999999
10928    0.15711600000000001  -0.42759299000000001  0.098500000000000004
10929    0.12592199000000001  -0.42759299000000001  0.122643
10930    0.11518299999999999  -0.42757498999999999  0.082799999999999999
10931    0.18550301  -0.42760198999999999  0.085916000000000006
10932    0.083865999999999996  -0.42760500000000001  0.091367000000000004
10933    0.049188000000000003  -0.42763500999999998  0.087472999999999995
10934    0.074970999999999996  -0.42763700999999998  0.12588099999999999
10935    0.044433  -0.42766899000000003  0.11838
10936    0.0091819999999999992  -0.42770401000000002  0.100836
10937    -0.019265000000000001  -0.42765301  0.067552000000000001
10938    -0.0052469999999999999  -0.42771101  0.117724
10939    -0.039268999999999998  -0.42766699000000002  0.091490000000000002
10940    -0.043777999999999997  -0.42769798999999997  0.128218
10941    -0.0060670000000000003  -0.42775801000000002  0.16047700000000001
10942    0.022298999999999999  -0.42775899000000001  0.17019200000000001
10943    -0.0063940000000000004  -0.42777600999999998  0.194745
10944    -0.030415000000000001  -0.42776701  0.18060300000000001
10945    -0.044925  -0.42773898999999999  0.21200199
10946    -0.080504999999999993  -0.42774098999999999  0.16486301
10947    -0.068658999999999998  -0.42771800999999998  0.14674499999999999
10948    -0.110551  -0.42770699000000001  0.14022799999999999
10949    -0.080176999999999998  -0.42768201  0.106575
10950    -0.12768499999999999  -0.427674  0.098007999999999998
10951    -0.10895199999999999  -0.42765099000000001  0.077799999999999994
10952    -0.17043699000000001  -0.42768299999999998  0.076324000000000003
10953    -0.14973700000000001  -0.42765099000000001  0.037423999999999999
10954    -0.19978700999999999  -0.42765301  0.047302999999999998
10955    -0.19033800000000001  -0.427674  0.022339999999999999
10956    -0.193638  -0.42771398999999999  0.081406999999999993
10957    -0.224135  -0.42771101  0.075422000000000003
10958    -0.24446601000000001  -0.42776998999999999  0.078783000000000006
10959    -0.21720700000000001  -0.42777198999999999  0.11965099999999999
10960    -0.17855399999999999  -0.42774200000000001  0.111084
10961    -0.182284  -0.42777198999999999  0.145761
10962    -0.14895900000000001  -0.42772399999999999  0.120757
10963    -0.13961299999999999  -0.42774900999999999  0.16601100999999999
10964    -0.112231  -0.42773199000000001  0.185194
10965    -0.075995999999999994  -0.42774799000000002  0.19445799
10966    -0.077635999999999997  -0.42773101000000002  0.23470999000000001
10967    -0.052958999999999999  -0.42771800999999998  0.24897499000000001
10968    -0.015821999999999999  -0.42775199000000003  0.25020501000000001
10969    -0.040826000000000001  -0.42772701000000002  0.27873399999999998
10970    0.0019680000000000001  -0.42775199000000003  0.28693199000000003
10971    0.041236000000000002  -0.42772099000000002  0.27188799000000002
10972    0.0049189999999999998  -0.42775099999999999  0.233317
10973    0.021971000000000001  -0.42774799000000002  0.22364300000000001
10974    0.039023000000000002  -0.42774098999999999  0.20036000000000001
10975    0.052795000000000002  -0.42770999999999998  0.23225100000000001
10976    0.058861999999999998  -0.42771900000000002  0.183226
10977    0.047220999999999999  -0.42769200000000002  0.14510600000000001
10978    0.098459000000000005  -0.42764099999999999  0.16264901000000001
10979    0.10813200000000001  -0.42760398999999999  0.13119
10980    0.145597  -0.42762601  0.16531399999999999
10981    0.145761  -0.42763298999999999  0.19511400000000001
10982    0.18626000000000001  -0.42763799000000002  0.21478900000000001
10983    0.15912399999999999  -0.42759999999999998  0.23935200000000001
10984    0.13191600000000001  -0.42761498999999997  0.22724999000000001
10985    0.111207  -0.42764099999999999  0.19802400000000001
10986    0.098705000000000001  -0.42763999000000003  0.22544600000000001
10987    0.088949  -0.42765998999999999  0.23749799999999999
10988    0.132075  -0.42760101  0.26643698999999998
10989    0.089564000000000005  -0.42766899000000003  0.26524799999999998
10990    0.085751999999999995  -0.42766198999999999  0.29414600000000002
10991    0.13641600000000001  -0.42758200000000002  0.29676899000000001
10992    0.13018499  -0.427504  0.33415299999999998
10993    0.169126  -0.427504  0.34382600000000002
10994    0.15879599999999999  -0.42759699000000001  0.28847
10995    0.18232501000000001  -0.42762101000000002  0.27119200999999998
10996    0.19298199999999999  -0.42762199000000001  0.24495800000000001
10997    0.218724  -0.42759299000000001  0.29922900000000002
10998    0.197409  -0.42758200000000002  0.30882099000000002
10999    0.22134699999999999  -0.42750200999999999  0.35169601
11000    0.249221  -0.42738700000000002  0.38038999000000001
11001    0.22610199  -0.42743501  0.38842400999999999
11002    0.20331199  -0.42752098999999999  0.37579899999999999
11003    0.184948  -0.42754798999999999  0.32300298999999999
11004    0.17560200000000001  -0.42752298999999999  0.36809301
11005    0.18953900000000001  -0.42745699999999998  0.40531200000000001
11006    0.14674499999999999  -0.42746401000000001  0.38006201000000001
11007    0.12059300000000001  -0.42745301000000002  0.36965000999999997
11008    0.081406999999999993  -0.42757201  0.33313199999999998
11009    0.101328  -0.42746099999999998  0.38481700000000002
11010    0.070175000000000001  -0.42748699000000001  0.382357
11011    0.046565000000000002  -0.42756301000000002  0.35005701
11012    0.023938000000000001  -0.42769399000000002  0.31578900999999998
11013    0.052549999999999999  -0.42768601000000001  0.30455800999999999
11014    0.019265000000000001  -0.42756599000000001  0.35394599999999998
11015    0.034596000000000002  -0.42745101000000002  0.38891598999999999
11016    -0.003607  -0.42755699000000003  0.370224
11017    -0.0055750000000000001  -0.427477  0.39186701000000002
11018    -0.032792000000000002  -0.42748201000000002  0.38571799000000001
11019    -0.052139999999999999  -0.42751898999999999  0.35817301000000001
11020    -0.019511000000000001  -0.42759999999999998  0.34197101000000002
11021    -0.075995999999999994  -0.42759901  0.32916300999999998
11022    -0.052304000000000003  -0.42766600999999999  0.30709901000000001
11023    -0.089728000000000002  -0.42767899999999998  0.30295899999999998
11024    -0.110346  -0.42763298999999999  0.31710100000000002
11025    -0.095342999999999997  -0.42772200999999999  0.27504500999999998
11026    -0.13575999  -0.427701  0.27385600999999998
11027    -0.15523000000000001  -0.42767098999999997  0.30017199999999999
11028    -0.16929000999999999  -0.42771700000000001  0.26947000999999998
11029    -0.19544201  -0.42774500999999998  0.27643800000000002
11030    -0.21122300999999999  -0.42774200000000001  0.25151601000000001
11031    -0.240367  -0.42774900999999999  0.27102800999999999
11032    -0.25184399000000002  -0.42782598999999999  0.23151299
11033    -0.25356600000000001  -0.42773101000000002  0.28676798999999997
11034    -0.27217501  -0.42781901  0.23364399
11035    -0.26299399000000001  -0.42790601  0.19806499999999999
11036    -0.28594800999999997  -0.42784499999999998  0.19150700000000001
11037    -0.26692900000000003  -0.42793598999999999  0.16428899999999999
11038    -0.28332499  -0.42792599999999997  0.13116901
11039    -0.25044999000000001  -0.42788899000000002  0.14002299000000001
11040    -0.27479899000000002  -0.42793398999999999  0.10100000000000001
11041    -0.25135201000000001  -0.42785400000000001  0.099524000000000001
11042    -0.26889601000000002  -0.42783299000000002  0.070175000000000001
11043    -0.28594800999999997  -0.42806599000000001  0.053779
11044    -0.29119500999999998  -0.42810600999999998  0.104935
11045    -0.28594800999999997  -0.42808299999999999  0.041973999999999997
11046    -0.28594800999999997  -0.42811999000000001  0.031481000000000002
11047    -0.21027999999999999  -0.42779601  0.16289498999999999
11048    -0.24003901  -0.42785298999999999  0.185112
11049    -0.21446100000000001  -0.42779099999999998  0.20036000000000001
11050    -0.16723999000000001  -0.42776299000000001  0.19708100000000001
11051    -0.15291399999999999  -0.42775401000000002  0.18767400000000001
11052    -0.12575801  -0.42770799999999998  0.23905498999999999
11053    -0.107886  -0.42770799999999998  0.231185
11054    -0.024757999999999999  -0.42772000999999998  0.30357400000000001
11055    -0.0034429999999999999  -0.42771301  0.320052
11056    -0.16092799999999999  -0.42772499000000003  0.238399
11057    -0.19085099999999999  -0.42774001  0.22610199
11058    -0.22167498999999999  -0.42775899000000001  0.22265900999999999
11059    -0.29119500999999998  -0.42801401  0.13641600000000001
11060    -0.29644199999999998  -0.42810699000000002  0.15215600000000001
11061    -0.29644199999999998  -0.42817  0.13641600000000001
11062    -0.29644199999999998  -0.42825899000000001  0.12592199000000001
11063    -0.29644199999999998  -0.42800999000000001  0.17314299999999999
11064    -0.29513001  -0.42784499999999998  0.224135
11065    -0.28594800999999997  -0.42769399000000002  0.25430398999999998
11066    -0.29513001  -0.427643  0.28676798999999997
11067    -0.30168799000000002  -0.42792799999999998  0.23610400000000001
11068    -0.30168799000000002  -0.42800501000000002  0.21511699000000001
11069    -0.30168799000000002  -0.42810400999999998  0.199377
11070    -0.30168799000000002  -0.42819100999999998  0.18888300999999999
11071    -0.30693501000000001  -0.42790099999999998  0.28332499
11072    -0.29906498999999998  -0.42753099999999999  0.32661000000000001
11073    -0.30693501000000001  -0.42774999000000002  0.30693501000000001
11074    -0.30693501000000001  -0.42759201000000002  0.33448099999999997
11075    -0.28561999999999999  -0.42758500999999999  0.375471
11076    -0.27332299999999998  -0.42755400999999998  0.34841701000000003
11077    -0.27676600000000001  -0.42755100000000001  0.32300298999999999
11078    -0.23093900000000001  -0.42758300999999999  0.335316
11079    -0.26897799999999999  -0.42766899000000003  0.29775300999999998
11080    -0.21462500000000001  -0.42766699000000002  0.31054198999999999
11081    -0.18052099999999999  -0.42761299000000003  0.32446700000000001
11082    -0.20200001000000001  -0.42759901  0.37448701000000001
11083    -0.16305900000000001  -0.427564  0.35669698999999999
11084    -0.14108799  -0.427562  0.35030298999999998
11085    -0.112723  -0.42755200999999998  0.34968799
11086    -0.095097000000000001  -0.42748001000000002  0.38891598999999999
11087    -0.072758000000000003  -0.42746800000000001  0.37661900999999998
11088    -0.057714000000000001  -0.42733300000000002  0.40924701000000002
11089    0.010166  -0.42734399000000001  0.40924701000000002
11090    -0.105755  -0.42730900999999999  0.41055798999999998
11091    -0.12789001  -0.42746201  0.38989899
11092    -0.145925  -0.42729199000000001  0.41187000000000001
11093    -0.16789599999999999  -0.42728701000000002  0.40662301000000001
11094    -0.17265099  -0.42749598999999999  0.38579999999999998
11095    -0.199377  -0.42741600000000002  0.40662301000000001
11096    -0.22675799999999999  -0.42748401000000003  0.38448900000000003
11097    -0.22692201000000001  -0.427562  0.36276399999999998
11098    -0.25643501000000002  -0.42746800000000001  0.38137299000000002
11099    -0.23348099999999999  -0.42738900000000002  0.40662301000000001
11100    -0.25971401  -0.42746698999999999  0.40531200000000001
11101    -0.249221  -0.42749800999999998  0.41249099
11102    -0.23348099999999999  -0.427535  0.41711700000000002
11103    -0.213805  -0.42755600999999999  0.41711700000000002
11104    -0.15018799999999999  -0.42734399000000001  0.41711700000000002
11105    -0.107558  -0.42739000999999999  0.41711700000000002
11106    -0.058369999999999998  -0.42741600000000002  0.41711700000000002
11107    0.012625000000000001  -0.42744200999999998  0.41711700000000002
11108    0.041973999999999997  -0.42735201  0.40924701000000002
11109    0.082636000000000001  -0.42747798999999997  0.41711700000000002
11110    0.084603999999999999  -0.42736199000000002  0.40596800999999999
11111    0.13838300000000001  -0.42739099000000003  0.41187000000000001
11112    0.14363000000000001  -0.42737201000000002  0.40531200000000001
11113    0.19413  -0.42760800999999998  0.41711700000000002
11114    0.24135098999999999  -0.42743301  0.41187000000000001
11115    0.25446798999999998  -0.42746498999999999  0.40662301000000001
11116    0.22823399  -0.42756799000000001  0.41711700000000002
11117    0.12756200000000001  -0.42746698999999999  0.41711700000000002
11118    -0.30693501000000001  -0.42774900999999999  0.36202601000000001
11119    -0.29906498999999998  -0.427699  0.37251898999999999
11120    -0.27283099  -0.42769000000000001  0.40400001000000002
11121    -0.109362  -0.42763700999999998  0.040497999999999999
11122    -0.088047  -0.42764699  0.053532999999999997
11123    -0.061731000000000001  -0.42763298999999999  0.066895999999999997
11124    0.20347599999999999  -0.42766198999999999  0.111043
11125    0.23044698999999999  -0.427699  0.117314
11126    0.23184099999999999  -0.42770901  0.16240299999999999
11127    0.25684499999999999  -0.42773801  0.14760599999999999
11128    0.25389400000000001  -0.42772399999999999  0.193638
11129    0.27676600000000001  -0.42750999000000001  0.38497998999999999
11130    0.25971401  -0.42758200000000002  0.40662301000000001
11131    0.28857100000000002  -0.42753099999999999  0.37776600999999999
11132    0.28070100999999997  -0.42764099999999999  0.39088299999999998
11133    0.28594800999999997  -0.42763001  0.38563599999999998
11134    0.27545500000000001  -0.42765701  0.39612999999999998
11135    0.270208  -0.42767098999999997  0.40137698999999999
11136    0.30168799000000002  -0.42774200000000001  0.364649
11137    -0.048369000000000002  -0.42768800000000001  -0.105181
11138    0.135883  -0.427616  -0.083701999999999999
11139    0.252664  -0.42771500000000001  0.003771
11140    0.14756501  -0.42780200000000002  -0.29906498999999998
11141    0.19544201  -0.42783099000000002  -0.309558
11142    0.176422  -0.42759999999999998  -0.314805
11143    0.20200001000000001  -0.42793900000000001  -0.30168799000000002
11144    0.21642900000000001  -0.42768800000000001  -0.309558
11145    0.19708100000000001  -0.42791799000000003  -0.29119500999999998
11146    0.16650200000000001  -0.42780000000000001  -0.28381698999999999
11147    0.20200001000000001  -0.42767799000000001  -0.26364899000000003
11148    0.21978500000000001  -0.42757898999999999  -0.26840401000000003
11149    0.23216899999999999  -0.42754399999999998  -0.29840898999999999
11150    0.23610400000000001  -0.427423  -0.264961
11151    0.243974  -0.42752999000000003  -0.29906498999999998
11152    0.232825  -0.42749198999999999  -0.23774400000000001
11153    0.23774400000000001  -0.42753601000000002  -0.19986901000000001
11154    0.220364  -0.42764699  -0.20560700000000001
11155    0.21314900000000001  -0.42764801000000002  -0.24594199999999999
11156    0.20150799999999999  -0.42771398999999999  -0.23208699999999999
11157    0.17314299999999999  -0.42762199000000001  -0.25709099000000002
11158    0.19150600000000001  -0.42775199000000003  -0.21249399999999999
11159    0.21907199999999999  -0.42759901  -0.165765
11160    0.14953200999999999  -0.42763799000000002  -0.270208
11161    0.114117  -0.42790498999999999  -0.28791600000000001
11162    0.088374999999999995  -0.42772499000000003  -0.27676600000000001
11163    0.103295  -0.42767098999999997  -0.25405800000000001
11164    0.056894  -0.42767799000000001  -0.27365099999999998
11165    0.15346799999999999  -0.42758100999999998  -0.25184399000000002
11166    0.030169000000000001  -0.42765598999999999  -0.270208
11167    0.084440000000000001  -0.42766899000000003  -0.23635
11168    0.13494  -0.42763799000000002  -0.24954899999999999
11169    0.17215900000000001  -0.42768299999999998  -0.20888599999999999
11170    0.18117701  -0.42763500999999998  -0.17117499999999999
11171    0.23544799999999999  -0.42753699000000001  -0.15346799999999999
11172    0.24659701000000001  -0.42756101000000002  -0.160026
11173    0.25446798999999998  -0.42772901000000002  -0.21118200000000001
11174    0.249221  -0.427591  -0.27283099
11175    0.25971401  -0.42779498999999999  -0.18363599
11176    0.25971401  -0.42772701000000002  -0.152812
11177    0.24462998999999999  -0.42763600000000002  -0.117724
11178    0.264961  -0.42775999999999997  -0.12461
11179    0.264961  -0.42775299999999999  -0.10886999999999999
11180    0.25143399999999999  -0.42771500000000001  -0.041318000000000001
11181    0.264961  -0.42773699999999998  -0.083947999999999995
11182    0.270208  -0.42778301000000002  -0.052468000000000001
11183    0.270208  -0.42779698999999999  -0.068208000000000005
11184    0.270208  -0.42772399999999999  0.019675000000000002
11185    0.27545500000000001  -0.427755  0.026234
11186    0.27545500000000001  -0.427867  0
11187    0.27545500000000001  -0.42790299999999998  -0.010494
11188    0.270208  -0.42778099000000003  -0.028857000000000001
11189    0.23413600000000001  -0.42722600999999999  -0.31414899000000002
11190    0.243974  -0.42729199000000001  -0.314805
11191    0.29119500999999998  -0.42769500999999999  0.38038999000000001
11192    0.29644199999999998  -0.42779601  0.37514299000000001
11193    -0.25971401  -0.42767701000000002  0.41187000000000001
11194    0.28070100999999997  -0.427865  0.057714000000000001
11195    0.28070100999999997  -0.42789799000000001  0.041973999999999997
11196    -0.19806499999999999  -0.42768099999999998  -0.31742901000000001
11197    -0.22298699999999999  -0.42715099000000001  -0.32267498999999999
11198    -0.12592199000000001  -0.42743099000000001  -0.32267498999999999
11199    -0.15609100000000001  -0.42753099999999999  -0.31742901000000001
11200    -0.29119500999999998  -0.42813799000000002  0.089194999999999997
11201    -0.29119500999999998  -0.42815301  0.078700999999999993
11202    -0.27545500000000001  -0.42803699000000001  -0.089194999999999997
11203    -0.27545500000000001  -0.42811099000000002  -0.099687999999999999
11204    -0.27545500000000001  -0.42821600999999998  -0.107558
11205    0.25446798999999998  -0.42774799000000002  -0.23610400000000001
11206    0.25446798999999998  -0.42777500000000002  -0.24659701000000001
11207    0.30168799000000002  -0.42771598999999999  0.28857100000000002
11208    0.30168799000000002  -0.42754399999999998  0.35415598999999998
11209    0.29644199999999998  -0.42792499000000001  0.20987
11210    0.29644199999999998  -0.42785001  0.220364
11211    0.29644199999999998  -0.42774900999999999  0.24659701000000001
11212    0.30168799000000002  -0.42780799000000003  0.27283099
11213    -0.249221  -0.42716101000000001  -0.314805
11214    0.249221  -0.427645  -0.28332499
11215    -0.243974  -0.42762499999999998  0.41711700000000002
11216    0.28594800999999997  -0.42798099000000001  0.099687999999999999
11217    -0.25971401  -0.42769699999999999  -0.24135098999999999
11218    -0.25971401  -0.42773499999999998  -0.25184399000000002
11219    -0.25971401  -0.42780699999999999  -0.25971401
11220    -0.264961  -0.42801698999999999  -0.220364
11221    0.21642900000000001  -0.42719400000000002  -0.32267498999999999
11222    0.204623  -0.42732900000000001  -0.32267498999999999
11223    -0.30168799000000002  -0.42784499999999998  0.37514299000000001
11224    -0.29644199999999998  -0.42799999999999999  0.38563599999999998
11225    -0.28070100999999997  -0.42793700000000001  0.40137698999999999
11226    -0.31218201000000001  -0.42782301  0.33054500999999997
11227    -0.31218201000000001  -0.42800501000000002  0.35415598999999998
11228    0.25971401  -0.42785400000000001  -0.19413
11229    -0.30693501000000001  -0.42798701  0.26758399999999999
11230    -0.065584000000000003  -0.42717000999999999  -0.32267498999999999
11231    -0.030497  -0.42696898999999999  -0.32267498999999999
11232    -0.29119500999999998  -0.42821800999999998  0.068208000000000005
11233    -0.28070100999999997  -0.42872101000000001  -0.068208000000000005
11234    -0.28594800999999997  -0.42820299000000001  0.020986999999999999
11235    -0.28594800999999997  -0.42834800000000001  0.010494
11236    -0.28594800999999997  -0.42848301  0.0026229999999999999
11237    0.249221  -0.42774799000000002  -0.29381800000000002
11238    -0.30693501000000001  -0.42810300000000001  0.36989599000000001
11239    0.066895999999999997  -0.42775199000000003  0.42236400000000002
11240    0.026890000000000001  -0.42771598999999999  0.42236400000000002
11241    -0.026890000000000001  -0.42772399999999999  0.42236400000000002
11242    -0.082308000000000006  -0.42768601000000001  0.42236400000000002
11243    -0.14100599  -0.42763999000000003  0.42236400000000002
11244    -0.18363599  -0.42735498999999999  -0.32267498999999999
11245    -0.14953200999999999  -0.42723799000000001  -0.32267498999999999
11246    0.23872699999999999  -0.42768299999999998  0.41711700000000002
11247    0.25446798999999998  -0.427726  0.41187000000000001
11248    -0.243974  -0.42661600999999999  -0.32267498999999999
11249    -0.31218201000000001  -0.42792201000000002  0.320052
11250    0.23479199000000001  -0.42675500999999999  -0.32267498999999999
11251    0.243974  -0.42688999  -0.32267498999999999
11252    -0.30693501000000001  -0.42808100999999998  0.25709099000000002
11253    -0.30693501000000001  -0.42822099000000002  0.245286
11254    -0.30693501000000001  -0.42841399000000002  0.23348099999999999
11255    -0.30693501000000001  -0.42874899999999999  0.220364
11256    -0.29119500999999998  -0.42837598999999998  0.057714000000000001
11257    0.25446798999999998  -0.42785098999999999  -0.25709099000000002
11258    -0.30168799000000002  -0.42831798999999998  0.17838999999999999
11259    -0.30168799000000002  -0.42845898999999998  0.17051899000000001
11260    -0.30168799000000002  -0.42888000999999998  0.15609100000000001
11261    -0.249221  -0.42780300999999998  0.41711700000000002
11262    -0.31218201000000001  -0.42809199999999997  0.309558
11263    -0.31218201000000001  -0.42845401  0.29381800000000002
11264    0.243974  -0.42787998999999999  0.41711700000000002
11265    -0.29644199999999998  -0.42838799999999999  0.115429
11266    -0.25971401  -0.42794599999999999  -0.26758399999999999
11267    -0.25971401  -0.42816699000000003  -0.27545500000000001
11268    -0.249221  -0.42632999999999999  -0.32529899000000001
11269    -0.29119500999999998  -0.42881798999999998  0.041973999999999997
11270    -0.113133  -0.42690500999999997  -0.32792199
11271    -0.082636000000000001  -0.42684799000000001  -0.32792199
11272    0.264961  -0.42782900000000001  0.40662301000000001
11273    -0.047220999999999999  -0.42652299999999999  -0.32792199
11274    -0.0032789999999999998  -0.42646199000000001  -0.32792199
11275    0.038695  -0.426485  -0.32792199
11276    0.081980999999999998  -0.42668300999999997  -0.32792199
11277    0.12329900000000001  -0.42682200999999997  -0.32792199
11278    0.15215600000000001  -0.42644199999999999  -0.32792199
11279    0.20724699999999999  -0.42672700000000002  -0.32792199
11280    -0.25446798999999998  -0.42821400999999998  0.41711700000000002
11281    -0.25446798999999998  -0.42771900000000002  -0.309558
11282    -0.25462201000000001  -0.42754701000000001  -0.320052
11283    -0.29644199999999998  -0.42881398999999998  0.098377000000000006
11284    -0.20200001000000001  -0.42669201000000001  -0.32792199
11285    0.28070100999999997  -0.42805499000000002  0.39612999999999998
11286    0.28594800999999997  -0.42804500000000001  0.39088299999999998
11287    -0.15412298999999999  -0.42661800999999999  -0.32792199
11288    -0.13248098999999999  -0.42681300999999999  -0.32792199
11289    -0.264961  -0.42801401  0.41187000000000001
11290    0.27545500000000001  -0.42813799000000002  0.40137698999999999
11291    -0.22561  -0.42643799999999998  -0.32792199
11292    -0.243974  -0.42587000000000003  -0.32792199
11293    0.23610400000000001  -0.42603799999999997  -0.32792199
11294    0.243974  -0.42624300999999998  -0.32792199
11295    0.29119500999999998  -0.42816100000000001  0.38563599999999998
11296    -0.27545500000000001  -0.42854300000000001  -0.121987
11297    -0.28594800999999997  -0.42889698999999998  -0.011805
11298    -0.31218201000000001  -0.42829498999999999  0.35940301000000002
11299    0.30168799000000002  -0.42810100000000001  0.36989599000000001
11300    -0.27545500000000001  -0.42820798999999998  0.40662301000000001
11301    -0.264961  -0.42829600000000001  -0.23348099999999999
11302    -0.29119500999999998  -0.42932000999999997  0.031481000000000002
11303    -0.30168799000000002  -0.42825499  0.38038999000000001
11304    -0.28070100999999997  -0.42921299000000002  -0.078700999999999993
11305    -0.27545500000000001  -0.42914100999999999  -0.13641600000000001
11306    -0.25446798999999998  -0.42606801  -0.33316900999999999
11307    -0.31218201000000001  -0.42876500000000001  0.28332499
11308    -0.31218201000000001  -0.42919001000000001  0.27283099
11309    -0.076078000000000007  -0.42589199999999999  -0.33316900999999999
11310    -0.104279  -0.42595300000000003  -0.33316900999999999
11311    -0.126578  -0.42584601  -0.33316900999999999
11312    -0.15084399000000001  -0.42553800000000003  -0.33316900999999999
11313    -0.17707798999999999  -0.42557498999999999  -0.33316900999999999
11314    -0.027545  -0.42557098999999998  -0.33316900999999999
11315    0.013773000000000001  -0.42556699999999997  -0.33316900999999999
11316    0.120675  -0.42579698999999999  -0.33316900999999999
11317    0.086570999999999995  -0.42574098999999999  -0.33316900999999999
11318    0.044596999999999998  -0.42554101  -0.33316900999999999
11319    -0.264961  -0.42860699000000002  -0.24135098999999999
11320    -0.270208  -0.42907899999999999  0.41187000000000001
11321    -0.30168799000000002  -0.42947200000000002  0.14166200000000001
11322    -0.264961  -0.42923799000000001  -0.25184399000000002
11323    -0.30693501000000001  -0.429234  0.20987
11324    -0.30693501000000001  -0.42987099000000001  0.199377
11325    0.15346799999999999  -0.42535900999999998  -0.33316900999999999
11326    0.19216200999999999  -0.42556199  -0.33316900999999999
11327    -0.29644199999999998  -0.42940899999999999  0.083947999999999995
11328    0.213805  -0.42549700000000001  -0.33316900999999999
11329    -0.220364  -0.42540801  -0.33316900999999999
11330    -0.23216899999999999  -0.42506301000000002  -0.33316900999999999
11331    -0.249221  -0.42469999000000003  -0.33316900999999999
11332    -0.31218201000000001  -0.42897900999999999  0.364649
11333    -0.30693501000000001  -0.42889500000000003  0.37514299000000001
11334    -0.29119500999999998  -0.43009599999999998  0.020986999999999999
11335    -0.28594800999999997  -0.42959799999999998  -0.026234
11336    -0.27545500000000001  -0.42979499999999998  -0.14690900000000001
11337    -0.28070100999999997  -0.42998201000000003  -0.089194999999999997
11338    0.23610400000000001  -0.424759  -0.33316900999999999
11339    0.243974  -0.42504998999999999  -0.33316900999999999
11340    -0.243974  -0.42455700000000002  -0.33316900999999999
11341    -0.29381800000000002  -0.42906000999999999  0.39350599000000003
11342    -0.31218201000000001  -0.42978701000000002  0.26233801000000001
11343    -0.264961  -0.43023898999999999  -0.26233801000000001
11344    -0.30168799000000002  -0.43009099000000001  0.13116901
11345    -0.25971401  -0.42929801000000001  0.41711700000000002
11346    -0.28594800999999997  -0.42910099000000002  0.40137698999999999
11347    -0.29644199999999998  -0.43015099000000001  0.073455000000000006
11348    -0.085260000000000002  -0.42422700000000002  -0.33841600999999999
11349    -0.053779  -0.42391601000000001  -0.33841600999999999
11350    -0.023609999999999999  -0.42382899000000002  -0.33841600999999999
11351    0.118052  -0.423875  -0.33841600999999999
11352    0.070831000000000005  -0.42387000000000002  -0.33841600999999999
11353    0.032135999999999998  -0.42375499  -0.33841600999999999
11354    -0.12592199000000001  -0.42407599000000001  -0.33841600999999999
11355    -0.14822099999999999  -0.42366999  -0.33841600999999999
11356    -0.179701  -0.42363399000000002  -0.33841600999999999
11357    -0.219052  -0.42347199000000002  -0.33841600999999999
11358    -0.22823399  -0.42324900999999998  -0.33841600999999999
11359    -0.30693501000000001  -0.430668  0.18888300999999999
11360    -0.28594800999999997  -0.43038899000000003  -0.036727000000000003
11361    -0.29119500999999998  -0.43115500000000001  0.010494
11362    0.15018799999999999  -0.42333701000000001  -0.33841600999999999
11363    0.19150600000000001  -0.42348300999999999  -0.33841600999999999
11364    0.21118200000000001  -0.42338100000000001  -0.33841600999999999
11365    -0.28070100999999997  -0.43075001000000002  -0.097064999999999999
11366    -0.243974  -0.42245298999999997  -0.33841600999999999
11367    -0.249221  -0.42265701  -0.33841600999999999
11368    -0.31218201000000001  -0.43039599000000001  0.25446798999999998
11369    -0.31218201000000001  -0.43107599000000002  0.24659701000000001
11370    -0.25446798999999998  -0.42439200999999999  -0.33841600999999999
11371    -0.30168799000000002  -0.42974498999999999  0.38563599999999998
11372    0.23348099999999999  -0.42257199000000001  -0.33841600999999999
11373    0.23872699999999999  -0.42249900000000001  -0.33841600999999999
11374    0.243974  -0.42293598999999998  -0.33841600999999999
11375    -0.30168799000000002  -0.43069699  0.12329900000000001
11376    -0.30168799000000002  -0.43146100999999998  0.115429
11377    -0.28070100999999997  -0.42989501000000002  0.40662301000000001
11378    -0.31742901000000001  -0.43037301  0.34628599999999998
11379    -0.31742901000000001  -0.43018201  0.33579200999999997
11380    -0.29644199999999998  -0.43093600999999998  0.065584000000000003
11381    -0.29644199999999998  -0.43185800000000002  0.057714000000000001
11382    -0.30693501000000001  -0.43158500999999999  0.17838999999999999
11383    -0.31742901000000001  -0.43054700000000001  0.32529899000000001
11384    -0.070831000000000005  -0.42148000000000002  -0.34366198999999997
11385    -0.049843999999999999  -0.42121800999999998  -0.34366198999999997
11386    -0  -0.42107999000000002  -0.34366198999999997
11387    0.044596999999999998  -0.42093398999999998  -0.34366198999999997
11388    0.093130000000000004  -0.42103499  -0.34366198999999997
11389    0.119364  -0.42095599  -0.34366198999999997
11390    -0.091817999999999997  -0.42157700999999997  -0.34366198999999997
11391    -0.12329900000000001  -0.42140298999999998  -0.34366198999999997
11392    -0.19150600000000001  -0.42236400000000002  -0.34080400999999999
11393    -0.31218201000000001  -0.43068500999999998  0.36989599000000001
11394    -0.28594800999999997  -0.43139601  -0.047220999999999999
11395    -0.14953200999999999  -0.420825  -0.34366198999999997
11396    -0.29119500999999998  -0.43202700999999999  0.0026229999999999999
11397    -0.22167498999999999  -0.42053099999999999  -0.34366198999999997
11398    -0.18101300000000001  -0.42077600999999998  -0.34366198999999997
11399    -0.249221  -0.419761  -0.34366198999999997
11400    0.14690900000000001  -0.42040699999999998  -0.34366198999999997
11401    0.249221  -0.42534301000000002  -0.33841600999999999
11402    -0.28070100999999997  -0.431593  -0.104935
11403    -0.31742901000000001  -0.43125099  0.314805
11404    -0.31218201000000001  -0.43199398999999999  0.23610400000000001
11405    0.21773999999999999  -0.42011300000000001  -0.34366198999999997
11406    0.23872699999999999  -0.41922900000000002  -0.34366198999999997
11407    0.19544201  -0.42038598999999999  -0.34366198999999997
11408    -0.243974  -0.41934200999999999  -0.34366198999999997
11409    0.243974  -0.41992699999999999  -0.34366198999999997
11410    -0.30168799000000002  -0.43228098999999998  0.107558
11411    -0.31742901000000001  -0.43126500000000001  0.35415598999999998
11412    -0.30693701000000001  -0.43285300999999998  0.16525200000000001
11413    -0.035743999999999998  -0.41783100000000001  -0.34890898999999997
11414    -0.084603999999999999  -0.41813600000000001  -0.34890898999999997
11415    -0.15609100000000001  -0.41722500000000001  -0.348993
11416    -0.12329900000000001  -0.41754499  -0.34943601000000002
11417    -0.19544201  -0.41715699000000001  -0.34895900000000002
11418    -0.22298699999999999  -0.41701498999999997  -0.34878299000000001
11419    -0.30693501000000001  -0.43129399000000002  0.38038999000000001
11420    -0.012297000000000001  -0.41725400000000001  -0.34952599000000001
11421    0.08362  -0.41733598999999999  -0.34917700000000002
11422    0.12329900000000001  -0.41734399999999999  -0.34890898999999997
11423    0.046237  -0.41732699000000001  -0.34917101
11424    0.15018799999999999  -0.41690298999999997  -0.348638
11425    0.18265298999999999  -0.41687598999999997  -0.348607
11426    0.199377  -0.41685599000000001  -0.34856199999999998
11427    0.21249399999999999  -0.41639501000000001  -0.34890898999999997
11428    -0.29644701000000001  -0.43284199000000001  0.049785999999999997
11429    0.249221  -0.42268601  -0.34366198999999997
11430    -0.29111799999999999  -0.43273299999999998  -0.0044790000000000003
11431    -0.28594800999999997  -0.43223101000000003  -0.055091000000000001
11432    -0.28595701000000001  -0.43283000999999999  -0.060462000000000002
11433    -0.31742901000000001  -0.43217599000000001  0.30431198999999998
11434    0.243974  -0.41665300999999999  -0.34830498999999998
11435    -0.243974  -0.41628799  -0.34788001000000002
11436    -0.249221  -0.41612399  -0.34890898999999997
11437    -0.312085  -0.43285700999999999  0.22511800000000001
11438    0.23872699999999999  -0.41620900999999999  -0.34777798999999998
11439    0.23348099999999999  -0.41622200999999998  -0.34780200999999999
11440    -0.091817999999999997  -0.41711700000000002  -0.35020399000000002
11441    -0.28115498999999999  -0.43266200999999999  -0.10886999999999999
11442    0.249221  -0.41840400999999999  -0.35062501000000001
11443    -0.25446798999999998  -0.41889301000000001  -0.34890898999999997
11444    0.244398  -0.41173899000000003  -0.35401698999999998
11445    0.044105999999999999  -0.41234600999999999  -0.35463499999999998
11446    0.084603999999999999  -0.41187000000000001  -0.35505101
11447    0.118052  -0.41222700000000001  -0.35451999000000001
11448    -0.043614  -0.41251299000000002  -0.35477599999999998
11449    -0.085260000000000002  -0.41260499  -0.35488099000000001
11450    -0.0045909999999999996  -0.41242300999999998  -0.35471401000000002
11451    0.23348099999999999  -0.41111201000000003  -0.35337600000000002
11452    0.23872699999999999  -0.40662301000000001  -0.35781801000000002
11453    -0.25446798999999998  -0.41594499000000001  -0.35275700999999998
11454    0.145597  -0.41183998999999999  -0.35420500999999999
11455    0.160026  -0.41179499000000003  -0.35407901000000003
11456    0.19544201  -0.41175801000000001  -0.35404100999999999
11457    0.21511699000000001  -0.41158801  -0.35386698999999999
11458    -0.243974  -0.41187000000000001  -0.35261800999999998
11459    -0.22561  -0.41178598999999999  -0.35407298999999998
11460    -0.15215600000000001  -0.41201000999999998  -0.354543
11461    -0.204623  -0.41191101000000002  -0.35439598999999999
11462    -0.123955  -0.41246699999999997  -0.35475001
11463    -0.249221  -0.411522  -0.35380200000000001
11464    0.21773999999999999  -0.40662301000000001  -0.358713
11465    0.15543499999999999  -0.40647  -0.35927998999999999
11466    0.12329900000000001  -0.40681898999999999  -0.35956299000000003
11467    0.18626000000000001  -0.40662301000000001  -0.35909200000000002
11468    0.24428900000000001  -0.40662301000000001  -0.35918999000000001
11469    0.095097000000000001  -0.40691301000000002  -0.35963898999999999
11470    -0.12329900000000001  -0.40703498999999999  -0.359734
11471    -0.089194999999999997  -0.40713701000000002  -0.35980498999999999
11472    -0.042958000000000003  -0.40708299999999997  -0.35977798999999999
11473    -0.001312  -0.40704200000000001  -0.35974601
11474    0.049023999999999998  -0.40696000999999998  -0.35968
11475    0.23348099999999999  -0.40568199999999999  -0.35861701000000001
11476    -0.243974  -0.40662301000000001  -0.35766198999999999
11477    -0.249221  -0.40619298999999998  -0.35903998999999998
11478    -0.22561  -0.40634798999999999  -0.35917500000000002
11479    -0.154779  -0.40672499000000001  -0.359487
11480    -0.204623  -0.40661799999999998  -0.35939800999999999
11481    -0.25446798999999998  -0.41095701000000001  -0.35843100999999999
11482    0.24944399  -0.41167199999999998  -0.35918501000000003
11483    -0.243974  -0.40294299  -0.36055899000000002
11484    -0.249221  -0.40137698999999999  -0.36279099999999997
11485    -0.25446798999999998  -0.40537499999999999  -0.36369899
11486    0.243974  -0.40137698999999999  -0.36309799999999998
11487    0.24623901000000001  -0.40137698999999999  -0.364649
11488    0.21363099999999999  0.013117  -0.22823399
11489    0.21423498999999999  0.018363999999999998  -0.22823399
11490    -0.21776599999999999  0.091846999999999998  0.25973800000000002
11491    -0.21480399  0.097064999999999999  0.25971401
11492    0.205927  0.091817999999999997  -0.21249399999999999
11493    0.203962  0.097064999999999999  -0.21249399999999999
11494    -0.25971401  -0.42859199999999997  -0.28594800999999997
11495    -0.25971401  -0.42927301000000001  -0.29775300999999998
11496    -0.25971401  -0.43003601000000002  -0.309558
11497    -0.26489601000000002  -0.43267899999999998  -0.28272700000000001
11498    -0.26224800999999998  -0.43285700999999999  -0.309558
11499    -0.25971401  -0.43063899999999999  -0.320052
11500    -0.26383098999999999  -0.43285700999999999  -0.29381800000000002
11501    -0.26499899999999998  -0.43810399999999999  -0.29644199999999998
11502    -0.26102901000000001  -0.43285700999999999  -0.32529899000000001
11503    -0.25971401  -0.43101001  -0.32792199
11504    -0.25971401  -0.43109700000000001  -0.33316900999999999
11505    -0.25583199000000001  -0.42761000999999998  -0.32792199
11506    -0.25692299000000002  -0.42761000999999998  -0.33316900999999999
11507    -0.26044898999999999  -0.43285700999999999  -0.33579200999999997
11508    -0.26183300999999998  -0.43810399999999999  -0.33054500999999997
11509    -0.26079601000000002  -0.43810399999999999  -0.33841600999999999
11510    -0.26455200000000001  -0.443351  -0.34115401000000001
11511    -0.264961  -0.44169700000000001  -0.32529899000000001
11512    -0.25808998999999999  -0.42761000999999998  -0.33841600999999999
11513    -0.25468200000000002  -0.42217901000000002  -0.34366198999999997
11514    -0.26000099999999998  -0.43810399999999999  -0.34366198999999997
11515    -0.25886198999999999  -0.42761000999999998  -0.34366198999999997
11516    -0.25971401  -0.43101500999999998  -0.33841600999999999
11517    -0.25914000999999998  -0.42761000999999998  -0.34890898999999997
11518    -0.25956499999999999  -0.43285700999999999  -0.34890898999999997
11519    -0.25717601000000001  -0.42236400000000002  -0.34890898999999997
11520    -0.25859499000000002  -0.43285700999999999  -0.35415598999999998
11521    -0.25655600000000001  -0.43810399999999999  -0.35415598999999998
11522    -0.25891501  -0.43810399999999999  -0.34890898999999997
11523    -0.25980499000000001  -0.443214  -0.35431400000000002
11524    -0.25446798999999998  -0.44016999000000001  -0.35940301000000002
11525    -0.25971401  -0.43999000999999999  -0.34890898999999997
11526    -0.25556298999999999  -0.443351  -0.36074900999999998
11527    -0.25690699  -0.43285700999999999  -0.35940301000000002
11528    -0.26629099000000001  -0.43810399999999999  -0.28201300000000001
11529    -0.266094  -0.43285700999999999  -0.270208
11530    -0.26853299000000003  -0.43810399999999999  -0.25958999999999999
11531    -0.270208  -0.44229098999999999  -0.27283099
11532    -0.270208  -0.43981399999999998  -0.25315600999999999
11533    -0.27132601000000001  -0.43810399999999999  -0.23085700000000001
11534    -0.27476500999999998  -0.443351  -0.24659701000000001
11535    -0.27545500000000001  -0.44328498999999999  -0.23610400000000001
11536    -0.26863301000000001  -0.43285700999999999  -0.24659701000000001
11537    -0.26977899999999999  -0.43285700999999999  -0.235541
11538    -0.270208  -0.44336798999999999  -0.28594800999999997
11539    -0.27545500000000001  -0.44260200999999999  -0.22561
11540    -0.27355200000000002  -0.43810399999999999  -0.20987
11541    -0.27545500000000001  -0.44166800000000001  -0.21511699000000001
11542    -0.27545500000000001  -0.43987101000000001  -0.20068800000000001
11543    -0.27532801000000001  -0.43810399999999999  -0.19019499000000001
11544    -0.27686399  -0.43810399999999999  -0.17314299999999999
11545    -0.28046799  -0.44345999000000003  -0.18232501000000001
11546    -0.28070100999999997  -0.44315400999999999  -0.17314299999999999
11547    -0.27895199999999998  -0.43810399999999999  -0.14953200999999999
11548    -0.27843699  -0.43285700999999999  -0.14166200000000001
11549    -0.28023499000000002  -0.43285700999999999  -0.12155199999999999
11550    -0.28097900999999997  -0.43810399999999999  -0.124379
11551    -0.28070100999999997  -0.43955900999999997  -0.13772701000000001
11552    -0.28273499000000002  -0.43810399999999999  -0.104935
11553    -0.28476699999999999  -0.43285700999999999  -0.073455000000000006
11554    -0.28591498999999998  -0.44340100999999998  -0.117533
11555    -0.28594800999999997  -0.44265698999999997  -0.104935
11556    -0.28594800999999997  -0.44163400000000003  -0.094441999999999998
11557    -0.28469801  -0.43810399999999999  -0.085260000000000002
11558    -0.28594800999999997  -0.440162  -0.083947999999999995
11559    -0.289904  -0.443351  -0.080013000000000001
11560    -0.28600400999999998  -0.43810399999999999  -0.070831000000000005
11561    -0.28734999999999999  -0.43810399999999999  -0.056403000000000002
11562    -0.28767200999999998  -0.43285700999999999  -0.040661999999999997
11563    -0.288912  -0.43810399999999999  -0.040661999999999997
11564    -0.28961398999999999  -0.43285700999999999  -0.020986999999999999
11565    -0.29143000000000002  -0.43810399999999999  -0.014031
11566    -0.29119500999999998  -0.43976398999999999  -0.027545
11567    -0.29537201000000002  -0.443351  -0.022298999999999999
11568    -0.29644199999999998  -0.44326000999999998  -0.0052469999999999999
11569    -0.29266700000000001  -0.43810399999999999  0
11570    -0.29644199999999998  -0.44255301000000002  0.0052469999999999999
11571    -0.29644199999999998  -0.44147198999999998  0.015740000000000001
11572    -0.29534501000000002  -0.43810399999999999  0.026234
11573    -0.29644199999999998  -0.43998799  0.026234
11574    -0.29719999000000002  -0.43810399999999999  0.045908999999999998
11575    -0.30070001000000002  -0.443351  0.031481000000000002
11576    -0.29512301000000002  -0.43285700999999999  0.036727000000000003
11577    -0.29770999999999997  -0.43285700999999999  0.062961000000000003
11578    -0.30168799000000002  -0.44337499000000002  0.044596999999999998
11579    -0.29957699999999998  -0.43810399999999999  0.068208000000000005
11580    -0.30041599000000002  -0.43285700999999999  0.089194999999999997
11581    -0.30147699  -0.43810399999999999  0.087883000000000003
11582    -0.30143600999999998  -0.43285700999999999  0.099712999999999996
11583    -0.30278799000000001  -0.43810399999999999  0.10362300000000001
11584    -0.30270901  -0.43285700999999999  0.115429
11585    -0.30535799000000002  -0.43285700999999999  0.14690900000000001
11586    -0.30759998999999999  -0.43810399999999999  0.16133800000000001
11587    -0.30614200000000003  -0.43810399999999999  0.14166200000000001
11588    -0.30693501000000001  -0.43967000000000001  0.14166200000000001
11589    -0.30693501000000001  -0.44116399000000001  0.129857
11590    -0.30799100000000001  -0.43285700999999999  0.179701
11591    -0.30953999999999998  -0.43810399999999999  0.18363599
11592    -0.30969100999999999  -0.43285700999999999  0.199377
11593    -0.31218201000000001  -0.44338699999999998  0.16730700000000001
11594    -0.31218201000000001  -0.44255501000000003  0.179701
11595    -0.31096100999999998  -0.443351  0.14953200999999999
11596    -0.31218201000000001  -0.440382  0.199377
11597    -0.314224  -0.443351  0.18888300999999999
11598    -0.31576300000000002  -0.443351  0.20855799
11599    -0.31252300999999999  -0.43814701  0.219052
11600    -0.30438900000000002  -0.43810399999999999  0.120675
11601    -0.30551401  -0.443351  0.083947999999999995
11602    -0.30168799000000002  -0.44247599999999998  0.057714000000000001
11603    -0.30168799000000002  -0.44132701000000002  0.068208000000000005
11604    -0.30476599999999998  -0.443351  0.073455000000000006
11605    -0.30168799000000002  -0.43985300999999999  0.078700999999999993
11606    -0.29247800000000002  -0.43285700999999999  0.010494
11607    -0.29119500999999998  -0.44168800000000003  -0.041973999999999997
11608    -0.29119500999999998  -0.44291699000000001  -0.056403000000000002
11609    -0.28070100999999997  -0.44189799000000002  -0.15740301000000001
11610    -0.27946599999999999  -0.443351  -0.19544201
11611    -0.28497401  -0.443351  -0.13116901
11612    -0.26912901  -0.443351  -0.30168799000000002
11613    -0.264961  -0.43977100000000002  -0.309558
11614    -0.26827299999999998  -0.443351  -0.314805
11615    -0.30693501000000001  -0.44348699000000003  0.103268
11616    -0.26278700999999999  -0.43810399999999999  -0.32267498999999999
11617    -0.31001601000000001  -0.443351  0.13641600000000001
11618    -0.28418100000000002  -0.443351  -0.14166200000000001
11619    -0.264961  -0.43150100000000002  -0.27283099
11620    -0.31742901000000001  -0.44345000000000001  0.23348099999999999
11621    -0.31405898999999998  -0.43810399999999999  0.24003901
11622    -0.31742901000000001  -0.44300601000000001  0.24135098999999999
11623    -0.31742901000000001  -0.44161600000000001  0.25577899999999998
11624    -0.32010000999999999  -0.443351  0.26233801000000001
11625    -0.31742901000000001  -0.43954799  0.27151901000000001
11626    -0.32128700999999998  -0.443351  0.27807799
11627    -0.317747  -0.43810399999999999  0.28705001000000002
11628    -0.32267201000000001  -0.44329000000000002  0.30305699000000003
11629    -0.31984800000000002  -0.43810399999999999  0.31611698999999999
11630    -0.31710300000000002  -0.43285700999999999  0.29268399
11631    -0.31563801000000002  -0.43285700999999999  0.27283099
11632    -0.32267498999999999  -0.44219198999999998  0.320052
11633    -0.31856700999999998  -0.43285700999999999  0.314805
11634    -0.31943399  -0.43285700999999999  0.33054500999999997
11635    -0.31966098999999998  -0.43285700999999999  0.34103899999999998
11636    -0.31900200000000001  -0.43285700999999999  0.35153201000000001
11637    -0.31754898999999998  -0.43285700999999999  0.35992199000000002
11638    -0.31995498999999999  -0.43810399999999999  0.35415598999999998
11639    -0.317361  -0.43824199000000003  0.364649
11640    -0.31630901  -0.43285700999999999  0.364649
11641    -0.31407800000000002  -0.43285700999999999  0.36989599000000001
11642    -0.31522  -0.43810399999999999  0.36989599000000001
11643    -0.31742901000000001  -0.44164899000000002  0.36989599000000001
11644    -0.31717699999999999  -0.44349899999999998  0.37514299000000001
11645    -0.31971698999999998  -0.443351  0.36989599000000001
11646    -0.31218201000000001  -0.43810399999999999  0.37582499000000003
11647    -0.31173499999999998  -0.43285700999999999  0.37514299000000001
11648    -0.32267498999999999  -0.443243  0.36002401000000001
11649    -0.32086501000000001  -0.43810399999999999  0.34628599999999998
11650    -0.32267498999999999  -0.442137  0.35415598999999998
11651    -0.31639298999999999  -0.43810399999999999  0.26758399999999999
11652    -0.26266801000000001  -0.443351  -0.34890898999999997
11653    -0.30693501000000001  -0.44266501000000003  0.115429
11654    -0.29119500999999998  -0.44343299000000003  -0.065584000000000003
11655    -0.32224398999999998  -0.44360301000000002  0.364649
11656    -0.31355101000000002  -0.43285700999999999  0.247253
11657    -0.32267498999999999  -0.44113299  0.34628599999999998
11658    -0.32093899999999997  -0.43810399999999999  0.33579200999999997
11659    -0.32267498999999999  -0.44095298999999999  0.33841600999999999
11660    -0.25988900999999998  -0.43199900000000002  -0.34366198999999997
11661    -0.25898701000000002  -0.42761000999999998  -0.35415598999999998
11662    -0.25840199000000003  -0.42761000999999998  -0.35940301000000002
11663    -0.25700300999999998  -0.42761000999999998  -0.364649
11664    -0.25843099000000003  -0.42236400000000002  -0.35940301000000002
11665    -0.25795700999999999  -0.42236400000000002  -0.364649
11666    -0.257635  -0.41711700000000002  -0.35940301000000002
11667    -0.25604000999999998  -0.41711700000000002  -0.35415598999999998
11668    -0.258017  -0.41711700000000002  -0.364649
11669    -0.25558299000000001  -0.41187000000000001  -0.35940301000000002
11670    -0.25657699  -0.42236400000000002  -0.36989599000000001
11671    -0.25597199999999998  -0.41711700000000002  -0.37514299000000001
11672    -0.25703701000000001  -0.41187000000000001  -0.37514299000000001
11673    -0.25737198999999999  -0.40662301000000001  -0.37514299000000001
11674    -0.25720999  -0.40662301000000001  -0.36989599000000001
11675    -0.25598499000000002  -0.40137698999999999  -0.36989599000000001
11676    -0.25711500999999998  -0.40137698999999999  -0.37514299000000001
11677    -0.25637399999999999  -0.39612999999999998  -0.37514299000000001
11678    -0.25418900999999999  -0.39637898999999999  -0.37009299000000001
11679    -0.25446798999999998  -0.40137698999999999  -0.36697200000000002
11680    -0.25446798999999998  -0.39088299999999998  -0.37373899999999999
11681    -0.25526600999999999  -0.39088299999999998  -0.37514299000000001
11682    -0.25595200000000001  -0.38563599999999998  -0.38038999000000001
11683    -0.25446798999999998  -0.38038999000000001  -0.37843999
11684    -0.25650500999999998  -0.39088299999999998  -0.38038999000000001
11685    -0.25636700000000001  -0.39088299999999998  -0.38563599999999998
11686    -0.25610301000000002  -0.39612999999999998  -0.38563599999999998
11687    -0.25535198999999997  -0.40137698999999999  -0.38563599999999998
11688    -0.25348799999999999  -0.36989599000000001  -0.39612999999999998
11689    -0.25345500999999998  -0.35677901000000001  -0.39612999999999998
11690    -0.25301700999999999  -0.34628599999999998  -0.39612999999999998
11691    -0.25466000999999999  -0.34235099000000002  -0.39088299999999998
11692    -0.25224700999999999  -0.33841600999999999  -0.39612999999999998
11693    -0.25383498999999998  -0.33054500999999997  -0.39088299999999998
11694    -0.25464299000000001  -0.33316900999999999  -0.38563599999999998
11695    -0.25425300000000001  -0.32529899000000001  -0.38563599999999998
11696    -0.25492399999999998  -0.34759699999999999  -0.38563599999999998
11697    -0.25446798999999998  -0.34103899999999998  -0.38420799
11698    -0.25327899999999998  -0.34103899999999998  -0.38038999000000001
11699    -0.25274801000000002  -0.32267498999999999  -0.39088299999999998
11700    -0.253714  -0.33316900999999999  -0.38038999000000001
11701    -0.25354299000000002  -0.31742901000000001  -0.38563599999999998
11702    -0.25152200000000002  -0.31742901000000001  -0.39088299999999998
11703    -0.24953599000000001  -0.309558  -0.39006900999999999
11704    -0.24951100000000001  -0.301209  -0.385847
11705    -0.25142899000000002  -0.30693501000000001  -0.38563599999999998
11706    -0.25154399999999999  -0.29906498999999998  -0.38038999000000001
11707    -0.25295698999999999  -0.30693501000000001  -0.38038999000000001
11708    -0.24794801  -0.29644199999999998  -0.38563599999999998
11709    -0.24941099999999999  -0.29084101000000001  -0.38054200999999999
11710    -0.25234698999999999  -0.29906498999999998  -0.37514299000000001
11711    -0.25294301000000002  -0.30693501000000001  -0.37514299000000001
11712    -0.25175600999999997  -0.30168799000000002  -0.36989599000000001
11713    -0.25129601000000001  -0.30693501000000001  -0.36989599000000001
11714    -0.25301400000000002  -0.31218201000000001  -0.37514299000000001
11715    -0.25037598999999999  -0.31218201000000001  -0.36989599000000001
11716    -0.25275901000000001  -0.31742901000000001  -0.37514299000000001
11717    -0.25212699  -0.32267498999999999  -0.37514299000000001
11718    -0.25109300000000001  -0.32792199  -0.37514299000000001
11719    -0.25392699000000002  -0.32267498999999999  -0.38038999000000001
11720    -0.25180200000000003  -0.29644199999999998  -0.36989599000000001
11721    -0.25136101  -0.33316900999999999  -0.39612999999999998
11722    -0.25366101000000002  -0.314805  -0.38038999000000001
11723    -0.25530201000000002  -0.36727300000000002  -0.39088299999999998
11724    -0.25620400999999998  -0.38301300999999999  -0.38563599999999998
11725    -0.25690099999999999  -0.39612999999999998  -0.38038999000000001
11726    -0.25562000000000001  -0.40662301000000001  -0.364649
11727    -0.25644099999999997  -0.40662301000000001  -0.38038999000000001
11728    -0.25770700000000002  -0.41187000000000001  -0.36989599000000001
11729    -0.25388500000000003  -0.32792199  -0.38038999000000001
11730    -0.25083601  -0.28857100000000002  -0.37514299000000001
11731    -0.24920100000000001  -0.28070100999999997  -0.37514299000000001
11732    -0.25088899999999997  -0.28332499  -0.36989599000000001
11733    -0.249805  -0.27545500000000001  -0.36989599000000001
11734    -0.24760299999999999  -0.27545500000000001  -0.37514299000000001
11735    -0.24554200000000001  -0.28070100999999997  -0.38038999000000001
11736    -0.24548300000000001  -0.270208  -0.37514299000000001
11737    -0.24748698999999999  -0.264961  -0.36989599000000001
11738    -0.24555100999999999  -0.25971401  -0.36989599000000001
11739    -0.24845500000000001  -0.25971401  -0.364649
11740    -0.24711099  -0.25446798999999998  -0.364649
11741    -0.248723  -0.25446798999999998  -0.35940301000000002
11742    -0.249282  -0.25971401  -0.35940301000000002
11743    -0.24896499999999999  -0.25971401  -0.35415598999999998
11744    -0.24882399999999999  -0.264961  -0.35415598999999998
11745    -0.24947099  -0.26758399999999999  -0.35808699999999999
11746    -0.24831800000000001  -0.270208  -0.35415598999999998
11747    -0.249221  -0.270208  -0.35730600000000001
11748    -0.24943699999999999  -0.27545500000000001  -0.35879800000000001
11749    -0.25060901000000002  -0.28070100999999997  -0.364649
11750    -0.25066098999999997  -0.28594800999999997  -0.364649
11751    -0.24929399999999999  -0.264961  -0.364649
11752    -0.24790400000000001  -0.249221  -0.35940301000000002
11753    -0.24870300000000001  -0.25184399000000002  -0.35415598999999998
11754    -0.24796899999999999  -0.243974  -0.35415598999999998
11755    -0.24801799999999999  -0.243974  -0.34890898999999997
11756    -0.24807799999999999  -0.249221  -0.34890898999999997
11757    -0.24675401  -0.243974  -0.34366198999999997
11758    -0.24587201  -0.249221  -0.34366198999999997
11759    -0.24707999999999999  -0.23872699999999999  -0.34366198999999997
11760    -0.24662799999999999  -0.243974  -0.35940301000000002
11761    -0.24704701000000001  -0.23872699999999999  -0.35415598999999998
11762    -0.24568000000000001  -0.23348000999999999  -0.35415598999999998
11763    -0.24402699999999999  -0.228073  -0.35415598999999998
11764    -0.24594299  -0.22823399  -0.34890898999999997
11765    -0.24463999  -0.22298699999999999  -0.34890898999999997
11766    -0.245226  -0.220364  -0.34366198999999997
11767    -0.246503  -0.22823399  -0.34366198999999997
11768    -0.24315500000000001  -0.21773999999999999  -0.34890898999999997
11769    -0.24573700000000001  -0.22298699999999999  -0.33841600999999999
11770    -0.24584500000000001  -0.22823399  -0.33841600999999999
11771    -0.24432200000000001  -0.21511699000000001  -0.33188999000000002
11772    -0.243974  -0.21773999999999999  -0.33133799000000003
11773    -0.24695700000000001  -0.23348000999999999  -0.34366198999999997
11774    -0.24496098999999999  -0.21511699000000001  -0.33841600999999999
11775    -0.24442700000000001  -0.20987  -0.33316900999999999
11776    -0.24377099999999999  -0.20724699999999999  -0.33841600999999999
11777    -0.24369199999999999  -0.20200001000000001  -0.33316900999999999
11778    -0.24266600999999999  -0.20200001000000001  -0.33841600999999999
11779    -0.24197199999999999  -0.20724699999999999  -0.34366198999999997
11780    -0.243561  -0.20724699999999999  -0.32792199
11781    -0.24353699000000001  -0.20200001000000001  -0.32792199
11782    -0.24321300000000001  -0.19675300000000001  -0.32792199
11783    -0.24168301  -0.20200001000000001  -0.32267498999999999
11784    -0.24217901  -0.19675300000000001  -0.32267498999999999
11785    -0.24324298999999999  -0.21249399999999999  -0.32792199
11786    -0.24284700000000001  -0.19675300000000001  -0.33316900999999999
11787    -0.24263199999999999  -0.19150600000000001  -0.32792199
11788    -0.241651  -0.19150600000000001  -0.33316900999999999
11789    -0.24171699999999999  -0.18626000000000001  -0.32792199
11790    -0.23872699999999999  -0.18237200000000001  -0.33316900999999999
11791    -0.23872699999999999  -0.17493698999999999  -0.32792199
11792    -0.23714399  -0.17051899000000001  -0.32792199
11793    -0.23939499  -0.17051899000000001  -0.32267498999999999
11794    -0.23811499999999999  -0.165273  -0.32267498999999999
11795    -0.23977201000000001  -0.16789599999999999  -0.31742901000000001
11796    -0.23845699000000001  -0.160026  -0.31742901000000001
11797    -0.23627999  -0.160026  -0.32267498999999999
11798    -0.23713100000000001  -0.154779  -0.31742901000000001
11799    -0.23538700000000001  -0.14953200999999999  -0.31742901000000001
11800    -0.23635300000000001  -0.14428600999999999  -0.31218201000000001
11801    -0.23854300000000001  -0.154779  -0.31218201000000001
11802    -0.23348099999999999  -0.13531999  -0.31218201000000001
11803    -0.23673899000000001  -0.13903899  -0.30693501000000001
11804    -0.23549400000000001  -0.13379199999999999  -0.30693501000000001
11805    -0.23767801  -0.14428600999999999  -0.30693501000000001
11806    -0.23730599999999999  -0.13903899  -0.30168799000000002
11807    -0.23759601  -0.14428600999999999  -0.30168799000000002
11808    -0.23829401  -0.14953200999999999  -0.30693501000000001
11809    -0.23625500999999999  -0.13903899  -0.29644199999999998
11810    -0.23560400000000001  -0.14428600999999999  -0.29644199999999998
11811    -0.23638198999999999  -0.13379199999999999  -0.29644199999999998
11812    -0.23753899000000001  -0.14953200999999999  -0.30168799000000002
11813    -0.23348099999999999  -0.12669800000000001  -0.30693501000000001
11814    -0.23533200000000001  -0.12592199000000001  -0.30168799000000002
11815    -0.23349300000000001  -0.118006  -0.30168799000000002
11816    -0.23123099999999999  -0.120675  -0.30693501000000001
11817    -0.23497499999999999  -0.118052  -0.29644199999999998
11818    -0.23402500000000001  -0.112805  -0.29644199999999998
11819    -0.23472100000000001  -0.112805  -0.29119500999999998
11820    -0.23419498999999999  -0.107558  -0.29119500999999998
11821    -0.23502799999999999  -0.118052  -0.29119500999999998
11822    -0.23288301  -0.107558  -0.29644199999999998
11823    -0.23344599999999999  -0.102312  -0.29119500999999998
11824    -0.23133798999999999  -0.102312  -0.29644199999999998
11825    -0.23242299  -0.097064999999999999  -0.29119500999999998
11826    -0.23350800999999999  -0.097064999999999999  -0.28594800999999997
11827    -0.23284299999999999  -0.091817999999999997  -0.28594800999999997
11828    -0.23322098999999999  -0.097064999999999999  -0.28070100999999997
11829    -0.23302400000000001  -0.102312  -0.28070100999999997
11830    -0.23312200999999999  -0.091817999999999997  -0.28070100999999997
11831    -0.23166101  -0.091817999999999997  -0.27545500000000001
11832    -0.232044  -0.086570999999999995  -0.27545500000000001
11833    -0.23014799999999999  -0.081324999999999995  -0.270208
11834    -0.23072000000000001  -0.076078000000000007  -0.270208
11835    -0.23089900999999999  -0.070831000000000005  -0.270208
11836    -0.23186301000000001  -0.076078000000000007  -0.27545500000000001
11837    -0.23135699000000001  -0.070831000000000005  -0.27545500000000001
11838    -0.23131301000000001  -0.076078000000000007  -0.28070100999999997
11839    -0.23220199  -0.081324999999999995  -0.28070100999999997
11840    -0.230461  -0.081324999999999995  -0.28594800999999997
11841    -0.228495  -0.075316999999999995  -0.28594800999999997
11842    -0.23186000000000001  -0.086570999999999995  -0.28594800999999997
11843    -0.23075599999999999  -0.065584000000000003  -0.270208
11844    -0.230516  -0.065584000000000003  -0.27545500000000001
11845    -0.23033999999999999  -0.060338000000000003  -0.270208
11846    -0.22964200000000001  -0.060338000000000003  -0.264961
11847    -0.22961098999999999  -0.055091000000000001  -0.264961
11848    -0.22839699999999999  -0.049843999999999999  -0.25931199999999999
11849    -0.22838998999999999  -0.044596999999999998  -0.25913700000000001
11850    -0.22689500000000001  -0.044596999999999998  -0.25446798999999998
11851    -0.22400400000000001  -0.039350999999999997  -0.249221
11852    -0.22731601000000001  -0.039350999999999997  -0.25446798999999998
11853    -0.22961699999999999  -0.055091000000000001  -0.270208
11854    -0.22930500000000001  -0.049843999999999999  -0.264961
11855    -0.22870198999999999  -0.044596999999999998  -0.264961
11856    -0.228605  -0.049843999999999999  -0.270208
11857    -0.22731299999999999  -0.044596999999999998  -0.270208
11858    -0.226135  -0.049843999999999999  -0.27545500000000001
11859    -0.225436  -0.039350999999999997  -0.270208
11860    -0.22650598999999999  -0.034104000000000002  -0.264961
11861    -0.22537900999999999  -0.023609999999999999  -0.25971401
11862    -0.22298699999999999  -0.015646  -0.25971401
11863    -0.22486299000000001  -0.015740000000000001  -0.25446798999999998
11864    -0.22637001000000001  -0.023609999999999999  -0.25446798999999998
11865    -0.22298699999999999  -0.0077730000000000004  -0.25446798999999998
11866    -0.22668999000000001  -0.028857000000000001  -0.25971401
11867    -0.224333  -0.0078700000000000003  -0.249221
11868    -0.22564200000000001  -0.018363999999999998  -0.249221
11869    -0.220966  -0.010494  -0.25971401
11870    -0.22587500999999999  -0.023609999999999999  -0.249221
11871    -0.22418199  -0.018363999999999998  -0.243974
11872    -0.22572999999999999  -0.028857000000000001  -0.249221
11873    -0.224499  -0.013117  -0.243974
11874    -0.22443399999999999  -0.0078700000000000003  -0.243974
11875    -0.22318399999999999  -0.0026229999999999999  -0.23827501000000001
11876    -0.22404499  -0.0026229999999999999  -0.243974
11877    -0.223189  0.0026229999999999999  -0.23802100000000001
11878    -0.22339700000000001  0.0026229999999999999  -0.243974
11879    -0.223079  0.0078700000000000003  -0.23872699999999999
11880    -0.22336  -0.0026229999999999999  -0.249221
11881    -0.22511898999999999  -0.013117  -0.249221
11882    -0.227797  -0.039350999999999997  -0.264961
11883    -0.22699399000000001  -0.028857000000000001  -0.25446798999999998
11884    -0.22731601000000001  -0.034104000000000002  -0.25446798999999998
11885    -0.227633  -0.034104000000000002  -0.25971401
11886    -0.22797100000000001  -0.055091000000000001  -0.27545500000000001
11887    -0.22648399999999999  -0.060338000000000003  -0.28070100999999997
11888    -0.22830698999999999  -0.065353999999999995  -0.28070100999999997
11889    -0.225462  -0.068208000000000005  -0.28594800999999997
11890    -0.22214299000000001  0.0078700000000000003  -0.23348099999999999
11891    -0.22247399000000001  0.013117  -0.23872699999999999
11892    -0.219696  0.013117  -0.22823399
11893    -0.22044399000000001  0.018363999999999998  -0.22823399
11894    -0.220689  0.023609999999999999  -0.22823399
11895    -0.22053500000000001  0.028857000000000001  -0.22823399
11896    -0.22138099  0.023609999999999999  -0.23348099999999999
11897    -0.22053400000000001  0.028857000000000001  -0.23348099999999999
11898    -0.22006400000000001  0.034104000000000002  -0.22823399
11899    -0.22034100000000001  0.023609999999999999  -0.23872699999999999
11900    -0.22191601  0.018363999999999998  -0.23348099999999999
11901    -0.221579  0.018363999999999998  -0.23872699999999999
11902    -0.21962899999999999  0.018363999999999998  -0.243974
11903    -0.21776301000000001  0.023671999999999999  -0.243974
11904    -0.217025  0.034104000000000002  -0.23872699999999999
11905    -0.21549099999999999  0.028857000000000001  -0.243974
11906    -0.22127200999999999  0.013117  -0.243974
11907    -0.22051100000000001  0.0078700000000000003  -0.249221
11908    -0.21784000000000001  0.039698999999999998  -0.23348099999999999
11909    -0.21626200000000001  0.044596999999999998  -0.23348099999999999
11910    -0.21827599  0.044596999999999998  -0.22823399
11911    -0.217062  0.049843999999999999  -0.22823399
11912    -0.21928300000000001  0.039350999999999997  -0.22823399
11913    -0.218747  0.044596999999999998  -0.22298699999999999
11914    -0.217611  0.053089999999999998  -0.22298699999999999
11915    -0.21910199999999999  0.039350999999999997  -0.22298699999999999
11916    -0.21781  0.049843999999999999  -0.21754899999999999
11917    -0.21545598999999999  0.055091000000000001  -0.22823399
11918    -0.21615699999999999  0.060338000000000003  -0.22298699999999999
11919    -0.217085  0.060338000000000003  -0.21773999999999999
11920    -0.216282  0.065584000000000003  -0.21773999999999999
11921    -0.216417  0.065584000000000003  -0.21249399999999999
11922    -0.21655799000000001  0.060338000000000003  -0.21249399999999999
11923    -0.21436400999999999  0.065584000000000003  -0.20724699999999999
11924    -0.21498901000000001  0.070831000000000005  -0.20724699999999999
11925    -0.21593699999999999  0.070831000000000005  -0.21249399999999999
11926    -0.21626601000000001  0.055091000000000001  -0.21249399999999999
11927    -0.21452599999999999  0.073455000000000006  -0.21773999999999999
11928    -0.214754  0.078700999999999993  -0.21249399999999999
11929    -0.21240698999999999  0.081324999999999995  -0.21773999999999999
11930    -0.212699  0.071141999999999997  -0.22314000000000001
11931    -0.210427  0.086570999999999995  -0.21773999999999999
11932    -0.211786  0.091817999999999997  -0.21249399999999999
11933    -0.209842  0.097064999999999999  -0.21249399999999999
11934    -0.212394  0.097064999999999999  -0.20724699999999999
11935    -0.21101400000000001  0.102312  -0.20724699999999999
11936    -0.21377399999999999  0.089194999999999997  -0.20724699999999999
11937    -0.21312900000000001  0.086570999999999995  -0.21249399999999999
11938    -0.21314999000000001  0.097064999999999999  -0.20200001000000001
11939    -0.21359700000000001  0.091817999999999997  -0.20200001000000001
11940    -0.213751  0.086570999999999995  -0.20200001000000001
11941    -0.21213301000000001  0.091817999999999997  -0.19675300000000001
11942    -0.21252499999999999  0.097064999999999999  -0.19668099
11943    -0.21348998999999999  0.081324999999999995  -0.20200001000000001
11944    -0.21473400000000001  0.081324999999999995  -0.20724699999999999
11945    -0.20913300000000001  0.107558  -0.20724699999999999
11946    -0.211505  0.107558  -0.20200001000000001
11947    -0.21016399999999999  0.112805  -0.20200001000000001
11948    -0.20930198999999999  0.12329900000000001  -0.19675300000000001
11949    -0.21054100000000001  0.118052  -0.19675300000000001
11950    -0.210309  0.12329900000000001  -0.19150600000000001
11951    -0.20890500000000001  0.13116901  -0.19150600000000001
11952    -0.20969699  0.12854499999999999  -0.18626000000000001
11953    -0.20995900000000001  0.12329900000000001  -0.18626000000000001
11954    -0.20852399999999999  0.12854499999999999  -0.18101300000000001
11955    -0.20870399000000001  0.13379199999999999  -0.18101300000000001
11956    -0.21091101000000001  0.118052  -0.19150600000000001
11957    -0.20985699999999999  0.118052  -0.18626000000000001
11958    -0.20874899999999999  0.13641600000000001  -0.18626000000000001
11959    -0.20724699999999999  0.13034201000000001  -0.19675300000000001
11960    -0.21147199999999999  0.112805  -0.19675300000000001
11961    -0.21209800000000001  0.107558  -0.19675300000000001
11962    -0.212478  0.102312  -0.20200001000000001
11963    -0.20593800000000001  0.13379199999999999  -0.19675300000000001
11964    -0.20848399000000001  0.13903899  -0.18101300000000001
11965    -0.20761099  0.14691198999999999  -0.18101300000000001
11966    -0.20733299999999999  0.14428600999999999  -0.18626000000000001
11967    -0.20596300000000001  0.14953200999999999  -0.18626000000000001
11968    -0.20503399999999999  0.14428600999999999  -0.19150600000000001
11969    -0.20400699999999999  0.154779  -0.18626000000000001
11970    -0.20472299999999999  0.160026  -0.18101300000000001
11971    -0.20200001000000001  0.16739499999999999  -0.18101300000000001
11972    -0.20472900999999999  0.165273  -0.17576601
11973    -0.2059  0.160026  -0.17576601
11974    -0.20515100999999999  0.165273  -0.17051899000000001
11975    -0.20425699999999999  0.17051899000000001  -0.17051899000000001
11976    -0.20391300000000001  0.17051899000000001  -0.165273
11977    -0.20572001000000001  0.160026  -0.17051899000000001
11978    -0.206737  0.154779  -0.17576601
11979    -0.20590800000000001  0.154779  -0.17051899000000001
11980    -0.20347399999999999  0.160026  -0.165273
11981    -0.20307501  0.17576601  -0.17051899000000001
11982    -0.203981  0.165273  -0.165273
11983    -0.20343199000000001  0.17576601  -0.165273
11984    -0.20216398999999999  0.18101300000000001  -0.15957899
11985    -0.20196900000000001  0.18626000000000001  -0.160026
11986    -0.200798  0.18626000000000001  -0.154779
11987    -0.20097699999999999  0.19150600000000001  -0.154779
11988    -0.20133999999999999  0.19150600000000001  -0.160026
11989    -0.19831299999999999  0.19150600000000001  -0.14953200999999999
11990    -0.19938600000000001  0.19675300000000001  -0.14953200999999999
11991    -0.19969600000000001  0.20200001000000001  -0.14953200999999999
11992    -0.19805700000000001  0.20724699999999999  -0.14428600999999999
11993    -0.199487  0.20724699999999999  -0.14953200999999999
11994    -0.200077  0.20200001000000001  -0.154779
11995    -0.198514  0.20987  -0.154779
11996    -0.19897300000000001  0.20200001000000001  -0.160026
11997    -0.19675300000000001  0.20915399000000001  -0.160026
11998    -0.19645899999999999  0.21773999999999999  -0.154779
11999    -0.19808500000000001  0.21773999999999999  -0.14953200999999999
12000    -0.19697100000000001  0.22298699999999999  -0.14953200999999999
12001    -0.19789000000000001  0.22298699999999999  -0.14428600999999999
12002    -0.19711699999999999  0.22823399  -0.14428600999999999
12003    -0.19556299999999999  0.22823399  -0.14953200999999999
12004    -0.196078  0.23348099999999999  -0.14428600999999999
12005    -0.19689301000000001  0.23348099999999999  -0.13903899
12006    -0.19618399  0.23872699999999999  -0.13903899
12007    -0.19610199  0.23348099999999999  -0.13379199999999999
12008    -0.19616400000000001  0.23872699999999999  -0.13379199999999999
12009    -0.19364898999999999  0.23872699999999999  -0.12854499999999999
12010    -0.19456100000000001  0.243974  -0.12854499999999999
12011    -0.194739  0.249221  -0.12854499999999999
12012    -0.19285899000000001  0.25446798999999998  -0.12329900000000001
12013    -0.19309699999999999  0.25971401  -0.12329900000000001
12014    -0.19434999999999999  0.25446798999999998  -0.12854499999999999
12015    -0.19287099999999999  0.264961  -0.12329900000000001
12016    -0.19172700000000001  0.270208  -0.118052
12017    -0.19230100999999999  0.270208  -0.12329900000000001
12018    -0.19156799999999999  0.27545500000000001  -0.117813
12019    -0.19144601  0.27545500000000001  -0.12329900000000001
12020    -0.191305  0.270208  -0.12854499999999999
12021    -0.19115799999999999  0.28070100999999997  -0.118052
12022    -0.190194  0.28070100999999997  -0.12329900000000001
12023    -0.18962000000000001  0.27545500000000001  -0.12854499999999999
12024    -0.19033700000000001  0.28594800999999997  -0.118052
12025    -0.19041701  0.28594800999999997  -0.112805
12026    -0.19045999999999999  0.28070100999999997  -0.112805
12027    -0.18851000000000001  0.28594800999999997  -0.107558
12028    -0.18911301  0.29119500999999998  -0.107558
12029    -0.188499  0.28594800999999997  -0.12329900000000001
12030    -0.18900600000000001  0.29119500999999998  -0.118052
12031    -0.18626000000000001  0.299456  -0.118052
12032    -0.18779900999999999  0.30168799000000002  -0.112805
12033    -0.186277  0.30698799999999998  -0.112805
12034    -0.18781801000000001  0.30693501000000001  -0.107558
12035    -0.18863299  0.30168799000000002  -0.107558
12036    -0.186637  0.31218201000000001  -0.107558
12037    -0.18420400000000001  0.31218201000000001  -0.112805
12038    -0.18734400000000001  0.31218201000000001  -0.102312
12039    -0.18666199999999999  0.31742901000000001  -0.102312
12040    -0.18520001  0.31742901000000001  -0.107558
12041    -0.18909999999999999  0.29644199999999998  -0.112805
12042    -0.18773000000000001  0.30693501000000001  -0.102312
12043    -0.18643599999999999  0.31742901000000001  -0.096444000000000002
12044    -0.18627299  0.32267498999999999  -0.097064999999999999
12045    -0.18548799999999999  0.32267498999999999  -0.091817999999999997
12046    -0.18558399  0.32792199  -0.097064999999999999
12047    -0.19251999  0.264961  -0.12854499999999999
12048    -0.18556701  0.32792199  -0.091817999999999997
12049    -0.18362001  0.32792199  -0.086570999999999995
12050    -0.18441399999999999  0.33316900999999999  -0.086570999999999995
12051    -0.18269099  0.33841600999999999  -0.081324999999999995
12052    -0.18454000000000001  0.33841600999999999  -0.086570999999999995
12053    -0.18340600000000001  0.34366198999999997  -0.081324999999999995
12054    -0.18523200000000001  0.33316900999999999  -0.091817999999999997
12055    -0.19577800000000001  0.243974  -0.13379199999999999
12056    -0.194628  0.23872699999999999  -0.14428600999999999
12057    -0.19366699000000001  0.23348099999999999  -0.14953200999999999
12058    -0.19726399999999999  0.22823399  -0.13903899
12059    -0.198356  0.21773999999999999  -0.14428600999999999
12060    -0.194552  0.22298699999999999  -0.154779
12061    -0.19069  0.264961  -0.13379199999999999
12062    -0.19309499999999999  0.25709099000000002  -0.13379199999999999
12063    -0.191634  0.25465301000000001  -0.13914098999999999
12064    -0.19357099999999999  0.249221  -0.13903899
12065    -0.18959901000000001  0.25971401  -0.13903899
12066    -0.19653599999999999  0.20200001000000001  -0.165273
12067    -0.19395799999999999  0.20724699999999999  -0.165273
12068    -0.198489  0.19675300000000001  -0.165273
12069    -0.198461  0.21249399999999999  -0.14428600999999999
12070    -0.20069699999999999  0.19675300000000001  -0.154779
12071    -0.198934  0.21249399999999999  -0.14953200999999999
12072    -0.20183298999999999  0.185386  -0.165273
12073    -0.18768499999999999  0.30168799000000002  -0.102312
12074    -0.18848999999999999  0.270208  -0.13379199999999999
12075    -0.201487  0.17576601  -0.17576601
12076    -0.19359601000000001  0.25971401  -0.12854499999999999
12077    -0.186387  0.31218201000000001  -0.096784999999999996
12078    -0.206203  0.154779  -0.18101300000000001
12079    -0.20744299999999999  0.14428600999999999  -0.17576601
12080    -0.18424299  0.34366198999999997  -0.086570999999999995
12081    -0.18354300000000001  0.34890898999999997  -0.081324999999999995
12082    -0.183532  0.34890898999999997  -0.086570999999999995
12083    -0.18327001000000001  0.35415598999999998  -0.081324999999999995
12084    -0.18247100999999999  0.35415598999999998  -0.076078000000000007
12085    -0.18260799  0.35940301000000002  -0.076078000000000007
12086    -0.182587  0.35940301000000002  -0.081324999999999995
12087    -0.18231399000000001  0.364649  -0.076078000000000007
12088    -0.181585  0.364649  -0.081324999999999995
12089    -0.18106601  0.35957599000000001  -0.086570999999999995
12090    -0.17929700000000001  0.364649  -0.086570999999999995
12091    -0.180254  0.35415598999999998  -0.091817999999999997
12092    -0.17883199  0.34890898999999997  -0.097064999999999999
12093    -0.181952  0.34890898999999997  -0.091817999999999997
12094    -0.18109500000000001  0.34387600000000001  -0.097064999999999999
12095    -0.18160999999999999  0.36989599000000001  -0.076078000000000007
12096    -0.18133099  0.37251898999999999  -0.069568000000000005
12097    -0.18069001000000001  0.38038999000000001  -0.070831000000000005
12098    -0.180619  0.37514299000000001  -0.076078000000000007
12099    -0.18061099999999999  0.37514299000000001  -0.065584000000000003
12100    -0.18070699000000001  0.38038999000000001  -0.065584000000000003
12101    -0.17915200000000001  0.38038999000000001  -0.076078000000000007
12102    -0.178229  0.37514299000000001  -0.081324999999999995
12103    -0.18101300000000001  0.36989599000000001  -0.068570999999999993
12104    -0.177314  0.38563599999999998  -0.076078000000000007
12105    -0.180427  0.38563599999999998  -0.065584000000000003
12106    -0.179566  0.38563599999999998  -0.060338000000000003
12107    -0.17826401  0.39088299999999998  -0.070831000000000005
12108    -0.17605599999999999  0.39684501  -0.070831000000000005
12109    -0.17863899  0.39612999999999998  -0.065584000000000003
12110    -0.177039  0.40137698999999999  -0.065584000000000003
12111    -0.17976500000000001  0.39088299999999998  -0.065584000000000003
12112    -0.17938699999999999  0.39612999999999998  -0.060338000000000003
12113    -0.175291  0.40562599999999999  -0.065584000000000003
12114    -0.17857701000000001  0.40137698999999999  -0.060338000000000003
12115    -0.17521501  0.41187000000000001  -0.060338000000000003
12116    -0.17496999999999999  0.41711700000000002  -0.055091000000000001
12117    -0.17439299999999999  0.42236400000000002  -0.049843999999999999
12118    -0.17051899000000001  0.42792299  -0.049843999999999999
12119    -0.17599300000000001  0.41784199999999999  -0.049843999999999999
12120    -0.17547098999999999  0.42236400000000002  -0.044596999999999998
12121    -0.169737  0.43210301000000001  -0.044596999999999998
12122    -0.17099500000000001  0.43342701  -0.039350999999999997
12123    -0.165273  0.43824801000000002  -0.039611
12124    -0.16890299  0.43810399999999999  -0.034104000000000002
12125    -0.17053199999999999  0.43812001  -0.028857000000000001
12126    -0.172736  0.43285700999999999  -0.034104000000000002
12127    -0.17432700000000001  0.42761000999999998  -0.039350999999999997
12128    -0.17456099  0.42761000999999998  -0.034104000000000002
12129    -0.17556099999999999  0.42236400000000002  -0.039350999999999997
12130    -0.17508499  0.42236400000000002  -0.034104000000000002
12131    -0.17420099999999999  0.42761000999999998  -0.028857000000000001
12132    -0.17399099000000001  0.42236400000000002  -0.028857000000000001
12133    -0.17354  0.42761000999999998  -0.023609999999999999
12134    -0.17299300000000001  0.43285700999999999  -0.020986999999999999
12135    -0.17266898999999999  0.42761000999999998  -0.018363999999999998
12136    -0.17233799  0.43285700999999999  -0.010494
12137    -0.171735  0.42761000999999998  -0.013117
12138    -0.17086200000000001  0.43865599999999999  -0.023609999999999999
12139    -0.168879  0.443351  -0.013117
12140    -0.16908500000000001  0.443351  0
12141    -0.165273  0.44735100999999999  -0.0052469999999999999
12142    -0.165273  0.44672500999999998  0.0078700000000000003
12143    -0.16334199999999999  0.44859701000000002  0
12144    -0.160026  0.45009500000000002  -0.0078700000000000003
12145    -0.16830300000000001  0.443351  0.010494
12146    -0.160026  0.450266  0
12147    -0.165273  0.44634199000000002  -0.015740000000000001
12148    -0.165273  0.44512998999999998  0.015740000000000001
12149    -0.17196099000000001  0.43285700999999999  0
12150    -0.17208899999999999  0.42236400000000002  -0.023609999999999999
12151    -0.17436900999999999  0.41711700000000002  -0.034104000000000002
12152    -0.17318700000000001  0.43285700999999999  -0.028857000000000001
12153    -0.17636300999999999  0.41711700000000002  -0.044596999999999998
12154    -0.173149  0.42761000999999998  -0.044596999999999998
12155    -0.165273  0.44099799000000001  -0.034104000000000002
12156    -0.17972500999999999  0.38563599999999998  -0.070831000000000005
12157    -0.18015999999999999  0.36989599000000001  -0.081324999999999995
12158    -0.181288  0.364649  -0.070227999999999999
12159    -0.18250699000000001  0.35415598999999998  -0.086570999999999995
12160    -0.18343999999999999  0.34366198999999997  -0.091817999999999997
12161    -0.215057  0.076078000000000007  -0.20724699999999999
12162    -0.181537  0.33512398999999998  -0.101844
12163    -0.18404899999999999  0.32792199  -0.102312
12164    -0.18310699999999999  0.32267498999999999  -0.107558
12165    -0.189107  0.29644199999999998  -0.107558
12166    -0.20911299999999999  0.112805  -0.18626000000000001
12167    -0.211226  0.107558  -0.19150600000000001
12168    -0.19916600000000001  0.18101300000000001  -0.17576601
12169    -0.199963  0.18626000000000001  -0.17051899000000001
12170    -0.20696101  0.13903899  -0.19150600000000001
12171    -0.19422600000000001  0.21511699000000001  -0.160026
12172    -0.17862500000000001  0.40137698999999999  -0.055091000000000001
12173    -0.17803299  0.40662301000000001  -0.055091000000000001
12174    -0.17705399999999999  0.40924701000000002  -0.047220999999999999
12175    -0.178615  0.39612999999999998  -0.055091000000000001
12176    -0.17701501  0.40924701000000002  -0.057714000000000001
12177    -0.21125899000000001  0.112805  -0.19150600000000001
12178    -0.18710199999999999  0.29644199999999998  -0.102312
12179    -0.17777701000000001  0.39088299999999998  -0.055091000000000001
12180    -0.214641  0.065584000000000003  -0.22298699999999999
12181    -0.184477  0.33316900999999999  -0.097064999999999999
12182    -0.18994699000000001  0.29119500999999998  -0.112805
12183    -0.18555801  0.32267498999999999  -0.102312
12184    -0.18995100000000001  0.27545500000000001  -0.112805
12185    -0.20031599999999999  0.19675300000000001  -0.160026
12186    -0.17973401  0.39088299999999998  -0.060338000000000003
12187    -0.21249499999999999  0.102312  -0.19674900000000001
12188    -0.17580000000000001  0.41711700000000002  -0.039350999999999997
12189    -0.19675300000000001  0.22823399  -0.13728199999999999
12190    -0.21763099999999999  0.055091000000000001  -0.21773999999999999
12191    -0.207256  0.14953200999999999  -0.175732
12192    -0.19500600000000001  0.249221  -0.13379199999999999
12193    -0.21934400000000001  0.034104000000000002  -0.23348099999999999
12194    -0.21911401  0.034104000000000002  -0.22298699999999999
12195    -0.222196  0.013117  -0.23348099999999999
12196    -0.17219899999999999  0.43285700999999999  0.010494
12197    -0.17127600000000001  0.42761000999999998  0.0078700000000000003
12198    -0.17203700999999999  0.42761000999999998  0.013117
12199    -0.22250099000000001  0.0078700000000000003  -0.243974
12200    -0.22824501  -0.039350999999999997  -0.25971401
12201    -0.225133  -0.034104000000000002  -0.249221
12202    -0.22935700000000001  -0.065584000000000003  -0.264961
12203    -0.229965  -0.070831000000000005  -0.28070100999999997
12204    -0.230709  -0.097064999999999999  -0.27545500000000001
12205    -0.23208500000000001  -0.081324999999999995  -0.27545500000000001
12206    -0.23374200000000001  -0.112805  -0.28535399
12207    -0.23087100999999999  -0.110182  -0.30168799000000002
12208    -0.234015  -0.104935  -0.28594800999999997
12209    -0.23505200000000001  -0.12329900000000001  -0.29119500999999998
12210    -0.23673899000000001  -0.13379199999999999  -0.30168799000000002
12211    -0.23616799999999999  -0.12854499999999999  -0.29644199999999998
12212    -0.23569899999999999  -0.12329900000000001  -0.29644199999999998
12213    -0.23060900000000001  -0.12854499999999999  -0.31218201000000001
12214    -0.23955299999999999  -0.16789599999999999  -0.31218201000000001
12215    -0.24063300000000001  -0.17576601  -0.31742901000000001
12216    -0.23872699999999999  -0.17051899000000001  -0.30966498999999997
12217    -0.23830201000000001  -0.165273  -0.30693501000000001
12218    -0.24084499000000001  -0.18101300000000001  -0.31742901000000001
12219    -0.241366  -0.18101300000000001  -0.32267498999999999
12220    -0.24049300000000001  -0.17576601  -0.32267498999999999
12221    -0.23864300999999999  -0.160026  -0.30693501000000001
12222    -0.24045099  -0.18101300000000001  -0.32792199
12223    -0.24194099999999999  -0.18626000000000001  -0.32267498999999999
12224    -0.240734  -0.18626000000000001  -0.31742901000000001
12225    -0.237626  -0.14953200999999999  -0.31218201000000001
12226    -0.24098501  -0.19675300000000001  -0.33841600999999999
12227    -0.230965  -0.091817999999999997  -0.29119500999999998
12228    -0.24057500000000001  -0.20724699999999999  -0.32267498999999999
12229    -0.24357799999999999  -0.21249399999999999  -0.34366198999999997
12230    -0.240812  -0.21249399999999999  -0.34890898999999997
12231    -0.24764900000000001  -0.23872699999999999  -0.34890898999999997
12232    -0.24781901000000001  -0.25446798999999998  -0.34890898999999997
12233    -0.23348099999999999  -0.107558  -0.28376999000000003
12234    -0.23860799999999999  -0.154779  -0.30693501000000001
12235    -0.23701701  -0.154779  -0.30168799000000002
12236    -0.24522901  -0.249221  -0.364649
12237    -0.25011799000000001  -0.27283099  -0.364649
12238    -0.18292700000000001  0.33841600999999999  -0.097064999999999999
12239    -0.24221498999999999  -0.19150600000000001  -0.32267498999999999
12240    -0.24697299  -0.23348000999999999  -0.34890898999999997
12241    -0.25159499000000002  -0.29119500999999998  -0.36989599000000001
12242    -0.25046300999999999  -0.29119500999999998  -0.364649
12243    -0.245527  -0.23348000999999999  -0.33841600999999999
12244    -0.23473901  -0.12854499999999999  -0.29119500999999998
12245    -0.23278499999999999  -0.086570999999999995  -0.28070100999999997
12246    -0.18452099999999999  0.33841600999999999  -0.091817999999999997
12247    -0.24795200000000001  -0.28594800999999997  -0.38038999000000001
12248    -0.16666  0.443351  0.018363999999999998
12249    -0.17072301000000001  0.43810399999999999  0.018363999999999998
12250    -0.16994899999999999  0.43810399999999999  0.023609999999999999
12251    -0.17249399000000001  0.43285700999999999  0.023609999999999999
12252    -0.17197098999999999  0.43285700999999999  0.028857000000000001
12253    -0.17051899000000001  0.43533799000000001  0.028857000000000001
12254    -0.173456  0.42761000999999998  0.023609999999999999
12255    -0.17283200000000001  0.42761000999999998  0.018363999999999998
12256    -0.17060500000000001  0.43296999000000003  0.034104000000000002
12257    -0.17369999999999999  0.42761000999999998  0.028857000000000001
12258    -0.17158999999999999  0.42236400000000002  0.018363999999999998
12259    -0.17191799999999999  0.42761000999999998  0.039350999999999997
12260    -0.17279699000000001  0.42236400000000002  0.044596999999999998
12261    -0.16817199999999999  0.43810399999999999  0.028857000000000001
12262    -0.17433499999999999  0.42236400000000002  0.039350999999999997
12263    -0.17547201000000001  0.41711700000000002  0.039350999999999997
12264    -0.17500300999999999  0.41711700000000002  0.044596999999999998
12265    -0.17519299999999999  0.41711700000000002  0.034104000000000002
12266    -0.17468998999999999  0.42236400000000002  0.034104000000000002
12267    -0.175014  0.41187000000000001  0.034104000000000002
12268    -0.17305699999999999  0.41711700000000002  0.049843999999999999
12269    -0.175515  0.41187000000000001  0.049843999999999999
12270    -0.17297401000000001  0.41187000000000001  0.055091000000000001
12271    -0.175676  0.40662301000000001  0.055091000000000001
12272    -0.17586599  0.40662301000000001  0.039059999999999997
12273    -0.17619199999999999  0.41187000000000001  0.044596999999999998
12274    -0.17610200000000001  0.39612999999999998  0.043957000000000003
12275    -0.176902  0.40137698999999999  0.044596999999999998
12276    -0.17761999000000001  0.40137698999999999  0.049843999999999999
12277    -0.17793900000000001  0.39612999999999998  0.049843999999999999
12278    -0.17779399000000001  0.39088299999999998  0.049843999999999999
12279    -0.17836399  0.39612999999999998  0.055091000000000001
12280    -0.178951  0.39088299999999998  0.055091000000000001
12281    -0.176925  0.38563599999999998  0.049843999999999999
12282    -0.17907099000000001  0.38563599999999998  0.055091000000000001
12283    -0.17870399000000001  0.38038999000000001  0.055091000000000001
12284    -0.17980499999999999  0.38563599999999998  0.060338000000000003
12285    -0.18013399999999999  0.38038999000000001  0.060338000000000003
12286    -0.17737  0.37514299000000001  0.055091000000000001
12287    -0.18005299999999999  0.37514299000000001  0.060338000000000003
12288    -0.18048701  0.38038999000000001  0.065584000000000003
12289    -0.181006  0.37514299000000001  0.065584000000000003
12290    -0.17962199000000001  0.38038999000000001  0.070831000000000005
12291    -0.17730399999999999  0.38563599999999998  0.070831000000000005
12292    -0.17753099999999999  0.39088299999999998  0.065584000000000003
12293    -0.17970499000000001  0.37514299000000001  0.076078000000000007
12294    -0.179398  0.36989599000000001  0.081324999999999995
12295    -0.18140498999999999  0.36989599000000001  0.076078000000000007
12296    -0.18103801  0.37514299000000001  0.070831000000000005
12297    -0.181336  0.36509299000000001  0.081714999999999996
12298    -0.17944900999999999  0.38563599999999998  0.065584000000000003
12299    -0.17748700000000001  0.39612999999999998  0.060338000000000003
12300    -0.17898700000000001  0.39088299999999998  0.060338000000000003
12301    -0.17729500000000001  0.40137698999999999  0.055091000000000001
12302    -0.176791  0.40662301000000001  0.044596999999999998
12303    -0.17588799999999999  0.41306799999999999  0.039350999999999997
12304    -0.22933701000000001  -0.060338000000000003  -0.27545500000000001
12305    -0.25692599999999999  -0.40137698999999999  -0.38038999000000001
12306    -0.20172298999999999  0.18101300000000001  -0.17051899000000001
12307    -0.165273  0.44321999000000001  -0.028857000000000001
12308    -0.25526198999999999  -0.36202601000000001  -0.38563599999999998
12309    -0.221385  -0.0026229999999999999  -0.25446798999999998
12310    -0.18176199000000001  0.36989599000000001  0.070831000000000005
12311    -0.18208600999999999  0.364649  0.070831000000000005
12312    -0.18305100999999999  0.35940301000000002  0.081324999999999995
12313    -0.183864  0.35415598999999998  0.081324999999999995
12314    -0.18315400000000001  0.35415598999999998  0.076078000000000007
12315    -0.18295699000000001  0.34890898999999997  0.076078000000000007
12316    -0.181283  0.35415598999999998  0.070344000000000004
12317    -0.18205299999999999  0.35940301000000002  0.070831000000000005
12318    -0.18088201000000001  0.364649  0.065584000000000003
12319    -0.182036  0.34366198999999997  0.076078000000000007
12320    -0.18381400000000001  0.33841600999999999  0.081324999999999995
12321    -0.185422  0.33841600999999999  0.086570999999999995
12322    -0.18528900000000001  0.33316900999999999  0.086570999999999995
12323    -0.18520300000000001  0.34366198999999997  0.086570999999999995
12324    -0.18521000000000001  0.34366198999999997  0.091817999999999997
12325    -0.18360699999999999  0.34890898999999997  0.091817999999999997
12326    -0.18457899999999999  0.34890898999999997  0.086570999999999995
12327    -0.18357999999999999  0.34366198999999997  0.097064999999999999
12328    -0.18307499999999999  0.33841600999999999  0.102312
12329    -0.185809  0.33316900999999999  0.102312
12330    -0.187389  0.32792199  0.102312
12331    -0.18771600999999999  0.32267498999999999  0.107558
12332    -0.18840799999999999  0.32267498999999999  0.102312
12333    -0.18892798999999999  0.31742901000000001  0.102312
12334    -0.187747  0.31742901000000001  0.097064999999999999
12335    -0.18777200999999999  0.32267498999999999  0.097064999999999999
12336    -0.18917598999999999  0.31742901000000001  0.107558
12337    -0.18909599999999999  0.31218201000000001  0.102312
12338    -0.18721699999999999  0.31218201000000001  0.097064999999999999
12339    -0.18893900999999999  0.30693501000000001  0.102312
12340    -0.18814801  0.30168799000000002  0.102312
12341    -0.19038100999999999  0.30168799000000002  0.107558
12342    -0.190134  0.29644199999999998  0.107558
12343    -0.191579  0.29119500999999998  0.112805
12344    -0.19275001  0.28594800999999997  0.118052
12345    -0.19265001000000001  0.28070100999999997  0.118052
12346    -0.19339799999999999  0.28594800999999997  0.12329900000000001
12347    -0.19267999999999999  0.29119500999999998  0.12329900000000001
12348    -0.19153801000000001  0.29119500999999998  0.12861300000000001
12349    -0.19309499999999999  0.28594800999999997  0.12854499999999999
12350    -0.19319201  0.28070100999999997  0.13379199999999999
12351    -0.19306899999999999  0.27545500000000001  0.13903899
12352    -0.194663  0.27545500000000001  0.13379199999999999
12353    -0.19472100000000001  0.27545500000000001  0.12854499999999999
12354    -0.195023  0.270208  0.12854499999999999
12355    -0.19352899000000001  0.270208  0.12329900000000001
12356    -0.193941  0.27545500000000001  0.12329900000000001
12357    -0.19228799999999999  0.264961  0.12329900000000001
12358    -0.19495398999999999  0.264961  0.12854499999999999
12359    -0.19590299999999999  0.264961  0.13379199999999999
12360    -0.19601299999999999  0.25971401  0.13379199999999999
12361    -0.19568799000000001  0.25446798999999998  0.13379199999999999
12362    -0.19669500000000001  0.25971401  0.13903899
12363    -0.19678899999999999  0.249221  0.13892899
12364    -0.19735900000000001  0.25446798999999998  0.14428600999999999
12365    -0.197767  0.249221  0.14428600999999999
12366    -0.196794  0.25446798999999998  0.14953200999999999
12367    -0.19781699999999999  0.243974  0.14428600999999999
12368    -0.19708498999999999  0.23872699999999999  0.14347099999999999
12369    -0.19864899999999999  0.243974  0.14953200999999999
12370    -0.19888  0.23872699999999999  0.14953200999999999
12371    -0.19865700999999999  0.23348099999999999  0.14953200999999999
12372    -0.199516  0.23872699999999999  0.154779
12373    -0.19993300999999999  0.23348099999999999  0.154779
12374    -0.19880600000000001  0.23872699999999999  0.160026
12375    -0.20023199999999999  0.23348099999999999  0.160026
12376    -0.199907  0.22823399  0.154779
12377    -0.19878299999999999  0.23348099999999999  0.165273
12378    -0.19836899999999999  0.22823399  0.17051899000000001
12379    -0.20082900000000001  0.22298699999999999  0.17051899000000001
12380    -0.20068800000000001  0.21773999999999999  0.17576601
12381    -0.20213999999999999  0.21773999999999999  0.17051899000000001
12382    -0.202491  0.21249399999999999  0.17576601
12383    -0.20275699999999999  0.21249399999999999  0.17051899000000001
12384    -0.20289201000000001  0.20724699999999999  0.17051899000000001
12385    -0.20129300999999999  0.20724699999999999  0.165273
12386    -0.20260499000000001  0.20200001000000001  0.17051899000000001
12387    -0.19991  0.20200001000000001  0.165273
12388    -0.20191000000000001  0.19675300000000001  0.17051899000000001
12389    -0.20396399000000001  0.19675300000000001  0.17576601
12390    -0.20355000000000001  0.19150600000000001  0.17576601
12391    -0.20500500999999999  0.19675300000000001  0.18101300000000001
12392    -0.20527300000000001  0.19150600000000001  0.18101300000000001
12393    -0.20419000000000001  0.20200001000000001  0.18101300000000001
12394    -0.20233400000000001  0.20768  0.18137400000000001
12395    -0.20397601000000001  0.20200001000000001  0.17576601
12396    -0.20468201  0.19675300000000001  0.18626000000000001
12397    -0.20587701  0.19150600000000001  0.18626000000000001
12398    -0.19773099999999999  0.20724699999999999  0.160026
12399    -0.19974600000000001  0.21249399999999999  0.160026
12400    -0.19795599999999999  0.21773999999999999  0.154779
12401    -0.19933799999999999  0.22298699999999999  0.154779
12402    -0.200709  0.21773999999999999  0.160026
12403    -0.20102200000000001  0.22298699999999999  0.160026
12404    -0.201823  0.21249399999999999  0.165273
12405    -0.200324  0.21249399999999999  0.18101300000000001
12406    -0.20162199  0.22298699999999999  0.165273
12407    -0.200875  0.22823399  0.160026
12408    -0.19781899  0.22823399  0.14953200999999999
12409    -0.19850101000000001  0.243974  0.154779
12410    -0.19530800000000001  0.24659701000000001  0.13641600000000001
12411    -0.197993  0.249221  0.14953200999999999
12412    -0.19654400999999999  0.25971401  0.14428600999999999
12413    -0.196079  0.264961  0.13903899
12414    -0.19497301  0.270208  0.13903899
12415    -0.192692  0.270208  0.14428600999999999
12416    -0.195491  0.270208  0.13379199999999999
12417    -0.19411001  0.28070100999999997  0.12854499999999999
12418    -0.19161300000000001  0.29644199999999998  0.12329900000000001
12419    -0.18976199999999999  0.30168799000000002  0.12329900000000001
12420    -0.19126000000000001  0.30168799000000002  0.118052
12421    -0.18993599999999999  0.30693501000000001  0.118052
12422    -0.1875  0.31218201000000001  0.118052
12423    -0.19070500000000001  0.30693501000000001  0.112805
12424    -0.18965799999999999  0.31218201000000001  0.112805
12425    -0.19380599000000001  0.28070100999999997  0.12329900000000001
12426    -0.19152901  0.29685399000000001  0.112805
12427    -0.19126599999999999  0.30168799000000002  0.112805
12428    -0.19027901  0.30693501000000001  0.107558
12429    -0.20497399999999999  0.19150600000000001  0.19150600000000001
12430    -0.20639899  0.18626000000000001  0.18626000000000001
12431    -0.20650101000000001  0.18626000000000001  0.19150600000000001
12432    -0.206535  0.18101300000000001  0.18626000000000001
12433    -0.207258  0.18101300000000001  0.19150600000000001
12434    -0.20685700000000001  0.18101300000000001  0.19675300000000001
12435    -0.20761999  0.17051899000000001  0.19150600000000001
12436    -0.20460300000000001  0.18101300000000001  0.18101300000000001
12437    -0.20635000000000001  0.17576601  0.18626000000000001
12438    -0.20790400000000001  0.17576601  0.19675300000000001
12439    -0.20729300000000001  0.165273  0.191412
12440    -0.20766200000000001  0.154779  0.19605599000000001
12441    -0.20860398999999999  0.160026  0.19675300000000001
12442    -0.20962401  0.160026  0.20200001000000001
12443    -0.20973900000000001  0.154779  0.20200001000000001
12444    -0.20949398999999999  0.14953200999999999  0.20200001000000001
12445    -0.21052599999999999  0.154779  0.20724699999999999
12446    -0.21082100000000001  0.14953200999999999  0.20724699999999999
12447    -0.20849999999999999  0.14428600999999999  0.20200001000000001
12448    -0.21081000999999999  0.14428600999999999  0.20724699999999999
12449    -0.21135101000000001  0.14953200999999999  0.21249399999999999
12450    -0.21029299000000001  0.13903899  0.20724699999999999
12451    -0.211841  0.14428600999999999  0.21249399999999999
12452    -0.21042199  0.154779  0.21249399999999999
12453    -0.20880199999999999  0.160026  0.21249399999999999
12454    -0.208645  0.154779  0.21773999999999999
12455    -0.20921699999999999  0.165273  0.20200001000000001
12456    -0.20869199999999999  0.165273  0.20724699999999999
12457    -0.20837700000000001  0.17051899000000001  0.20200001000000001
12458    -0.20988399999999999  0.160026  0.20724699999999999
12459    -0.20486199999999999  0.18626000000000001  0.19675300000000001
12460    -0.19229399999999999  0.29381800000000002  0.118052
12461    -0.194879  0.25971401  0.14953200999999999
12462    -0.19428401000000001  0.25446798999999998  0.154779
12463    -0.212008  0.13903899  0.21249399999999999
12464    -0.186803  0.33316900999999999  0.097064999999999999
12465    -0.18787400000000001  0.31742901000000001  0.112805
12466    -0.18558399  0.33841600999999999  0.097064999999999999
12467    -0.18626000000000001  0.33587699999999998  0.091817999999999997
12468    -0.18656300000000001  0.32792199  0.091817999999999997
12469    -0.18605199  0.33841600999999999  0.091817999999999997
12470    -0.18425  0.34366198999999997  0.081324999999999995
12471    -0.18346499999999999  0.35415598999999998  0.086570999999999995
12472    -0.18299599999999999  0.35940301000000002  0.076078000000000007
12473    -0.19683300000000001  0.24932399  0.15486699000000001
12474    -0.206985  0.17576601  0.20200001000000001
12475    -0.208564  0.16789599999999999  0.19675300000000001
12476    -0.18112500000000001  0.36989599000000001  0.065584000000000003
12477    -0.22217799999999999  0.0026229999999999999  -0.249221
12478    -0.25736599999999998  -0.41187000000000001  -0.364649
12479    -0.254583  -0.37514299000000001  -0.38016799000000001
12480    -0.24704400000000001  -0.25971401  -0.34890898999999997
12481    -0.21179099000000001  0.13379199999999999  0.21249399999999999
12482    -0.21304998999999999  0.13379199999999999  0.21773999999999999
12483    -0.21302401000000001  0.12854499999999999  0.21773999999999999
12484    -0.21356700000000001  0.13379199999999999  0.22298699999999999
12485    -0.21405099  0.12854499999999999  0.22298699999999999
12486    -0.21415198999999999  0.12329900000000001  0.22298699999999999
12487    -0.21390000000000001  0.118052  0.22298699999999999
12488    -0.21524600999999999  0.118052  0.22823399
12489    -0.21520001  0.112805  0.22823399
12490    -0.215831  0.118052  0.23348099999999999
12491    -0.214945  0.12329900000000001  0.23348099999999999
12492    -0.213341  0.12854499999999999  0.23348099999999999
12493    -0.21249399999999999  0.12963399  0.23446700000000001
12494    -0.215388  0.118052  0.23872699999999999
12495    -0.21655799000000001  0.112805  0.23872699999999999
12496    -0.21561199  0.112805  0.243974
12497    -0.21713499999999999  0.107558  0.243974
12498    -0.21558701  0.107558  0.249221
12499    -0.21760599  0.099624000000000004  0.25184399000000002
12500    -0.21797  0.102312  0.243974
12501    -0.21861900000000001  0.097064999999999999  0.249221
12502    -0.21847899000000001  0.091817999999999997  0.243974
12503    -0.21926699999999999  0.091817999999999997  0.249221
12504    -0.21799099  0.086570999999999995  0.24336199
12505    -0.21951100000000001  0.086570999999999995  0.249221
12506    -0.21943298999999999  0.081324999999999995  0.249221
12507    -0.21884899999999999  0.076078000000000007  0.249221
12508    -0.22052699000000001  0.081324999999999995  0.25446798999999998
12509    -0.220578  0.076078000000000007  0.25446798999999998
12510    -0.220248  0.070831000000000005  0.25446798999999998
12511    -0.22145000000000001  0.076078000000000007  0.25971401
12512    -0.22161500000000001  0.070831000000000005  0.25971401
12513    -0.22085099999999999  0.081324999999999995  0.25971401
12514    -0.22147700000000001  0.076078000000000007  0.264961
12515    -0.222298  0.070831000000000005  0.264961
12516    -0.22145398999999999  0.065584000000000003  0.25971401
12517    -0.22261800000000001  0.065584000000000003  0.264961
12518    -0.22199801  0.070831000000000005  0.270208
12519    -0.220915  0.060338000000000003  0.25971401
12520    -0.22262098999999999  0.060338000000000003  0.264961
12521    -0.222414  0.055091000000000001  0.264961
12522    -0.22360099999999999  0.055091000000000001  0.270208
12523    -0.22355100999999999  0.049843999999999999  0.270208
12524    -0.224325  0.055091000000000001  0.27545500000000001
12525    -0.22364201  0.060338000000000003  0.27545500000000001
12526    -0.22412599999999999  0.055091000000000001  0.28070100999999997
12527    -0.22464301  0.049843999999999999  0.27545500000000001
12528    -0.22242700000000001  0.062961000000000003  0.27807799
12529    -0.22450899999999999  0.049843999999999999  0.28594800999999997
12530    -0.21967999999999999  0.068208000000000005  0.27807799
12531    -0.22458901000000001  0.044596999999999998  0.29119500999999998
12532    -0.22452299000000001  0.039350999999999997  0.29644199999999998
12533    -0.22648101000000001  0.039350999999999997  0.29119500999999998
12534    -0.22751900999999999  0.034104000000000002  0.29119500999999998
12535    -0.22702900000000001  0.034104000000000002  0.28594800999999997
12536    -0.22690300999999999  0.034104000000000002  0.29644199999999998
12537    -0.22712099999999999  0.028857000000000001  0.28594800999999997
12538    -0.22800000000000001  0.028857000000000001  0.29119500999999998
12539    -0.22684399999999999  0.023609999999999999  0.28594800999999997
12540    -0.22815200999999999  0.023609999999999999  0.29119500999999998
12541    -0.22580101  0.018363999999999998  0.28594800999999997
12542    -0.22802500000000001  0.018363999999999998  0.29119500999999998
12543    -0.22411400000000001  0.023609999999999999  0.28070100999999997
12544    -0.22747000000000001  0.013117  0.29119500999999998
12545    -0.229019  0.013117  0.29644199999999998
12546    -0.22889899999999999  0.020986999999999999  0.29644199999999998
12547    -0.22948400999999999  0.018363999999999998  0.30168799000000002
12548    -0.22996899000000001  0.013117  0.30168799000000002
12549    -0.228524  0.018806  0.30728701000000003
12550    -0.23008700000000001  0.013117  0.30693501000000001
12551    -0.23014000000000001  0.0078700000000000003  0.30168799000000002
12552    -0.23082399000000001  0.0078700000000000003  0.30693501000000001
12553    -0.229993  0.0026229999999999999  0.30168799000000002
12554    -0.23119400000000001  0.0026229999999999999  0.30693501000000001
12555    -0.22847600000000001  0.013413  0.31240498999999999
12556    -0.22934600999999999  -0.0026229999999999999  0.30168799000000002
12557    -0.23125799999999999  -0.0026229999999999999  0.30693501000000001
12558    -0.23090801  -0.0078700000000000003  0.30693501000000001
12559    -0.23219298999999999  -0.0026229999999999999  0.31218201000000001
12560    -0.23244300000000001  -0.0078700000000000003  0.31218201000000001
12561    -0.22976799000000001  -0.013117  0.30693501000000001
12562    -0.232374  -0.013117  0.31218201000000001
12563    -0.23171701  -0.018363999999999998  0.31218201000000001
12564    -0.23339599  -0.013117  0.31742901000000001
12565    -0.23345999000000001  -0.018363999999999998  0.31742901000000001
12566    -0.23317399999999999  -0.023609999999999999  0.31742901000000001
12567    -0.23362599000000001  -0.013117  0.32267498999999999
12568    -0.23424500000000001  -0.018363999999999998  0.32267498999999999
12569    -0.23452999999999999  -0.023609999999999999  0.32267498999999999
12570    -0.234428  -0.028857000000000001  0.32267498999999999
12571    -0.235071  -0.023609999999999999  0.32792199
12572    -0.23564399999999999  -0.028857000000000001  0.32792199
12573    -0.23386999999999999  -0.023082999999999999  0.33358200999999998
12574    -0.23578299999999999  -0.028857000000000001  0.33316900999999999
12575    -0.23576  -0.034104000000000002  0.32792199
12576    -0.23674300000000001  -0.034104000000000002  0.33316900999999999
12577    -0.23519999999999999  -0.039350999999999997  0.32792199
12578    -0.23710400000000001  -0.039350999999999997  0.33316900999999999
12579    -0.23625699999999999  -0.034104000000000002  0.33841600999999999
12580    -0.23681099999999999  -0.044596999999999998  0.33316900999999999
12581    -0.23761099999999999  -0.039350999999999997  0.33841600999999999
12582    -0.23541200000000001  -0.049843999999999999  0.33316900999999999
12583    -0.237316  -0.055091000000000001  0.33841600999999999
12584    -0.238729  -0.060338000000000003  0.34365800000000002
12585    -0.23991199999999999  -0.065584000000000003  0.34890898999999997
12586    -0.24010400000000001  -0.060338000000000003  0.34890898999999997
12587    -0.240316  -0.060338000000000003  0.35415598999999998
12588    -0.24096799999999999  -0.065584000000000003  0.35415598999999998
12589    -0.23888799999999999  -0.054862000000000001  0.35434100000000002
12590    -0.23969499999999999  -0.055091000000000001  0.34890898999999997
12591    -0.23813300000000001  -0.049843999999999999  0.33841600999999999
12592    -0.23819799999999999  -0.044596999999999998  0.33841600999999999
12593    -0.239125  -0.055091000000000001  0.34366198999999997
12594    -0.23886399999999999  -0.048742000000000001  0.34366198999999997
12595    -0.24083199999999999  -0.070831000000000005  0.35415598999999998
12596    -0.241531  -0.070831000000000005  0.35940301000000002
12597    -0.24124201000000001  -0.076078000000000007  0.35940301000000002
12598    -0.24168700000000001  -0.076078000000000007  0.364649
12599    -0.24047001000000001  -0.081324999999999995  0.364649
12600    -0.23872699999999999  -0.084615999999999997  0.364649
12601    -0.24172299999999999  -0.076078000000000007  0.37251898999999999
12602    -0.24095701  -0.070831000000000005  0.36989599000000001
12603    -0.24179500000000001  -0.070831000000000005  0.37514299000000001
12604    -0.240426  -0.062961000000000003  0.37776600999999999
12605    -0.23883299999999999  -0.065398999999999999  0.36989599000000001
12606    -0.23899400000000001  -0.065033999999999995  0.364649
12607    -0.23562000999999999  -0.060338000000000003  0.364649
12608    -0.241978  -0.060338000000000003  0.38563599999999998
12609    -0.24174598999999999  -0.055091000000000001  0.39088299999999998
12610    -0.242892  -0.055091000000000001  0.39612999999999998
12611    -0.24113499999999999  -0.049843999999999999  0.39612999999999998
12612    -0.24268700000000001  -0.049843999999999999  0.40137698999999999
12613    -0.24332500000000001  -0.055091000000000001  0.40137698999999999
12614    -0.24352599999999999  -0.049843999999999999  0.40662301000000001
12615    -0.24218100000000001  -0.044596999999999998  0.40662301000000001
12616    -0.24338899999999999  -0.044596999999999998  0.41187000000000001
12617    -0.24121600000000001  -0.039350999999999997  0.41187000000000001
12618    -0.24299498999999999  -0.039350999999999997  0.41711700000000002
12619    -0.24403299000000001  -0.044596999999999998  0.41711700000000002
12620    -0.24359  -0.049843999999999999  0.41711700000000002
12621    -0.24418300000000001  -0.044596999999999998  0.42236400000000002
12622    -0.242616  -0.052468000000000001  0.41973999000000001
12623    -0.24402099999999999  -0.044596999999999998  0.42761000999999998
12624    -0.24171798999999999  -0.052468000000000001  0.42498699000000001
12625    -0.24043401  -0.052468000000000001  0.43023399000000001
12626    -0.24268799999999999  -0.044596999999999998  0.43810399999999999
12627    -0.242204  -0.041973999999999997  0.44597398999999999
12628    -0.24396599999999999  -0.038078000000000001  0.44597398999999999
12629    -0.24428900000000001  -0.034104000000000002  0.45384401000000002
12630    -0.241616  -0.062961000000000003  0.40400001000000002
12631    -0.240227  -0.073455000000000006  0.39350599000000003
12632    -0.24235198999999999  -0.062961000000000003  0.39875298999999997
12633    -0.24093600000000001  -0.076078000000000007  0.38563599999999998
12634    -0.240367  -0.081324999999999995  0.37514299000000001
12635    -0.24153499  -0.076078000000000007  0.38038999000000001
12636    -0.24401  -0.039350999999999997  0.42236400000000002
12637    -0.244008  -0.041973999999999997  0.43548101
12638    -0.24468100000000001  -0.039350999999999997  0.43285700999999999
12639    -0.24516099999999999  -0.031481000000000002  0.44072699999999998
12640    -0.24462500000000001  -0.034104000000000002  0.43285700999999999
12641    -0.24447199999999999  -0.028857000000000001  0.43810399999999999
12642    -0.24324599999999999  -0.028857000000000001  0.43285700999999999
12643    -0.24245  -0.023609999999999999  0.43810399999999999
12644    -0.24132999999999999  -0.028857000000000001  0.42761000999999998
12645    -0.243779  -0.034104000000000002  0.42761000999999998
12646    -0.244003  -0.023546000000000001  0.443351
12647    -0.24375699000000001  -0.049843999999999999  0.41187000000000001
12648    -0.24212  -0.070831000000000005  0.38563599999999998
12649    -0.245032  -0.034104000000000002  0.44597398999999999
12650    -0.24594199999999999  -0.026234  0.45646798999999999
12651    -0.245783  -0.026234  0.46171400000000001
12652    -0.246832  -0.015740000000000001  0.46696100000000001
12653    -0.24735199999999999  -0.013117  0.47483101
12654    -0.24765799999999999  -0.0078700000000000003  0.47483101
12655    -0.24784200000000001  -0.0052469999999999999  0.48007801
12656    -0.246674  -0.013117  0.48007801
12657    -0.24599499999999999  -0.0078700000000000003  0.48532501
12658    -0.24709199000000001  -0  0.48532501
12659    -0.24761499000000001  -0.0026229999999999999  0.47483101
12660    -0.24826698999999999  0.0052469999999999999  0.48007801
12661    -0.246418  -0.0078700000000000003  0.46958399000000001
12662    -0.245223  -0.0026229999999999999  0.46958399000000001
12663    -0.244149  -0.0074590000000000004  0.46433799999999997
12664    -0.24423601  0.0026229999999999999  0.46923301000000001
12665    -0.244836  0.0078700000000000003  0.46958399000000001
12666    -0.24223401  0.013117  0.46433799999999997
12667    -0.24277099999999999  0.018363999999999998  0.46433799999999997
12668    -0.23874600000000001  0.023609999999999999  0.45906799999999998
12669    -0.24244199999999999  0.023609999999999999  0.46433799999999997
12670    -0.24529098999999999  0.018363999999999998  0.46958399000000001
12671    -0.24466900999999999  0.023609999999999999  0.46958399000000001
12672    -0.243453  0.028857000000000001  0.46958399000000001
12673    -0.24456801  0.028857000000000001  0.47483101
12674    -0.24232200000000001  0.034104000000000002  0.47483101
12675    -0.241616  0.034104000000000002  0.48007801
12676    -0.24222299  0.028857000000000001  0.48532501
12677    -0.246089  0.023609999999999999  0.47483101
12678    -0.24449499999999999  0.023609999999999999  0.48532501
12679    -0.24130099999999999  0.034104000000000002  0.46958399000000001
12680    -0.24595700000000001  0.018363999999999998  0.48532501
12681    -0.24732899999999999  0.018363999999999998  0.48007801
12682    -0.24794701  0.013117  0.48007801
12683    -0.24740601000000001  0.013117  0.47483101
12684    -0.246168  0.023609999999999999  0.48007801
12685    -0.237872  0.028857000000000001  0.45909101000000002
12686    -0.23586599999999999  0.034104000000000002  0.45909101000000002
12687    -0.239173  0.034104000000000002  0.46433799999999997
12688    -0.23284700999999999  0.039350999999999997  0.45909101000000002
12689    -0.236149  0.039350999999999997  0.46433799999999997
12690    -0.232574  0.043644000000000002  0.46433799999999997
12691    -0.22819999999999999  0.044565  0.45909101000000002
12692    -0.231352  0.034104000000000002  0.45384401000000002
12693    -0.24426899999999999  -0.012522999999999999  0.45909101000000002
12694    -0.24244199999999999  -0.013117  0.45384401000000002
12695    -0.245306  0.013117  0.46958399000000001
12696    -0.24606299000000001  -0.015740000000000001  0.46171400000000001
12697    -0.246089  -0.020986999999999999  0.47220799000000002
12698    -0.24110799999999999  -0.070831000000000005  0.364649
12699    -0.24066000000000001  -0.081324999999999995  0.36989599000000001
12700    -0.234072  -0.018363999999999998  0.32792199
12701    -0.23246700000000001  -0.013117  0.32792199
12702    -0.24007300000000001  -0.044596999999999998  0.40137698999999999
12703    -0.238756  -0.049843999999999999  0.34890898999999997
12704    -0.23671800000000001  -0.044596999999999998  0.34890898999999997
12705    -0.23300499999999999  -0.0078700000000000003  0.31742901000000001
12706    -0.23156399999999999  0.0026229999999999999  0.31218201000000001
12707    -0.228576  0.023609999999999999  0.30168799000000002
12708    -0.24575999000000001  -0.026234  0.45122098999999999
12709    -0.24062601  -0.065584000000000003  0.35940301000000002
12710    -0.24431000999999999  0.028857000000000001  0.48007801
12711    -0.24746799  0.0052469999999999999  0.47483101
12712    -0.23208599999999999  -0.018363999999999998  0.33316900999999999
12713    -0.22974898999999999  -0.0078700000000000003  0.32792199
12714    -0.23027800000000001  -0.0026229999999999999  0.32267498999999999
12715    -0.24430799  -0.029520000000000001  0.46433799999999997
12716    -0.24455399999999999  -0.039350999999999997  0.42761000999999998
12717    -0.24229500000000001  -0.034104000000000002  0.42236400000000002
12718    -0.22685599000000001  0.023609999999999999  0.30693501000000001
12719    -0.22702998999999999  0.028857000000000001  0.30168799000000002
12720    -0.24342  -0.018363999999999998  0.44859701000000002
12721    -0.23058400000000001  0.0026229999999999999  0.31742901000000001
12722    -0.23829700000000001  -0.044596999999999998  0.34366198999999997
12723    -0.247033  0.010494  0.48532501
12724    -0.24236999000000001  -0.068208000000000005  0.38301300999999999
12725    -0.22820800999999999  0.039350999999999997  0.45386799999999999
12726    -0.23660900000000001  -0.039350999999999997  0.34366198999999997
12727    -0.23046599000000001  0.0078700000000000003  0.31218201000000001
12728    -0.23817400999999999  0.039350999999999997  0.46958399000000001
12729    -0.22845199999999999  0.0078700000000000003  0.29589599
12730    -0.232122  -0.0026229999999999999  0.31742901000000001
12731    -0.23241000000000001  -0.0078700000000000003  0.32267498999999999
12732    -0.22667599999999999  0.039350999999999997  0.28594800999999997
12733    -0.223048  0.065584000000000003  0.270208
12734    -0.220109  0.086570999999999995  0.25446798999999998
12735    -0.216951  0.091817999999999997  0.23872699999999999
12736    -0.21741299  0.097064999999999999  0.23872699999999999
12737    -0.21999600999999999  0.076078000000000007  0.270208
12738    -0.21917698999999999  0.091817999999999997  0.25446798999999998
12739    -0.21717601  0.107558  0.23872699999999999
12740    -0.21096899999999999  0.13379199999999999  0.23348099999999999
12741    -0.21624599  0.112805  0.23348099999999999
12742    -0.212621  0.13903899  0.22298699999999999
12743    -0.21498100000000001  0.12329900000000001  0.22823399
12744    -0.212781  0.13422500000000001  0.22867699999999999
12745    -0.21262001  0.14004200999999999  0.21773999999999999
12746    -0.21099000000000001  0.14428600999999999  0.22298699999999999
12747    -0.17249999999999999  0.43285700999999999  0.018363999999999998
12748    -0.25268000000000002  -0.31218201000000001  -0.38563599999999998
12749    -0.17333899  0.42236400000000002  0.023609999999999999
12750    -0.174343  0.42236400000000002  0.028857000000000001
12751    -0.21928698999999999  0.065584000000000003  0.25446798999999998
12752    -0.21079800000000001  0.14953200999999999  0.21773999999999999
12753    -0.240205  -0.19150600000000001  -0.31742901000000001
12754    -0.20192399999999999  0.21773999999999999  0.165273
12755    -0.20031299999999999  0.19150600000000001  -0.165273
12756    -0.17051899000000001  0.43924700999999999  0.013117
12757    -0.187503  0.32792199  0.097064999999999999
12758    -0.160026  0.44947000999999998  -0.013117
12759    -0.160026  0.44783499999999998  -0.020986999999999999
12760    -0.165273  0.44471600999999999  -0.023609999999999999
12761    -0.20353299  0.20724699999999999  0.17576601
12762    -0.22517100000000001  0.049843999999999999  0.28070100999999997
12763    -0.225712  0.044596999999999998  0.28070100999999997
12764    -0.22476399999999999  0.044596999999999998  0.27545500000000001
12765    -0.22464401000000001  0.039350999999999997  0.27545500000000001
12766    -0.225962  0.039350999999999997  0.28070100999999997
12767    -0.22390499999999999  0.034104000000000002  0.27545500000000001
12768    -0.219639  0.086570999999999995  0.25971401
12769    -0.21986800000000001  0.081324999999999995  0.264961
12770    -0.17330799999999999  0.42761000999999998  0.034104000000000002
12771    -0.16767198999999999  0.443351  -0.020986999999999999
12772    -0.22406401000000001  0.034104000000000002  0.30168799000000002
12773    -0.19502699000000001  0.264961  0.14428600999999999
12774    -0.205175  0.18626000000000001  0.18101300000000001
12775    -0.22817299999999999  0.028857000000000001  0.29644199999999998
12776    -0.215257  0.097064999999999999  0.23348099999999999
12777    -0.21613800999999999  0.102312  0.23348099999999999
12778    -0.24698999999999999  0.018363999999999998  0.47483101
12779    -0.21465300000000001  0.107558  0.22823399
12780    -0.22301800999999999  0.044623999999999997  0.45384401000000002
12781    -0.24123600000000001  0.028857000000000001  0.46433799999999997
12782    -0.18626899999999999  0.32267498999999999  0.091800000000000007
12783    -0.17678600999999999  0.40662301000000001  0.049843999999999999
12784    -0.160026  0.44536099000000001  -0.028857000000000001
12785    -0.20069000000000001  0.22823399  0.165273
12786    -0.22312000000000001  0.044596999999999998  0.26991901000000001
12787    -0.18248898999999999  0.364649  0.076078000000000007
12788    -0.22591799000000001  0.044596999999999998  0.28594800999999997
12789    -0.19508700000000001  0.243974  -0.13903899
12790    -0.21205599999999999  0.14428600999999999  0.21773999999999999
12791    -0.174091  0.41711700000000002  0.028857000000000001
12792    -0.22550701000000001  0.028857000000000001  0.28070100999999997
12793    -0.248891  -0.270208  -0.36989599000000001
12794    -0.25757500999999999  -0.41711700000000002  -0.36989599000000001
12795    -0.184222  0.34890898999999997  0.081324999999999995
12796    -0.21104100000000001  0.13903899  0.22823399
12797    -0.22598500999999999  0.034104000000000002  0.28070100999999997
12798    -0.21742500000000001  0.102312  0.23872699999999999
12799    -0.214305  0.12854499999999999  0.22823399
12800    -0.21635399999999999  0.107558  0.23348099999999999
12801    -0.25826499000000003  -0.42236400000000002  -0.35415598999999998
12802    -0.25570800999999999  -0.37251898999999999  -0.38563599999999998
12803    -0.18989401  0.31218201000000001  0.107558
12804    -0.24506700000000001  -0.020986999999999999  0.45122098999999999
12805    -0.174869  0.41187000000000001  -0.039350999999999997
12806    0.30693501000000001  -0.44223299999999999  0.18363599
12807    0.30693501000000001  -0.43832499000000003  0.2137
12808    0.30693501000000001  -0.439973  0.20331199
12809    0.310442  -0.443351  0.204623
12810    0.30336699  -0.43810399999999999  0.17510999999999999
12811    0.30685201000000001  -0.44341001000000002  0.165273
12812    0.30580499999999999  -0.443351  0.15215600000000001
12813    0.30836499000000001  -0.43810399999999999  0.23151299
12814    0.30168799000000002  -0.43810399999999999  0.157304
12815    0.31205100000000002  -0.44341201000000002  0.22495501000000001
12816    0.31218201000000001  -0.442471  0.24266199999999999
12817    0.31075199999999997  -0.43810399999999999  0.25840299999999999
12818    0.31218201000000001  -0.44013801000000002  0.26233801000000001
12819    0.31244501000000002  -0.438135  0.27949499999999999
12820    0.315882  -0.443351  0.26758399999999999
12821    0.31401199000000002  -0.43810399999999999  0.29906498999999998
12822    0.31551098999999999  -0.43810399999999999  0.31742901000000001
12823    0.31638801  -0.43810399999999999  0.33316900999999999
12824    0.31626200999999998  -0.43810399999999999  0.34366198999999997
12825    0.31742901000000001  -0.44003499000000001  0.33579200999999997
12826    0.31579100999999998  -0.43810399999999999  0.34890898999999997
12827    0.31490600000000002  -0.43810399999999999  0.35415598999999998
12828    0.31742901000000001  -0.44321999000000001  0.36010700000000001
12829    0.31742901000000001  -0.44026398999999999  0.34366198999999997
12830    0.32061299999999998  -0.443351  0.34103899999999998
12831    0.31742901000000001  -0.44146499  0.35153201000000001
12832    0.31742901000000001  -0.44119501  0.320052
12833    0.31736699000000002  -0.44339900999999998  0.29119500999999998
12834    0.30006999000000001  -0.43810399999999999  0.13838300000000001
12835    0.29752201  -0.43810399999999999  0.112805
12836    0.29644199999999998  -0.43810399999999999  0.101299
12837    0.29483700000000002  -0.43810399999999999  0.083947999999999995
12838    0.29198100999999999  -0.43810399999999999  0.057714000000000001
12839    0.29644199999999998  -0.44184699999999999  0.073455000000000006
12840    0.29644199999999998  -0.44301700999999999  0.060338000000000003
12841    0.29119500999999998  -0.43810399999999999  0.049429000000000001
12842    0.28963499999999998  -0.43810399999999999  0.031481000000000002
12843    0.29119500999999998  -0.43997899000000001  0.036727000000000003
12844    0.29519001  -0.443351  0.036727000000000003
12845    0.29119500999999998  -0.44187099000000002  0.020986999999999999
12846    0.28699401000000002  -0.43810399999999999  0.0052469999999999999
12847    0.29609200000000002  -0.44339600000000001  0.048531999999999999
12848    0.30158299  -0.44338599000000001  0.107558
12849    0.30058499999999999  -0.443351  0.094441999999999998
12850    0.29644199999999998  -0.439915  0.089194999999999997
12851    0.30168799000000002  -0.44218500999999999  0.12592199000000001
12852    0.31742901000000001  -0.44267498999999999  0.30431198999999998
12853    0.30168799000000002  -0.43987398999999999  0.145597
12854    0.28600901000000001  -0.43823400000000001  -0.0063470000000000002
12855    0.28288901  -0.43810399999999999  -0.036727000000000003
12856    0.28594800999999997  -0.43955698999999998  -0.015740000000000001
12857    0.28156598999999999  -0.43810399999999999  -0.049843999999999999
12858    0.28594800999999997  -0.44252601000000003  -0.040661999999999997
12859    0.28070100999999997  -0.43817601  -0.059846999999999997
12860    0.28592699999999999  -0.44336501  -0.055091000000000001
12861    0.28594800999999997  -0.44367599000000002  -0.062961000000000003
12862    0.28462699000000002  -0.443351  -0.073455000000000006
12863    0.28070100999999997  -0.44014599999999998  -0.073455000000000006
12864    0.29025098999999999  -0.443351  -0.014429000000000001
12865    0.27905801000000002  -0.43810399999999999  -0.078700999999999993
12866    0.27686699999999997  -0.43810399999999999  -0.102968
12867    0.27553298999999998  -0.43810399999999999  -0.119051
12868    0.28067300000000001  -0.44317900999999998  -0.107558
12869    0.27960100999999998  -0.443351  -0.129857
12870    0.27545500000000001  -0.43982700000000002  -0.13248098999999999
12871    0.27204098999999998  -0.43810399999999999  -0.16264901000000001
12872    0.27137299999999998  -0.43810399999999999  -0.17051899000000001
12873    0.270208  -0.43810399999999999  -0.18330199999999999
12874    0.26766299999999998  -0.43810399999999999  -0.20987
12875    0.270208  -0.43981998999999999  -0.19413
12876    0.270208  -0.44142100000000001  -0.20593500000000001
12877    0.27431699999999998  -0.443351  -0.18888300999999999
12878    0.26620099000000003  -0.43810399999999999  -0.224299
12879    0.27545500000000001  -0.443409  -0.173572
12880    0.27545500000000001  -0.44160599  -0.14690900000000001
12881    0.28594800999999997  -0.44105699999999998  -0.026234
12882    0.270208  -0.44274601000000002  -0.220364
12883    0.27014500000000002  -0.44341099  -0.23216899999999999
12884    0.26504800000000001  -0.43823999000000002  -0.23700299999999999
12885    0.26936501000000002  -0.443351  -0.24135098999999999
12886    0.264961  -0.43962201000000001  -0.24659701000000001
12887    0.26302799999999998  -0.43810399999999999  -0.25709099000000002
12888    0.26087200999999999  -0.43810399999999999  -0.27676600000000001
12889    0.264961  -0.44236699000000002  -0.26758399999999999
12890    0.264961  -0.44301098999999999  -0.27545500000000001
12891    0.25942599999999999  -0.43810399999999999  -0.29093200000000002
12892    0.25786299000000001  -0.43810399999999999  -0.30562298999999998
12893    0.25971401  -0.43996500999999999  -0.29906498999999998
12894    0.26399201  -0.443351  -0.29381800000000002
12895    0.25614800999999998  -0.43810399999999999  -0.32267498999999999
12896    0.25537600999999999  -0.43810399999999999  -0.33054500999999997
12897    0.25431699000000002  -0.43810399999999999  -0.34143400000000002
12898    0.25962201000000001  -0.44341099  -0.33316900999999999
12899    0.25417899999999999  -0.43285700999999999  -0.34366198999999997
12900    0.25158798999999998  -0.42761000999999998  -0.33841600999999999
12901    0.25308001000000002  -0.43810399999999999  -0.34890898999999997
12902    0.25377898999999998  -0.43285700999999999  -0.34890898999999997
12903    0.25106498999999999  -0.43810399999999999  -0.35415598999999998
12904    0.25287700000000002  -0.43285700999999999  -0.35415598999999998
12905    0.25320800999999998  -0.42761000999999998  -0.34890898999999997
12906    0.25130599999999997  -0.43285700999999999  -0.35940301000000002
12907    0.24894901  -0.43810399999999999  -0.35893198999999998
12908    0.25120198999999999  -0.42761000999999998  -0.364649
12909    0.25251098999999999  -0.42761000999999998  -0.35940301000000002
12910    0.25245898999999999  -0.42236400000000002  -0.35940301000000002
12911    0.251946  -0.42236400000000002  -0.364649
12912    0.25160101000000001  -0.41711700000000002  -0.35940301000000002
12913    0.25014001000000002  -0.41711700000000002  -0.35415598999999998
12914    0.25107801000000002  -0.42236400000000002  -0.34890898999999997
12915    0.25190099999999999  -0.41711700000000002  -0.364649
12916    0.25229700999999999  -0.42236400000000002  -0.35415598999999998
12917    0.25447699000000001  -0.44334500999999998  -0.35415598999999998
12918    0.249221  -0.43946499  -0.35940301000000002
12919    0.25272599000000001  -0.42761000999999998  -0.34366198999999997
12920    0.25446798999999998  -0.44116801  -0.34890898999999997
12921    0.25971401  -0.44142198999999999  -0.309558
12922    0.26486999  -0.44352299000000001  -0.28594800999999997
12923    0.264961  -0.44118099999999999  -0.25709099000000002
12924    0.29115200000000002  -0.44319201000000003  0.0026229999999999999
12925    0.26844900999999999  -0.443351  -0.25184399000000002
12926    0.25115200999999998  -0.41187000000000001  -0.364649
12927    0.25145700999999998  -0.41711700000000002  -0.36989599000000001
12928    0.25143999  -0.41187000000000001  -0.36989599000000001
12929    0.25014001000000002  -0.41711700000000002  -0.37514299000000001
12930    0.24939799000000001  -0.40662301000000001  -0.364315
12931    0.25086001000000002  -0.41187000000000001  -0.37514299000000001
12932    0.25104599999999999  -0.40662301000000001  -0.37514299000000001
12933    0.25020301  -0.40662301000000001  -0.38038999000000001
12934    0.249221  -0.40662301000000001  -0.38297599999999998
12935    0.24922  -0.40137698999999999  -0.38563599999999998
12936    0.25084098999999999  -0.40137698999999999  -0.37514299000000001
12937    0.25061399000000001  -0.40137698999999999  -0.38038999000000001
12938    0.24856600000000001  -0.39088299999999998  -0.39088299999999998
12939    0.24915200000000001  -0.38563599999999998  -0.39088299999999998
12940    0.246641  -0.37776600999999999  -0.39612999999999998
12941    0.24723800000000001  -0.36727300000000002  -0.39612999999999998
12942    0.243974  -0.35677901000000001  -0.40000500999999999
12943    0.243974  -0.34628599999999998  -0.39920898999999999
12944    0.24712400000000001  -0.35677901000000001  -0.39612999999999998
12945    0.24651799999999999  -0.34628599999999998  -0.39612999999999998
12946    0.249136  -0.35153201000000001  -0.39088299999999998
12947    0.24861699000000001  -0.34103899999999998  -0.39088299999999998
12948    0.24559900000000001  -0.33841600999999999  -0.39612999999999998
12949    0.247557  -0.33054500999999997  -0.39088299999999998
12950    0.24872699000000001  -0.33054500999999997  -0.38563599999999998
12951    0.247701  -0.320052  -0.38563599999999998
12952    0.24621899  -0.32267498999999999  -0.39088299999999998
12953    0.24640298999999999  -0.31218201000000001  -0.38563599999999998
12954    0.24776899999999999  -0.314805  -0.38038999000000001
12955    0.24695700000000001  -0.30693501000000001  -0.38038999000000001
12956    0.24701600000000001  -0.30693501000000001  -0.37514299000000001
12957    0.24710301000000001  -0.31218201000000001  -0.37514299000000001
12958    0.24542899000000001  -0.30693501000000001  -0.36989599000000001
12959    0.246949  -0.31742901000000001  -0.37514299000000001
12960    0.24609700000000001  -0.30168799000000002  -0.38038999000000001
12961    0.24380199999999999  -0.30168799000000002  -0.38563599999999998
12962    0.24388099999999999  -0.29119500999999998  -0.38038999000000001
12963    0.241982  -0.29644199999999998  -0.38563599999999998
12964    0.24590100000000001  -0.29381800000000002  -0.37514299000000001
12965    0.244702  -0.28594800999999997  -0.37514299000000001
12966    0.24527299  -0.28332499  -0.36989599000000001
12967    0.24587400000000001  -0.29119500999999998  -0.36989599000000001
12968    0.24504298999999999  -0.28857100000000002  -0.364649
12969    0.24359800000000001  -0.28070100999999997  -0.37514299000000001
12970    0.24598800000000001  -0.29644199999999998  -0.36989599000000001
12971    0.243974  -0.29119500999999998  -0.36258998999999997
12972    0.24398400000000001  -0.28088500999999999  -0.35938199999999998
12973    0.24429201  -0.27545500000000001  -0.35940301000000002
12974    0.24429400000000001  -0.270208  -0.35940301000000002
12975    0.24337400000000001  -0.264961  -0.35415598999999998
12976    0.24384700000000001  -0.26233801000000001  -0.35940301000000002
12977    0.24341399999999999  -0.25971401  -0.35415598999999998
12978    0.24296698999999999  -0.25184399000000002  -0.35415598999999998
12979    0.24290700000000001  -0.25446798999999998  -0.35940301000000002
12980    0.24262300000000001  -0.25971401  -0.364649
12981    0.24108399  -0.25446798999999998  -0.364649
12982    0.243618  -0.264961  -0.364649
12983    0.24173  -0.264961  -0.36989599000000001
12984    0.24326199000000001  -0.270208  -0.36989599000000001
12985    0.24197299999999999  -0.27545500000000001  -0.37514299000000001
12986    0.24220900000000001  -0.25446798999999998  -0.34890898999999997
12987    0.24238399999999999  -0.249221  -0.34890898999999997
12988    0.24032199000000001  -0.249221  -0.34366198999999997
12989    0.24107999999999999  -0.243974  -0.34366198999999997
12990    0.24189500999999999  -0.249221  -0.35940301000000002
12991    0.241537  -0.25971401  -0.34890898999999997
12992    0.24435100000000001  -0.270208  -0.364649
12993    0.242227  -0.243974  -0.34890898999999997
12994    0.244229  -0.27545500000000001  -0.36989599000000001
12995    0.24586999000000001  -0.30168799000000002  -0.36989599000000001
12996    0.24651401000000001  -0.32267498999999999  -0.37514299000000001
12997    0.245341  -0.33054500999999997  -0.37514299000000001
12998    0.24833400999999999  -0.32792199  -0.38038999000000001
12999    0.248284  -0.33316900999999999  -0.38038999000000001
13000    0.24801500000000001  -0.34103899999999998  -0.38038999000000001
13001    0.24823799999999999  -0.32267498999999999  -0.38038999000000001
13002    0.24914700000000001  -0.33841600999999999  -0.38563599999999998
13003    0.249944  -0.37251898999999999  -0.38563599999999998
13004    0.24132000000000001  -0.23872699999999999  -0.34366198999999997
13005    0.24201301  -0.243974  -0.35415598999999998
13006    0.240953  -0.23872699999999999  -0.35415598999999998
13007    0.23916398999999999  -0.23348000999999999  -0.35506901000000002
13008    0.24051900000000001  -0.23085700000000001  -0.34890898999999997
13009    0.23840199000000001  -0.22927600000000001  -0.35415598999999998
13010    0.238756  -0.22288000999999999  -0.34890898999999997
13011    0.24227699999999999  -0.28594800999999997  -0.38038999000000001
13012    0.241762  -0.23872699999999999  -0.34890898999999997
13013    0.24945299000000001  -0.36727300000000002  -0.39088299999999998
13014    0.25023001  -0.38826000999999999  -0.38563599999999998
13015    0.239898  -0.23348000999999999  -0.33841600999999999
13016    0.24019199999999999  -0.22823399  -0.33841600999999999
13017    0.23874100000000001  -0.22321100999999999  -0.33314300000000002
13018    0.24007000000000001  -0.22298699999999999  -0.33841600999999999
13019    0.23909099  -0.21773999999999999  -0.33316900999999999
13020    0.23760501000000001  -0.21249399999999999  -0.32792199
13021    0.23902000000000001  -0.21249399999999999  -0.33316900999999999
13022    0.23870499000000001  -0.207589  -0.33316900999999999
13023    0.23893800000000001  -0.21249399999999999  -0.33841600999999999
13024    0.23800800999999999  -0.20724699999999999  -0.33841600999999999
13025    0.23805501000000001  -0.20200001000000001  -0.33316900999999999
13026    0.23672000000000001  -0.20200001000000001  -0.33841600999999999
13027    0.23592199  -0.20724699999999999  -0.34366198999999997
13028    0.23582301  -0.19150600000000001  -0.33316900999999999
13029    0.23384801  -0.18569099999999999  -0.33348699999999998
13030    0.23613000000000001  -0.18626000000000001  -0.32792199
13031    0.23332800000000001  -0.17576601  -0.32792199
13032    0.23510200000000001  -0.17576601  -0.32267498999999999
13033    0.23392399999999999  -0.17051899000000001  -0.32267498999999999
13034    0.23485698999999999  -0.17051899000000001  -0.31742901000000001
13035    0.23404799000000001  -0.165273  -0.31742901000000001
13036    0.23256299999999999  -0.165273  -0.32267498999999999
13037    0.23303799  -0.160026  -0.31742901000000001
13038    0.23380500000000001  -0.160026  -0.31218201000000001
13039    0.23316698999999999  -0.154779  -0.31218201000000001
13040    0.23168901  -0.154779  -0.31742901000000001
13041    0.232207  -0.14953200999999999  -0.31218201000000001
13042    0.230937  -0.14428600999999999  -0.31218201000000001
13043    0.232797  -0.14953200999999999  -0.30693501000000001
13044    0.23310301  -0.154779  -0.30693501000000001
13045    0.23165999000000001  -0.14953200999999999  -0.30168799000000002
13046    0.23096900000000001  -0.154779  -0.30168799000000002
13047    0.22934199999999999  -0.14428600999999999  -0.29644199999999998
13048    0.23011698999999999  -0.13903899  -0.29644199999999998
13049    0.23042699999999999  -0.13379199999999999  -0.29644199999999998
13050    0.23161899999999999  -0.13903899  -0.30168799000000002
13051    0.23109299999999999  -0.13379199999999999  -0.30168799000000002
13052    0.23125200000000001  -0.13903899  -0.30693501000000001
13053    0.230021  -0.13379199999999999  -0.30693501000000001
13054    0.23027700000000001  -0.12854499999999999  -0.30168799000000002
13055    0.22841698999999999  -0.12791499000000001  -0.30693501000000001
13056    0.229187  -0.12329900000000001  -0.30168799000000002
13057    0.22569600000000001  -0.120675  -0.30693501000000001
13058    0.229938  -0.12329900000000001  -0.29644199999999998
13059    0.22789599999999999  -0.13469300000000001  -0.31218201000000001
13060    0.22794600000000001  -0.118052  -0.30168799000000002
13061    0.22628300000000001  -0.112805  -0.30168799000000002
13062    0.22836000000000001  -0.112805  -0.29644199999999998
13063    0.22720299999999999  -0.107558  -0.29644199999999998
13064    0.22844400000000001  -0.107558  -0.29119500999999998
13065    0.22892100000000001  -0.112805  -0.29119500999999998
13066    0.22806101000000001  -0.112805  -0.28594800999999997
13067    0.22823399  -0.120675  -0.28863000999999999
13068    0.22914799999999999  -0.118052  -0.29119500999999998
13069    0.22907899000000001  -0.12329900000000001  -0.29119500999999998
13070    0.22822300000000001  -0.107558  -0.28594800999999997
13071    0.22772400000000001  -0.102312  -0.29119500999999998
13072    0.22812199999999999  -0.102312  -0.28594800999999997
13073    0.22773900999999999  -0.097064999999999999  -0.28594800999999997
13074    0.22665500999999999  -0.097064999999999999  -0.29119500999999998
13075    0.2273  -0.097064999999999999  -0.28070100999999997
13076    0.227072  -0.091817999999999997  -0.28594800999999997
13077    0.22513901  -0.091817999999999997  -0.29119500999999998
13078    0.22603001  -0.086570999999999995  -0.28594800999999997
13079    0.225603  -0.102312  -0.29644199999999998
13080    0.22729199999999999  -0.091817999999999997  -0.28070100999999997
13081    0.22559299999999999  -0.091817999999999997  -0.27545500000000001
13082    0.22616  -0.086570999999999995  -0.27545500000000001
13083    0.22442500000000001  -0.097064999999999999  -0.27545500000000001
13084    0.224549  -0.081324999999999995  -0.28594800999999997
13085    0.22636898999999999  -0.081324999999999995  -0.28070100999999997
13086    0.22539400000000001  -0.076078000000000007  -0.28070100999999997
13087    0.22606498999999999  -0.076078000000000007  -0.27545500000000001
13088    0.22552700000000001  -0.070831000000000005  -0.27545500000000001
13089    0.22628400000000001  -0.081324999999999995  -0.27545500000000001
13090    0.22517699999999999  -0.070831000000000005  -0.270208
13091    0.222827  -0.076078000000000007  -0.28594800999999997
13092    0.22048999  -0.070831000000000005  -0.28594800999999997
13093    0.22242798999999999  -0.065584000000000003  -0.28070100999999997
13094    0.22025700000000001  -0.060338000000000003  -0.28070100999999997
13095    0.22197600000000001  -0.055091000000000001  -0.27545500000000001
13096    0.21992500000000001  -0.049843999999999999  -0.27545500000000001
13097    0.222744  -0.049843999999999999  -0.270208
13098    0.22345300000000001  -0.060338000000000003  -0.27545500000000001
13099    0.22463401  -0.065584000000000003  -0.27545500000000001
13100    0.22457199999999999  -0.060338000000000003  -0.270208
13101    0.22379499999999999  -0.055091000000000001  -0.270208
13102    0.22401699  -0.055091000000000001  -0.264961
13103    0.22404700999999999  -0.060338000000000003  -0.264961
13104    0.22370200000000001  -0.065584000000000003  -0.264961
13105    0.22298699999999999  -0.050393  -0.25971401
13106    0.22298200000000001  -0.044596999999999998  -0.25971401
13107    0.22161800000000001  -0.039350999999999997  -0.25446798999999998
13108    0.219308  -0.034104000000000002  -0.249221
13109    0.221608  -0.034104000000000002  -0.25446798999999998
13110    0.21995901000000001  -0.028857000000000001  -0.249221
13111    0.22118101000000001  -0.028857000000000001  -0.25446798999999998
13112    0.22001899999999999  -0.023609999999999999  -0.249221
13113    0.22041699000000001  -0.023609999999999999  -0.25446798999999998
13114    0.22070099000000001  -0.028857000000000001  -0.25971401
13115    0.21937300000000001  -0.018363999999999998  -0.25446798999999998
13116    0.22181198999999999  -0.034104000000000002  -0.25971401
13117    0.21767800000000001  -0.018363999999999998  -0.25971401
13118    0.21773999999999999  -0.026631999999999999  -0.264961
13119    0.21573301  -0.013117  -0.25971401
13120    0.21677199999999999  -0.0078700000000000003  -0.25446798999999998
13121    0.21498400000000001  -0.0026229999999999999  -0.25446798999999998
13122    0.21582799999999999  0.0026229999999999999  -0.249221
13123    0.21490400000000001  0.013117  -0.243974
13124    0.21294001000000001  0.018363999999999998  -0.24477699
13125    0.21204400000000001  0.022405000000000001  -0.243974
13126    0.21254398999999999  0.029037  -0.23872699999999999
13127    0.21083099999999999  0.034104000000000002  -0.23872699999999999
13128    0.21174899999999999  0.039350999999999997  -0.23348099999999999
13129    0.210095  0.044596999999999998  -0.23348099999999999
13130    0.210894  0.049843999999999999  -0.22823399
13131    0.209262  0.055091000000000001  -0.22823399
13132    0.20998099000000001  0.060338000000000003  -0.22298699999999999
13133    0.20712900000000001  0.067885000000000001  -0.22403999999999999
13134    0.20724699999999999  0.077224000000000001  -0.21831200000000001
13135    0.20634399  0.081324999999999995  -0.21773999999999999
13136    0.20727499999999999  0.086699999999999999  -0.21249399999999999
13137    0.208791  0.078700999999999993  -0.21249399999999999
13138    0.20835300000000001  0.086570999999999995  -0.20724699999999999
13139    0.207646  0.091817999999999997  -0.20724699999999999
13140    0.206734  0.097064999999999999  -0.20724699999999999
13141    0.20541200000000001  0.102312  -0.20724699999999999
13142    0.20695200999999999  0.102312  -0.20200001000000001
13143    0.206067  0.107558  -0.20200001000000001
13144    0.20663798999999999  0.107558  -0.19675300000000001
13145    0.20611299999999999  0.112805  -0.19675300000000001
13146    0.20569198999999999  0.112805  -0.19150600000000001
13147    0.205374  0.107558  -0.19150600000000001
13148    0.203962  0.118052  -0.18626000000000001
13149    0.20444298999999999  0.12329900000000001  -0.18626000000000001
13150    0.20443900000000001  0.12854499999999999  -0.18626000000000001
13151    0.20324898999999999  0.13379199999999999  -0.18101300000000001
13152    0.204092  0.13379199999999999  -0.18626000000000001
13153    0.20330501000000001  0.13903899  -0.18101300000000001
13154    0.20340601  0.13903899  -0.18626000000000001
13155    0.20299400000000001  0.14428600999999999  -0.18101300000000001
13156    0.20241600000000001  0.14428600999999999  -0.18626000000000001
13157    0.20191300000000001  0.13903899  -0.19150600000000001
13158    0.19993199  0.14428600999999999  -0.19150600000000001
13159    0.20110101  0.14953200999999999  -0.18626000000000001
13160    0.200709  0.13379199999999999  -0.19675300000000001
13161    0.20230999999999999  0.12903598999999999  -0.19700301000000001
13162    0.20205100000000001  0.14368901000000001  -0.17576601
13163    0.20217599999999999  0.14953200999999999  -0.17576601
13164    0.20185301  0.154779  -0.17576601
13165    0.200655  0.154779  -0.17051899000000001
13166    0.20081099999999999  0.160026  -0.17051899000000001
13167    0.19800100000000001  0.160026  -0.165273
13168    0.19889501000000001  0.165273  -0.165273
13169    0.19921800000000001  0.17051899000000001  -0.165273
13170    0.19902  0.17576601  -0.165273
13171    0.19982301  0.17051899000000001  -0.17051899000000001
13172    0.19775799999999999  0.18101300000000001  -0.160026
13173    0.19876099999999999  0.17576601  -0.17051899000000001
13174    0.19871999000000001  0.17051899000000001  -0.17576601
13175    0.19686398999999999  0.17609  -0.17576601
13176    0.197404  0.18101300000000001  -0.17051899000000001
13177    0.19491801  0.18101300000000001  -0.17576601
13178    0.195852  0.18626000000000001  -0.17051899000000001
13179    0.19747300000000001  0.18626000000000001  -0.165273
13180    0.19626099999999999  0.19150600000000001  -0.165273
13181    0.19714799999999999  0.19150600000000001  -0.160026
13182    0.19627  0.19675300000000001  -0.160026
13183    0.19365799  0.19150600000000001  -0.17051899000000001
13184    0.19454399999999999  0.19675300000000001  -0.165273
13185    0.19766299000000001  0.18626000000000001  -0.160026
13186    0.19645201000000001  0.19150600000000001  -0.154779
13187    0.19640600999999999  0.19675300000000001  -0.154779
13188    0.19588800000000001  0.20200001000000001  -0.154779
13189    0.19496299  0.20200001000000001  -0.14953200999999999
13190    0.194965  0.20724699999999999  -0.14953200999999999
13191    0.19262599999999999  0.20724699999999999  -0.14428600999999999
13192    0.19330600000000001  0.21249399999999999  -0.14428600999999999
13193    0.19497301  0.20724699999999999  -0.154779
13194    0.20003298999999999  0.160026  -0.18101300000000001
13195    0.19840799000000001  0.18101300000000001  -0.165273
13196    0.20019898999999999  0.165273  -0.17576601
13197    0.19675300000000001  0.18363599  -0.15745500000000001
13198    0.20238601000000001  0.14953200999999999  -0.18101300000000001
13199    0.20200001000000001  0.13379199999999999  -0.178344
13200    0.20515700000000001  0.12329900000000001  -0.19150600000000001
13201    0.20441000000000001  0.12854499999999999  -0.19150600000000001
13202    0.20437000999999999  0.102312  -0.19150600000000001
13203    0.20675299999999999  0.097064999999999999  -0.19675300000000001
13204    0.20557800000000001  0.118052  -0.19150600000000001
13205    0.206872  0.102312  -0.19675300000000001
13206    0.20051099  0.165273  -0.17051899000000001
13207    0.20479199000000001  0.112805  -0.20200001000000001
13208    0.207534  0.097064999999999999  -0.20200001000000001
13209    0.20885600000000001  0.081324999999999995  -0.20724699999999999
13210    0.20911399999999999  0.076078000000000007  -0.20724699999999999
13211    0.20991599999999999  0.070831000000000005  -0.21249399999999999
13212    0.20794099999999999  0.086570999999999995  -0.20200001000000001
13213    0.21110799999999999  0.055091000000000001  -0.22298699999999999
13214    0.212065  0.044596999999999998  -0.22823399
13215    0.21455599  0.020986999999999999  -0.23872699999999999
13216    0.21607899999999999  0.013117  -0.23872699999999999
13217    0.21548398999999999  0.018363999999999998  -0.23348099999999999
13218    0.215866  0.013117  -0.23348099999999999
13219    0.21678500000000001  0.0078700000000000003  -0.23872699999999999
13220    0.21591399999999999  0.0078700000000000003  -0.23348099999999999
13221    0.21723001  0.0026229999999999999  -0.23872699999999999
13222    0.21433499  0.023609999999999999  -0.22823399
13223    0.21409698999999999  0.028857000000000001  -0.22823399
13224    0.21274599  0.034104000000000002  -0.22237999999999999
13225    0.21287601  0.039350999999999997  -0.22298699999999999
13226    0.21170700000000001  0.044596999999999998  -0.21773999999999999
13227    0.21251200000000001  0.044596999999999998  -0.22298699999999999
13228    0.21175399  0.049843999999999999  -0.21773999999999999
13229    0.21013799  0.055091000000000001  -0.21249399999999999
13230    0.21146699999999999  0.055091000000000001  -0.21773999999999999
13231    0.21048  0.060338000000000003  -0.21249399999999999
13232    0.21297700999999999  0.034104000000000002  -0.23348099999999999
13233    0.21617199000000001  0.0078700000000000003  -0.243974
13234    0.217143  -0.0026229999999999999  -0.249221
13235    0.21816700999999999  -0.013117  -0.25446798999999998
13236    0.21964701  -0.018363999999999998  -0.249221
13237    0.20788001  0.091817999999999997  -0.20200001000000001
13238    0.22256400000000001  -0.039350999999999997  -0.25971401
13239    0.220388  -0.034104000000000002  -0.264961
13240    0.193415  0.21773999999999999  -0.14428600999999999
13241    0.19302800000000001  0.22298699999999999  -0.14428600999999999
13242    0.19200999999999999  0.22823399  -0.13903899
13243    0.190437  0.23348099999999999  -0.13379199999999999
13244    0.19071100999999999  0.23872699999999999  -0.13379199999999999
13245    0.188831  0.243974  -0.12854499999999999
13246    0.18929399999999999  0.249221  -0.12854499999999999
13247    0.18728900000000001  0.25446798999999998  -0.12329900000000001
13248    0.18917598999999999  0.25446798999999998  -0.12854499999999999
13249    0.189918  0.249221  -0.13379199999999999
13250    0.19112298999999999  0.23872699999999999  -0.13903899
13251    0.191746  0.23348099999999999  -0.13903899
13252    0.187802  0.25971401  -0.12329900000000001
13253    0.18780801  0.264961  -0.12329900000000001
13254    0.18742900000000001  0.270208  -0.12329900000000001
13255    0.18657399999999999  0.27545500000000001  -0.118052
13256    0.18521599  0.28070100999999997  -0.112805
13257    0.18776000000000001  0.264961  -0.12854499999999999
13258    0.18626601000000001  0.28070100999999997  -0.118052
13259    0.18558399  0.28594800999999997  -0.118052
13260    0.18555599  0.28070100999999997  -0.12329900000000001
13261    0.184007  0.28594800999999997  -0.12329900000000001
13262    0.18539301  0.28594800999999997  -0.112805
13263    0.185113  0.29119500999999998  -0.112805
13264    0.18295600000000001  0.28070100999999997  -0.12854499999999999
13265    0.18441399999999999  0.29119500999999998  -0.118052
13266    0.18508901  0.27545500000000001  -0.12854499999999999
13267    0.18403  0.270208  -0.13379199999999999
13268    0.18602199999999999  0.264961  -0.13379199999999999
13269    0.18491199999999999  0.25971401  -0.13903899
13270    0.18657199999999999  0.25493199  -0.139291
13271    0.18667600000000001  0.27545500000000001  -0.12329900000000001
13272    0.183057  0.28594800999999997  -0.107558
13273    0.18865799999999999  0.25971401  -0.12854499999999999
13274    0.19358701  0.21773999999999999  -0.14953200999999999
13275    0.192358  0.22298699999999999  -0.14953200999999999
13276    0.19175  0.21848300000000001  -0.154779
13277    0.19002099  0.22298699999999999  -0.154779
13278    0.190889  0.22823399  -0.14953200999999999
13279    0.19137301000000001  0.21218200000000001  -0.160026
13280    0.19363200999999999  0.21249399999999999  -0.154779
13281    0.19051699  0.243974  -0.13379199999999999
13282    0.19122501  0.23348099999999999  -0.14428600999999999
13283    0.18975800000000001  0.23872699999999999  -0.14428600999999999
13284    0.22403300000000001  -0.070831000000000005  -0.28070100999999997
13285    0.22493199999999999  -0.076078000000000007  -0.270208
13286    0.22504099999999999  -0.065584000000000003  -0.270208
13287    0.21094599  0.060338000000000003  -0.21773999999999999
13288    0.226992  -0.086570999999999995  -0.28070100999999997
13289    0.22426299999999999  -0.081324999999999995  -0.270208
13290    0.22123899999999999  -0.044596999999999998  -0.270208
13291    0.20411699999999999  0.12329900000000001  -0.19675300000000001
13292    0.22689401000000001  -0.102312  -0.28070100999999997
13293    0.18759300000000001  0.25971401  -0.13379199999999999
13294    0.20910500000000001  0.070831000000000005  -0.21773999999999999
13295    0.194492  0.21249399999999999  -0.14953200999999999
13296    0.199129  0.154779  -0.18626000000000001
13297    0.20330398999999999  0.13379199999999999  -0.19150600000000001
13298    0.18285000000000001  0.29644199999999998  -0.118052
13299    0.18095499000000001  0.30155501000000001  -0.118052
13300    0.181399  0.30749899000000003  -0.113166
13301    0.17851400000000001  0.314805  -0.112805
13302    0.18217801  0.31218201000000001  -0.107558
13303    0.18080001000000001  0.31742901000000001  -0.107558
13304    0.178699  0.32267498999999999  -0.107558
13305    0.18118799999999999  0.32267498999999999  -0.102312
13306    0.18328901  0.30693501000000001  -0.107558
13307    0.182227  0.31742901000000001  -0.102312
13308    0.17974999999999999  0.32792199  -0.102312
13309    0.18127299999999999  0.32792199  -0.097064999999999999
13310    0.18021300000000001  0.33316900999999999  -0.097064999999999999
13311    0.177618  0.33316900999999999  -0.102312
13312    0.17860599999999999  0.33841600999999999  -0.097064999999999999
13313    0.18030301000000001  0.33841600999999999  -0.091817999999999997
13314    0.179199  0.34366198999999997  -0.091817999999999997
13315    0.17998800000000001  0.34366198999999997  -0.086570999999999995
13316    0.18029401  0.33841600999999999  -0.086570999999999995
13317    0.18099499999999999  0.33316900999999999  -0.091817999999999997
13318    0.18123800000000001  0.32792199  -0.091817999999999997
13319    0.18104899999999999  0.32238098999999998  -0.091817999999999997
13320    0.18210298999999999  0.31742901000000001  -0.097064999999999999
13321    0.18186099999999999  0.31218201000000001  -0.097064999999999999
13322    0.18307598999999999  0.30693501000000001  -0.102312
13323    0.18279198999999999  0.30168799000000002  -0.102312
13324    0.18395101  0.30168799000000002  -0.107558
13325    0.18421899999999999  0.29644199999999998  -0.107558
13326    0.18191101000000001  0.29644199999999998  -0.102312
13327    0.17924200000000001  0.34890898999999997  -0.086570999999999995
13328    0.17752399999999999  0.34890898999999997  -0.091817999999999997
13329    0.179231  0.34890898999999997  -0.081324999999999995
13330    0.17890300000000001  0.35415598999999998  -0.081324999999999995
13331    0.176177  0.34413000999999999  -0.097344
13332    0.17906  0.34366198999999997  -0.081324999999999995
13333    0.17796500000000001  0.35415598999999998  -0.076078000000000007
13334    0.17813601000000001  0.35940301000000002  -0.076078000000000007
13335    0.176928  0.364649  -0.070831000000000005
13336    0.17705899  0.36989599000000001  -0.070831000000000005
13337    0.17674100000000001  0.37514299000000001  -0.070831000000000005
13338    0.17702501000000001  0.36989599000000001  -0.076078000000000007
13339    0.17603099  0.37514299000000001  -0.076078000000000007
13340    0.17610398999999999  0.38038999000000001  -0.070831000000000005
13341    0.17464199999999999  0.38038999000000001  -0.076078000000000007
13342    0.17518400000000001  0.38563599999999998  -0.070831000000000005
13343    0.17278001000000001  0.38563599999999998  -0.076078000000000007
13344    0.173794  0.39088299999999998  -0.070831000000000005
13345    0.17582400000000001  0.38563599999999998  -0.065584000000000003
13346    0.17363398999999999  0.37514299000000001  -0.081324999999999995
13347    0.17518  0.39088299999999998  -0.065584000000000003
13348    0.17610000000000001  0.38038999000000001  -0.065584000000000003
13349    0.17813899999999999  0.35940301000000002  -0.081324999999999995
13350    0.17780199999999999  0.364649  -0.076078000000000007
13351    0.17810698999999999  0.35415598999999998  -0.086570999999999995
13352    0.18326898999999999  0.30168799000000002  -0.112805
13353    0.17813000000000001  0.33841600999999999  -0.081324999999999995
13354    0.17270599  0.40137698999999999  -0.065584000000000003
13355    0.17051899000000001  0.40684301  -0.065584000000000003
13356    0.17282499000000001  0.40662301000000001  -0.060338000000000003
13357    0.17411799999999999  0.40137698999999999  -0.060338000000000003
13358    0.17335698999999999  0.40924701000000002  -0.052468000000000001
13359    0.170709  0.41206398999999999  -0.060524000000000001
13360    0.17419999999999999  0.40137698999999999  -0.055091000000000001
13361    0.17288998999999999  0.40924701000000002  -0.047220999999999999
13362    0.170434  0.42761000999999998  -0.034104000000000002
13363    0.17135400000000001  0.41973999000000001  -0.036727000000000003
13364    0.170183  0.42236400000000002  -0.028857000000000001
13365    0.17033200000000001  0.42761000999999998  -0.028857000000000001
13366    0.16992599999999999  0.42761000999999998  -0.023609999999999999
13367    0.16945600999999999  0.43285700999999999  -0.023609999999999999
13368    0.16921499000000001  0.43285700999999999  -0.015740000000000001
13369    0.16748199999999999  0.43810399999999999  -0.020986999999999999
13370    0.16789999999999999  0.43810399999999999  -0.010494
13371    0.168796  0.43285700999999999  -0.0078700000000000003
13372    0.16759899  0.43810399999999999  0.0078700000000000003
13373    0.16855700000000001  0.43285700999999999  -0.0026229999999999999
13374    0.16859200999999999  0.43285700999999999  0.010494
13375    0.16731699999999999  0.42761000999999998  0.0078700000000000003
13376    0.168181  0.42761000999999998  0.013117
13377    0.16881201000000001  0.43285700999999999  0.018363999999999998
13378    0.16902700000000001  0.42761000999999998  0.018363999999999998
13379    0.168796  0.43285700999999999  0.023609999999999999
13380    0.16572498999999999  0.43870999999999999  0.023609999999999999
13381    0.16833100000000001  0.43285700999999999  0.028857000000000001
13382    0.16711000000000001  0.43285700999999999  0.034104000000000002
13383    0.16988701  0.42761000999999998  0.028857000000000001
13384    0.16859899  0.42761000999999998  0.039350999999999997
13385    0.169682  0.42236400000000002  0.044596999999999998
13386    0.17071800000000001  0.42236400000000002  0.039350999999999997
13387    0.170205  0.41711700000000002  0.049843999999999999
13388    0.17149600000000001  0.41711700000000002  0.044596999999999998
13389    0.16967399  0.42761000999999998  0.034104000000000002
13390    0.167239  0.42236400000000002  0.018363999999999998
13391    0.163213  0.443351  0.018363999999999998
13392    0.16961101000000001  0.42761000999999998  0.023609999999999999
13393    0.16431599999999999  0.443351  0.013117
13394    0.167182  0.43810399999999999  0.015740000000000001
13395    0.16526199999999999  0.44336398999999999  -0.0052469999999999999
13396    0.16506899999999999  0.443351  0.0052469999999999999
13397    0.167411  0.42761000999999998  -0.0078700000000000003
13398    0.164884  0.443351  -0.013117
13399    0.16929699000000001  0.43285700999999999  -0.028857000000000001
13400    0.16927500000000001  0.42761000999999998  -0.018363999999999998
13401    0.17211599999999999  0.40400001000000002  -0.047220999999999999
13402    0.17410700000000001  0.39612999999999998  -0.055091000000000001
13403    0.17321  0.39088299999999998  -0.055091000000000001
13404    0.17515500000000001  0.39088299999999998  -0.060338000000000003
13405    0.17254201  0.41187000000000001  -0.055091000000000001
13406    0.17482698999999999  0.39612999999999998  -0.060338000000000003
13407    0.18011199999999999  0.33316900999999999  -0.086570999999999995
13408    0.17713000000000001  0.34890898999999997  -0.076078000000000007
13409    0.176148  0.35999398999999999  -0.086912000000000003
13410    0.17102700000000001  0.42236400000000002  -0.044596999999999998
13411    0.169928  0.42236400000000002  -0.049843999999999999
13412    0.16873799  0.42761000999999998  -0.044596999999999998
13413    0.16738001  0.42236400000000002  -0.055091000000000001
13414    0.16709299  0.43285700999999999  -0.039350999999999997
13415    0.17000999999999999  0.42761000999999998  -0.039350999999999997
13416    0.17557099000000001  0.36989599000000001  -0.081324999999999995
13417    0.17034099999999999  0.42236400000000002  0.028857000000000001
13418    0.17562801  0.35415598999999998  -0.091817999999999997
13419    0.17416200000000001  0.39612999999999998  -0.065584000000000003
13420    0.17337900000000001  0.36727300000000002  -0.086570999999999995
13421    0.219  -0.013117  -0.249221
13422    0.17502999  0.38563599999999998  -0.060338000000000003
13423    0.23034599  -0.12854499999999999  -0.29644199999999998
13424    0.22925999999999999  -0.118052  -0.29644199999999998
13425    0.23218800000000001  -0.14428600999999999  -0.30693501000000001
13426    0.21854401000000001  -0.013117  -0.243974
13427    0.218336  -0.0078700000000000003  -0.243974
13428    0.23075201000000001  -0.160026  -0.32267498999999999
13429    0.23423400999999999  -0.16789599999999999  -0.31218201000000001
13430    0.23348099999999999  -0.16789599999999999  -0.30974098999999999
13431    0.23375501000000001  -0.17576601  -0.31167298999999998
13432    0.23566000000000001  -0.18101300000000001  -0.31742901000000001
13433    0.23549600000000001  -0.18626000000000001  -0.31742901000000001
13434    0.23483101000000001  -0.19150600000000001  -0.31742901000000001
13435    0.236844  -0.19675300000000001  -0.32267498999999999
13436    0.23618101  -0.20200001000000001  -0.32267498999999999
13437    0.236958  -0.19150600000000001  -0.32267498999999999
13438    0.236678  -0.18626000000000001  -0.32267498999999999
13439    0.23774998999999999  -0.19675300000000001  -0.32792199
13440    0.23311098999999999  -0.160026  -0.30693501000000001
13441    0.23541698999999999  -0.17576601  -0.31742901000000001
13442    0.23147701000000001  -0.17051899000000001  -0.32792199
13443    0.23107900000000001  -0.17838999999999999  -0.33316900999999999
13444    0.238069  -0.20200001000000001  -0.32792199
13445    0.237121  -0.19675300000000001  -0.33316900999999999
13446    0.23963501000000001  -0.21773999999999999  -0.33841600999999999
13447    0.23768701  -0.21249399999999999  -0.34366198999999997
13448    0.24671599  -0.30168799000000002  -0.37514299000000001
13449    0.21815801000000001  -0.0078700000000000003  -0.249221
13450    0.17701900000000001  0.364649  -0.081324999999999995
13451    0.165273  0.44089900999999998  -0.023609999999999999
13452    0.238042  -0.20724699999999999  -0.32792199
13453    0.21443801000000001  0.026234  -0.23348099999999999
13454    0.19497500000000001  0.20200001000000001  -0.160026
13455    0.18886501  0.23348099999999999  -0.14953200999999999
13456    0.18283799000000001  0.31218201000000001  -0.102312
13457    0.188667  0.249221  -0.13903899
13458    0.17082299000000001  0.42236400000000002  0.034104000000000002
13459    0.19226599999999999  0.22823399  -0.14428600999999999
13460    0.21734300000000001  -0.0026229999999999999  -0.23872699999999999
13461    0.24116199999999999  -0.23348000999999999  -0.34366198999999997
13462    0.211923  0.049843999999999999  -0.22298699999999999
13463    0.18443499999999999  0.29644199999999998  -0.112805
13464    0.22365899  -0.049843999999999999  -0.264961
13465    0.247639  -0.35153201000000001  -0.38038999000000001
13466    0.24784300000000001  -0.36202601000000001  -0.38038999000000001
13467    0.24846399999999999  -0.36989599000000001  -0.38038999000000001
13468    0.24903201  -0.37514299000000001  -0.38038999000000001
13469    0.24952599  -0.38038999000000001  -0.38038999000000001
13470    0.249221  -0.38563599999999998  -0.37762800000000002
13471    0.24930599000000001  -0.39088299999999998  -0.37498199999999998
13472    0.250027  -0.38563599999999998  -0.38038999000000001
13473    0.249221  -0.39612999999999998  -0.37211701000000003
13474    0.24802399999999999  -0.39612999999999998  -0.36989599000000001
13475    0.170541  0.41714001000000001  -0.055116999999999999
13476    0.24955299  -0.40137698999999999  -0.369149
13477    0.18662699999999999  0.270208  -0.12854499999999999
13478    0.22297201  -0.044596999999999998  -0.264961
13479    0.20529801  0.118052  -0.19675300000000001
13480    0.171682  0.41711700000000002  0.039350999999999997
13481    0.17200799  0.41187000000000001  0.039350999999999997
13482    0.172538  0.41187000000000001  0.044596999999999998
13483    0.17164201000000001  0.40662301000000001  0.039350999999999997
13484    0.23894799999999999  -0.21773999999999999  -0.34366198999999997
13485    0.19012301000000001  0.243974  -0.13903899
13486    0.28070100999999997  -0.44194498999999998  -0.089194999999999997
13487    0.25055599000000001  -0.39350599000000003  -0.38038999000000001
13488    0.21326899999999999  0.036727000000000003  -0.22823399
13489    0.18187999999999999  0.32267498999999999  -0.097064999999999999
13490    0.27545500000000001  -0.44299298999999998  -0.165273
13491    0.24032700000000001  -0.22561  -0.34366198999999997
13492    0.249221  -0.35153201000000001  -0.38487800999999999
13493    0.24990200000000001  -0.39612999999999998  -0.38563599999999998
13494    0.17288300000000001  0.40662301000000001  0.044596999999999998
13495    0.17268801  0.40137698999999999  0.044596999999999998
13496    0.17321800000000001  0.40662301000000001  0.049843999999999999
13497    0.17369799  0.40137698999999999  0.049843999999999999
13498    0.17245199999999999  0.40662301000000001  0.055091000000000001
13499    0.17376301  0.40137698999999999  0.055091000000000001
13500    0.17250599999999999  0.40137698999999999  0.060338000000000003
13501    0.17438801000000001  0.39612999999999998  0.055091000000000001
13502    0.17406499  0.39612999999999998  0.060338000000000003
13503    0.17216899999999999  0.39612999999999998  0.065584000000000003
13504    0.174988  0.39088299999999998  0.060338000000000003
13505    0.174265  0.39088299999999998  0.065584000000000003
13506    0.17538798999999999  0.38563599999999998  0.060338000000000003
13507    0.175478  0.38563599999999998  0.065584000000000003
13508    0.17543800000000001  0.38038999000000001  0.060338000000000003
13509    0.173785  0.38038999000000001  0.055091000000000001
13510    0.17618001  0.37776600999999999  0.065584000000000003
13511    0.17579  0.38043901000000002  0.070876999999999996
13512    0.17428399999999999  0.38563599999999998  0.070831000000000005
13513    0.17399998999999999  0.38038999000000001  0.076078000000000007
13514    0.17605199999999999  0.37514299000000001  0.076078000000000007
13515    0.17591599999999999  0.37010500000000002  0.081488000000000005
13516    0.17724699999999999  0.36989599000000001  0.076078000000000007
13517    0.17800299999999999  0.364649  0.076078000000000007
13518    0.17732598999999999  0.364649  0.070831000000000005
13519    0.17716699999999999  0.36989599000000001  0.070831000000000005
13520    0.17719499999999999  0.35940301000000002  0.070831000000000005
13521    0.178344  0.35940301000000002  0.076078000000000007
13522    0.17654900000000001  0.35415598999999998  0.070831000000000005
13523    0.178394  0.35415598999999998  0.076078000000000007
13524    0.178087  0.34890898999999997  0.076078000000000007
13525    0.17928199  0.35415598999999998  0.081324999999999995
13526    0.17704600000000001  0.34366198999999997  0.076078000000000007
13527    0.17870900000000001  0.35940301000000002  0.081324999999999995
13528    0.17952999  0.34890898999999997  0.081324999999999995
13529    0.17888900999999999  0.33841600999999999  0.081324999999999995
13530    0.18063599999999999  0.33841600999999999  0.086570999999999995
13531    0.18052699999999999  0.34366198999999997  0.086570999999999995
13532    0.18039601  0.33316900999999999  0.086570999999999995
13533    0.18130099999999999  0.32792199  0.090978000000000003
13534    0.18077098999999999  0.34366198999999997  0.091817999999999997
13535    0.17958299999999999  0.34890898999999997  0.091817999999999997
13536    0.18009201  0.34890898999999997  0.086570999999999995
13537    0.17770199  0.35415598999999998  0.091817999999999997
13538    0.177037  0.34890898999999997  0.097064999999999999
13539    0.18151100000000001  0.33579200999999997  0.091817999999999997
13540    0.181088  0.33856699000000001  0.097196000000000005
13541    0.18261801  0.32792199  0.097064999999999999
13542    0.18277500999999999  0.32267498999999999  0.097064999999999999
13543    0.18254200000000001  0.31742901000000001  0.097064999999999999
13544    0.18176  0.31218201000000001  0.097064999999999999
13545    0.18392099000000001  0.31742901000000001  0.102312
13546    0.18346799999999999  0.30693501000000001  0.102312
13547    0.182226  0.30168799000000002  0.102312
13548    0.18426301  0.29644199999999998  0.107558
13549    0.185001  0.30168799000000002  0.107558
13550    0.18612400000000001  0.30168799000000002  0.112805
13551    0.185747  0.30693501000000001  0.112805
13552    0.18514501  0.30693501000000001  0.118052
13553    0.18288399  0.31218201000000001  0.118052
13554    0.184838  0.31218201000000001  0.112805
13555    0.18236200999999999  0.30693501000000001  0.12329900000000001
13556    0.18508799000000001  0.30168799000000002  0.12329900000000001
13557    0.18668699  0.29644199999999998  0.12329900000000001
13558    0.18678001  0.29119500999999998  0.12854499999999999
13559    0.18759999999999999  0.29119500999999998  0.12329900000000001
13560    0.18804199999999999  0.28594800999999997  0.12329900000000001
13561    0.18701801000000001  0.28594800999999997  0.118052
13562    0.18809899999999999  0.28070100999999997  0.12329900000000001
13563    0.18771499  0.27545500000000001  0.12329900000000001
13564    0.18909699999999999  0.27545500000000001  0.12854499999999999
13565    0.18893499999999999  0.270208  0.12854499999999999
13566    0.18949000999999999  0.27545500000000001  0.13379199999999999
13567    0.18838499  0.28070100999999997  0.13379199999999999
13568    0.18842900000000001  0.27545500000000001  0.13903899
13569    0.18828700000000001  0.270208  0.14428600999999999
13570    0.187778  0.264961  0.14953200999999999
13571    0.19017300000000001  0.264961  0.14428600999999999
13572    0.190659  0.264961  0.13903899
13573    0.19091401  0.25971401  0.13903899
13574    0.18959798999999999  0.25971401  0.13379199999999999
13575    0.188555  0.25446798999999998  0.13379199999999999
13576    0.19080999000000001  0.25446798999999998  0.13903899
13577    0.19000299000000001  0.264961  0.13379199999999999
13578    0.19031000000000001  0.25971401  0.14953200999999999
13579    0.19011  0.25446798999999998  0.154779
13580    0.19158299000000001  0.25481999  0.14953200999999999
13581    0.191965  0.249221  0.154779
13582    0.192445  0.249221  0.14953200999999999
13583    0.19164999999999999  0.249221  0.14372600999999999
13584    0.19160200999999999  0.25446798999999998  0.14367199999999999
13585    0.19152699000000001  0.243974  0.144233
13586    0.19074199999999999  0.23872699999999999  0.14428600999999999
13587    0.19270000000000001  0.23872699999999999  0.14953200999999999
13588    0.19179399  0.24438699999999999  0.16037101000000001
13589    0.19365399999999999  0.23872699999999999  0.160026
13590    0.19466600000000001  0.23348099999999999  0.160026
13591    0.19391900000000001  0.23348099999999999  0.154779
13592    0.19364898999999999  0.22823399  0.154779
13593    0.19509000000000001  0.22823399  0.160026
13594    0.19311300000000001  0.243974  0.154779
13595    0.19278799999999999  0.22298699999999999  0.154779
13596    0.19508199000000001  0.22298699999999999  0.160026
13597    0.19455798999999999  0.21773999999999999  0.160026
13598    0.19328699999999999  0.21249399999999999  0.160026
13599    0.19628498999999999  0.21773999999999999  0.165273
13600    0.19608700000000001  0.21249399999999999  0.165273
13601    0.19533700000000001  0.20724699999999999  0.165273
13602    0.19687099999999999  0.21773999999999999  0.17051899000000001
13603    0.19702600000000001  0.20724699999999999  0.169714
13604    0.19684700999999999  0.20200001000000001  0.170325
13605    0.19821601  0.20724699999999999  0.17576601
13606    0.19847400000000001  0.20200001000000001  0.17576601
13607    0.19791301  0.20724699999999999  0.18101300000000001
13608    0.19905700000000001  0.20200001000000001  0.18101300000000001
13609    0.19814699999999999  0.20200001000000001  0.18626000000000001
13610    0.19810399000000001  0.19675300000000001  0.19150600000000001
13611    0.19972899999999999  0.19675300000000001  0.18626000000000001
13612    0.20063898999999999  0.19150600000000001  0.18626000000000001
13613    0.19977300000000001  0.19150600000000001  0.18101300000000001
13614    0.19955701000000001  0.18626000000000001  0.18101300000000001
13615    0.20102400000000001  0.18626000000000001  0.18626000000000001
13616    0.198715  0.18101300000000001  0.18101300000000001
13617    0.20109299999999999  0.18101300000000001  0.18626000000000001
13618    0.20075699999999999  0.17576601  0.18626000000000001
13619    0.20202598999999999  0.18101300000000001  0.19150600000000001
13620    0.202125  0.17576601  0.19101099999999999
13621    0.20278201000000001  0.17576601  0.19675300000000001
13622    0.20194799999999999  0.18101300000000001  0.19675300000000001
13623    0.20213  0.176201  0.20200001000000001
13624    0.200241  0.18101300000000001  0.20200001000000001
13625    0.200348  0.18626000000000001  0.19675300000000001
13626    0.20221099000000001  0.17080501000000001  0.20748900000000001
13627    0.203435  0.17051899000000001  0.20200001000000001
13628    0.204175  0.165273  0.20200001000000001
13629    0.20336399999999999  0.165273  0.19675300000000001
13630    0.20318399000000001  0.160026  0.19675300000000001
13631    0.20450099999999999  0.160026  0.20200001000000001
13632    0.201735  0.165273  0.19150600000000001
13633    0.20452400000000001  0.154779  0.20200001000000001
13634    0.20410500000000001  0.14953200999999999  0.20200001000000001
13635    0.202898  0.14428600999999999  0.20200001000000001
13636    0.205787  0.14953200999999999  0.20724699999999999
13637    0.205651  0.14428600999999999  0.20724699999999999
13638    0.20488899999999999  0.13903899  0.20724699999999999
13639    0.206872  0.14428600999999999  0.21249399999999999
13640    0.20689700999999999  0.13903899  0.21249399999999999
13641    0.207344  0.14428600999999999  0.21773999999999999
13642    0.20794799999999999  0.13379199999999999  0.21773999999999999
13643    0.20655399999999999  0.13379199999999999  0.21249399999999999
13644    0.207956  0.13903899  0.22298699999999999
13645    0.20680799999999999  0.14428600999999999  0.22298699999999999
13646    0.20697199999999999  0.13903899  0.22823399
13647    0.20853200999999999  0.13379199999999999  0.22823399
13648    0.20896899999999999  0.12854499999999999  0.23348099999999999
13649    0.20919999  0.12329900000000001  0.23872699999999999
13650    0.20962900000000001  0.12854499999999999  0.22823399
13651    0.209067  0.12854499999999999  0.22298699999999999
13652    0.20911900999999999  0.118052  0.243974
13653    0.20871899999999999  0.112805  0.249221
13654    0.21126400000000001  0.104935  0.25184399000000002
13655    0.21098600000000001  0.118052  0.23872699999999999
13656    0.21118799999999999  0.118052  0.23348099999999999
13657    0.21197199999999999  0.112805  0.23872699999999999
13658    0.21316101000000001  0.097064999999999999  0.25446798999999998
13659    0.21338999  0.091817999999999997  0.25971401
13660    0.21455399999999999  0.091817999999999997  0.25446798999999998
13661    0.21440799999999999  0.091817999999999997  0.249221
13662    0.21531001  0.086570999999999995  0.25446798999999998
13663    0.213898  0.097064999999999999  0.249221
13664    0.21341199999999999  0.091817999999999997  0.243974
13665    0.21249399999999999  0.091817999999999997  0.24101
13666    0.21234401  0.097064999999999999  0.23872699999999999
13667    0.211592  0.091817999999999997  0.23872699999999999
13668    0.21348  0.097064999999999999  0.243974
13669    0.212533  0.102312  0.23872699999999999
13670    0.213202  0.102312  0.243974
13671    0.212538  0.107558  0.243974
13672    0.21243398999999999  0.107558  0.23872699999999999
13673    0.21104001  0.102312  0.23348099999999999
13674    0.21146599999999999  0.107558  0.23348099999999999
13675    0.20938300000000001  0.107558  0.22823399
13676    0.21018600000000001  0.112805  0.22823399
13677    0.21035798999999999  0.118052  0.22823399
13678    0.20874098999999999  0.118052  0.22298699999999999
13679    0.21448199000000001  0.086570999999999995  0.249221
13680    0.215115  0.086570999999999995  0.25971401
13681    0.211308  0.112805  0.243974
13682    0.212899  0.086985999999999994  0.26530901000000001
13683    0.21019299  0.12329900000000001  0.22823399
13684    0.21290500000000001  0.102312  0.249221
13685    0.21149800999999999  0.112805  0.23348099999999999
13686    0.21553600000000001  0.081324999999999995  0.25446798999999998
13687    0.20455999999999999  0.14953200999999999  0.22298699999999999
13688    0.20463799999999999  0.154779  0.21773999999999999
13689    0.20583899  0.154779  0.21249399999999999
13690    0.20443401  0.160026  0.21249399999999999
13691    0.20871799999999999  0.13379199999999999  0.22298699999999999
13692    0.20644000000000001  0.14953200999999999  0.21773999999999999
13693    0.20559999000000001  0.154779  0.20724699999999999
13694    0.206567  0.14953200999999999  0.21249399999999999
13695    0.20401099  0.165273  0.20724699999999999
13696    0.203235  0.17051899000000001  0.19675300000000001
13697    0.19958799999999999  0.17051899000000001  0.18626000000000001
13698    0.20020199999999999  0.19150600000000001  0.19150600000000001
13699    0.19961999  0.19675300000000001  0.18101300000000001
13700    0.19630601  0.21249399999999999  0.18101300000000001
13701    0.19344699000000001  0.21773999999999999  0.18101300000000001
13702    0.193996  0.22298699999999999  0.17576601
13703    0.196242  0.21773999999999999  0.17576601
13704    0.194132  0.22823399  0.17051899000000001
13705    0.19637699  0.19675300000000001  0.17123599
13706    0.19747898999999999  0.21249399999999999  0.17576601
13707    0.20141998999999999  0.18626000000000001  0.19150600000000001
13708    0.21548398999999999  0.081324999999999995  0.264961
13709    0.21673600000000001  0.076078000000000007  0.264961
13710    0.21644799000000001  0.076078000000000007  0.25971401
13711    0.21568499999999999  0.076078000000000007  0.270208
13712    0.21539301  0.068208000000000005  0.27807799
13713    0.21725  0.070831000000000005  0.270208
13714    0.21762398999999999  0.062961000000000003  0.27807799
13715    0.217695  0.055091000000000001  0.28594800999999997
13716    0.21898699999999999  0.055091000000000001  0.28070100999999997
13717    0.21936998999999999  0.049843999999999999  0.28594800999999997
13718    0.21946499999999999  0.044596999999999998  0.29119500999999998
13719    0.21937200000000001  0.039350999999999997  0.29644199999999998
13720    0.22112398999999999  0.039350999999999997  0.29119500999999998
13721    0.22136299000000001  0.039350999999999997  0.28594800999999997
13722    0.22172700000000001  0.034104000000000002  0.28594800999999997
13723    0.22214999999999999  0.034104000000000002  0.29119500999999998
13724    0.221467  0.034104000000000002  0.29644199999999998
13725    0.218806  0.034104000000000002  0.30168799000000002
13726    0.22274899000000001  0.028857000000000001  0.29644199999999998
13727    0.22145300000000001  0.028857000000000001  0.30168799000000002
13728    0.22303799999999999  0.023806999999999998  0.30168799000000002
13729    0.22270799999999999  0.028857000000000001  0.29119500999999998
13730    0.223857  0.018363999999999998  0.29644199999999998
13731    0.22417699999999999  0.018363999999999998  0.30168799000000002
13732    0.22384200000000001  0.013117  0.29644199999999998
13733    0.22273399999999999  0.018363999999999998  0.29119500999999998
13734    0.22298699999999999  0.013117  0.29391100999999997
13735    0.22485500999999999  0.013117  0.30168799000000002
13736    0.22508700000000001  0.0078700000000000003  0.30168799000000002
13737    0.224693  0.013117  0.30693501000000001
13738    0.225714  0.0078700000000000003  0.30693501000000001
13739    0.224832  0.0026229999999999999  0.30168799000000002
13740    0.22298899  0.013119  0.31218298999999999
13741    0.22486100000000001  0.0078700000000000003  0.31218201000000001
13742    0.22481698999999999  0.0026229999999999999  0.31742901000000001
13743    0.224353  -0.0026229999999999999  0.32267498999999999
13744    0.22666700000000001  -0.0026229999999999999  0.31742901000000001
13745    0.22777900000000001  -0.0078700000000000003  0.31742901000000001
13746    0.22677501  -0.0078700000000000003  0.32267498999999999
13747    0.22825999999999999  -0.013011999999999999  0.32267498999999999
13748    0.22673499999999999  -0.013117  0.32792199
13749    0.228633  -0.018363999999999998  0.32792199
13750    0.22917499999999999  -0.018363999999999998  0.32267498999999999
13751    0.22848098999999999  -0.018363999999999998  0.31742901000000001
13752    0.22873599999999999  -0.023609999999999999  0.33316900999999999
13753    0.228405  -0.028680000000000001  0.33856499000000001
13754    0.22989899999999999  -0.023609999999999999  0.32792199
13755    0.230736  -0.034104000000000002  0.33841600999999999
13756    0.23150000000000001  -0.034104000000000002  0.33316900999999999
13757    0.231985  -0.039350999999999997  0.33316900999999999
13758    0.23042399999999999  -0.039350999999999997  0.32792199
13759    0.23186000000000001  -0.044596999999999998  0.33316900999999999
13760    0.23064599999999999  -0.049843999999999999  0.33316900999999999
13761    0.23222699999999999  -0.055091000000000001  0.33841600999999999
13762    0.23346201  -0.060338000000000003  0.34366198999999997
13763    0.23373801  -0.055091000000000001  0.34366198999999997
13764    0.233519  -0.049843999999999999  0.34332201000000001
13765    0.234293  -0.055091000000000001  0.34890898999999997
13766    0.23329601  -0.049843999999999999  0.34890898999999997
13767    0.23360300000000001  -0.054757  0.35415598999999998
13768    0.231185  -0.044596999999999998  0.34890898999999997
13769    0.231021  -0.039350999999999997  0.34366198999999997
13770    0.23363601000000001  -0.060172999999999997  0.35959100999999999
13771    0.23511899999999999  -0.060338000000000003  0.35415598999999998
13772    0.23594899  -0.065584000000000003  0.35415598999999998
13773    0.23276300999999999  -0.044596999999999998  0.34366198999999997
13774    0.23479199000000001  -0.060338000000000003  0.34890898999999997
13775    0.235761  -0.065584000000000003  0.35940301000000002
13776    0.23442399999999999  -0.065584000000000003  0.364649
13777    0.23683198999999999  -0.070831000000000005  0.35940301000000002
13778    0.23662999000000001  -0.070831000000000005  0.364649
13779    0.23388299000000001  -0.064930000000000002  0.36989599000000001
13780    0.23661098999999999  -0.076078000000000007  0.35940301000000002
13781    0.23466600000000001  -0.076078000000000007  0.35415598999999998
13782    0.23453399999999999  -0.081324999999999995  0.35940301000000002
13783    0.23668700000000001  -0.070831000000000005  0.36989599000000001
13784    0.23565  -0.062961000000000003  0.37776600999999999
13785    0.23660600000000001  -0.055091000000000001  0.39088299999999998
13786    0.23565800000000001  -0.049843999999999999  0.39612999999999998
13787    0.237482  -0.049843999999999999  0.40137698999999999
13788    0.23669298999999999  -0.044596999999999998  0.40662301000000001
13789    0.23857598999999999  -0.049843999999999999  0.40662301000000001
13790    0.23859900000000001  -0.055091000000000001  0.40137698999999999
13791    0.238675  -0.055091000000000001  0.40662301000000001
13792    0.23832101  -0.055091000000000001  0.41187000000000001
13793    0.23896298999999999  -0.049843999999999999  0.41187000000000001
13794    0.23755999999999999  -0.055091000000000001  0.41711700000000002
13795    0.23888799999999999  -0.049843999999999999  0.41711700000000002
13796    0.23878000999999999  -0.047220999999999999  0.42498699000000001
13797    0.23941899999999999  -0.041973999999999997  0.42498699000000001
13798    0.23985501000000001  -0.036727000000000003  0.43548101
13799    0.23564199999999999  -0.066895999999999997  0.40531200000000001
13800    0.23947499999999999  -0.034104000000000002  0.43285700999999999
13801    0.239232  -0.028857000000000001  0.43810399999999999
13802    0.239895  -0.026234  0.44597398999999999
13803    0.23852301000000001  -0.034104000000000002  0.42761000999999998
13804    0.23979101  -0.036727000000000003  0.44072699999999998
13805    0.23790900000000001  -0.028857000000000001  0.43285700999999999
13806    0.2387  -0.023609999999999999  0.443351
13807    0.238874  -0.039350999999999997  0.42236400000000002
13808    0.23791701000000001  -0.018363999999999998  0.44859701000000002
13809    0.23905398999999999  -0.018363999999999998  0.45256998999999998
13810    0.24042299  -0.020986999999999999  0.45646798999999999
13811    0.24033098999999999  -0.013117  0.46433799999999997
13812    0.23867000999999999  -0.0080129999999999993  0.46433799999999997
13813    0.24089199  -0.020986999999999999  0.46171400000000001
13814    0.24162400000000001  -0.010494  0.47220799000000002
13815    0.24167199  -0.013117  0.47483101
13816    0.24221100000000001  -0.0052469999999999999  0.48007801
13817    0.24193798999999999  -0.0026229999999999999  0.47483101
13818    0.24274399999999999  0.0052469999999999999  0.48007801
13819    0.241841  0.0052469999999999999  0.48532501
13820    0.241532  0.013117  0.48532501
13821    0.24068800000000001  0.018363999999999998  0.48532501
13822    0.23919198999999999  0.023609999999999999  0.48532501
13823    0.241928  0.018363999999999998  0.48007801
13824    0.23686499999999999  0.028857000000000001  0.48532501
13825    0.23612601  0.034104000000000002  0.48007801
13826    0.23684099  0.034104000000000002  0.47483101
13827    0.23340900000000001  0.039255999999999999  0.47483101
13828    0.23282  0.039350999999999997  0.46958399000000001
13829    0.23098899000000001  0.039350999999999997  0.46433799999999997
13830    0.22742498999999999  0.043722999999999998  0.46433799999999997
13831    0.22776700999999999  0.039350999999999997  0.45909101000000002
13832    0.22322400000000001  0.044596999999999998  0.45909101000000002
13833    0.22322001  0.039350999999999997  0.45384401000000002
13834    0.22729099999999999  0.034104000000000002  0.45485800999999998
13835    0.23272899999999999  0.028857000000000001  0.45909101000000002
13836    0.23354299000000001  0.023609999999999999  0.45901299000000001
13837    0.23604099000000001  0.028857000000000001  0.46433799999999997
13838    0.23344599999999999  0.018363999999999998  0.45912798999999999
13839    0.23758199999999999  0.018363999999999998  0.46433799999999997
13840    0.237238  0.023609999999999999  0.46433799999999997
13841    0.237011  0.013117  0.46433799999999997
13842    0.23075999  0.034104000000000002  0.45909101000000002
13843    0.21824399999999999  0.044596999999999998  0.45384401000000002
13844    0.235952  0.034104000000000002  0.46958399000000001
13845    0.24075199999999999  0.023609999999999999  0.48007801
13846    0.23888300000000001  0.028857000000000001  0.48007801
13847    0.24157699999999999  0.018363999999999998  0.47483101
13848    0.241978  0.013117  0.47483101
13849    0.24253701  0.013117  0.48007801
13850    0.24085498999999999  -0.0052469999999999999  0.48532501
13851    0.24043500000000001  -0.026234  0.46171400000000001
13852    0.23983499  -0.026234  0.46696100000000001
13853    0.23831099  -0.034104000000000002  0.45909101000000002
13854    0.23923100999999999  -0.034104000000000002  0.45384401000000002
13855    0.23811399999999999  -0.039350999999999997  0.44859701000000002
13856    0.23660900000000001  -0.044596999999999998  0.443351
13857    0.23782399000000001  -0.044596999999999998  0.43810399999999999
13858    0.235624  -0.052468000000000001  0.43023399000000001
13859    0.24083299999999999  -0.018363999999999998  0.47483101
13860    0.24068201  -0.0078700000000000003  0.46958399000000001
13861    0.24013200000000001  -0.031481000000000002  0.45122098999999999
13862    0.239124  0.0078700000000000003  0.468968
13863    0.23888699999999999  0.0026229999999999999  0.46936499999999998
13864    0.23541901000000001  -0.018363999999999998  0.443351
13865    0.24040900000000001  -0.028857000000000001  0.44859701000000002
13866    0.238756  -0.042606999999999999  0.43679199000000002
13867    0.23905899999999999  -0.044596999999999998  0.41711700000000002
13868    0.23763899999999999  -0.039350999999999997  0.41711700000000002
13869    0.23672699999999999  -0.034104000000000002  0.42236400000000002
13870    0.235485  -0.039350999999999997  0.41187000000000001
13871    0.23479  -0.062961000000000003  0.41449401000000002
13872    0.23802400000000001  -0.062961000000000003  0.39875298999999997
13873    0.23826601  -0.062961000000000003  0.39350599000000003
13874    0.237317  -0.070831000000000005  0.39088299999999998
13875    0.235934  -0.073455000000000006  0.39350599000000003
13876    0.23777901000000001  -0.070831000000000005  0.38563599999999998
13877    0.23792600999999999  -0.068208000000000005  0.38301300999999999
13878    0.23808599999999999  -0.060338000000000003  0.39088299999999998
13879    0.23735200000000001  -0.062961000000000003  0.40400001000000002
13880    0.23685800000000001  -0.076078000000000007  0.38301300999999999
13881    0.23797999  -0.055091000000000001  0.39612999999999998
13882    0.23727799999999999  -0.062961000000000003  0.38301300999999999
13883    0.23594499999999999  -0.081324999999999995  0.364649
13884    0.23627999  -0.081324999999999995  0.36989599000000001
13885    0.23596600000000001  -0.081324999999999995  0.37514299000000001
13886    0.23598599000000001  -0.070831000000000005  0.35415598999999998
13887    0.23721801000000001  -0.076078000000000007  0.364649
13888    0.232851  -0.044596999999999998  0.33841600999999999
13889    0.23089299999999999  -0.034104000000000002  0.32792199
13890    0.22963101  -0.023609999999999999  0.32267498999999999
13891    0.22960301  -0.028857000000000001  0.32267498999999999
13892    0.22829099999999999  -0.013117  0.31709701000000001
13893    0.22633  -0.018363999999999998  0.31218201000000001
13894    0.22732601  -0.013117  0.31218201000000001
13895    0.22747400000000001  -0.0078700000000000003  0.31218201000000001
13896    0.22713  -0.0026229999999999999  0.31218201000000001
13897    0.22060999000000001  0.044596999999999998  0.28594800999999997
13898    0.22051499999999999  0.034104000000000002  0.28070100999999997
13899    0.21962000000000001  0.028857000000000001  0.28070100999999997
13900    0.21989700000000001  0.049843999999999999  0.28070100999999997
13901    0.21923400000000001  0.052468000000000001  0.27545500000000001
13902    0.219446  0.044596999999999998  0.27545500000000001
13903    0.21796299999999999  0.052468000000000001  0.26906999999999998
13904    0.21690300000000001  0.055091000000000001  0.264961
13905    0.21732499999999999  0.060338000000000003  0.264961
13906    0.21515000000000001  0.060338000000000003  0.25971401
13907    0.21741400999999999  0.065584000000000003  0.264961
13908    0.21610399999999999  0.065584000000000003  0.25971401
13909    0.213365  0.065584000000000003  0.25446798999999998
13910    0.21831  0.055091000000000001  0.270208
13911    0.21906801000000001  0.039350999999999997  0.27545500000000001
13912    0.21726701000000001  0.070831000000000005  0.264961
13913    0.21414  0.081324999999999995  0.249221
13914    0.23569401000000001  -0.028857000000000001  0.42761000999999998
13915    0.19595499  0.22298699999999999  0.17051899000000001
13916    0.19728999999999999  0.21249399999999999  0.17051899000000001
13917    0.19539799999999999  0.22823399  0.165273
13918    0.23936299999999999  0.023609999999999999  0.46958399000000001
13919    0.24000200999999999  0.018363999999999998  0.46958399000000001
13920    0.240034  0.013117  0.46958399000000001
13921    0.238231  -0.044596999999999998  0.41187000000000001
13922    0.21608300999999999  0.081324999999999995  0.25971401
13923    0.19836999  0.19675300000000001  0.17576601
13924    0.22812099999999999  -0.023609999999999999  0.31742901000000001
13925    0.22622600000000001  0.0026229999999999999  0.30693501000000001
13926    0.19275400000000001  0.243974  0.14953200999999999
13927    0.19375201  0.23872699999999999  0.154779
13928    0.18995899999999999  0.270208  0.13379199999999999
13929    0.18883801  0.28070100999999997  0.12854499999999999
13930    0.18626000000000001  0.28594800999999997  0.115954
13931    0.18587400000000001  0.29119500999999998  0.112805
13932    0.18647  0.28620800000000002  0.13398900999999999
13933    0.187139  0.29119500999999998  0.118052
13934    0.18318100000000001  0.31742901000000001  0.112805
13935    0.18305001000000001  0.32267498999999999  0.107558
13936    0.18115300000000001  0.32809400999999999  0.10768800000000001
13937    0.18134400000000001  0.33316900999999999  0.102312
13938    0.18492199000000001  0.31218201000000001  0.107558
13939    0.18433600999999999  0.31742901000000001  0.107558
13940    0.18617500000000001  0.29644199999999998  0.112805
13941    0.18513500999999999  0.30693501000000001  0.107558
13942    0.18394100999999999  0.31218201000000001  0.102312
13943    0.18271799  0.32792199  0.102312
13944    0.17161899999999999  0.39088299999999998  0.070831000000000005
13945    0.174619  0.39088299999999998  0.055091000000000001
13946    0.17516200000000001  0.37514299000000001  0.060338000000000003
13947    0.176011  0.36989599000000001  0.064796999999999993
13948    0.174319  0.36989599000000001  0.060338000000000003
13949    0.171955  0.38563599999999998  0.049843999999999999
13950    0.17372299999999999  0.39612999999999998  0.049843999999999999
13951    0.217949  0.065584000000000003  0.270208
13952    0.21538599999999999  0.076078000000000007  0.25446798999999998
13953    0.19777600000000001  0.19150600000000001  0.17576601
13954    0.20121901  0.160026  -0.17576601
13955    0.22564298999999999  -0.0078700000000000003  0.30693501000000001
13956    0.226271  -0.0026229999999999999  0.30693501000000001
13957    0.23475599  -0.065584000000000003  0.34890898999999997
13958    0.168623  0.43285700999999999  -0.034104000000000002
13959    0.22629499  0.0026229999999999999  0.31218201000000001
13960    0.18396799  0.29119500999999998  -0.107558
13961    0.232905  -0.049843999999999999  0.33841600999999999
13962    0.16770101000000001  0.41711700000000002  -0.060338000000000003
13963    0.23216400000000001  -0.039350999999999997  0.33841600999999999
13964    0.17946100000000001  0.34366198999999997  0.081324999999999995
13965    0.21788099  -0.0026229999999999999  -0.243974
13966    0.19021399  0.249221  0.13903899
13967    0.23713300000000001  -0.21773999999999999  -0.34890898999999997
13968    0.20219799999999999  0.17051899000000001  0.19150600000000001
13969    0.223859  -0.0026229999999999999  0.30168799000000002
13970    0.17768700000000001  0.364649  0.081324999999999995
13971    0.17780899999999999  0.35940301000000002  0.086570999999999995
13972    0.22323699  0.018363999999999998  0.30693501000000001
13973    0.17670999000000001  0.37514299000000001  0.070831000000000005
13974    0.21479100000000001  0.070831000000000005  0.25446798999999998
13975    0.17213200000000001  0.41187000000000001  0.049843999999999999
13976    0.23711599  -0.19150600000000001  -0.32792199
13977    0.22189800000000001  -0.039350999999999997  -0.264961
13978    0.21325300999999999  0.076078000000000007  0.249221
13979    0.21715598999999999  0.0026229999999999999  -0.243974
13980    0.18813000999999999  0.28594800999999997  0.12854499999999999
13981    0.23605201000000001  -0.18101300000000001  -0.32267498999999999
13982    0.23183498999999999  -0.14428600999999999  -0.30168799000000002
13983    0.23744299999999999  -0.070831000000000005  0.37514299000000001
13984    0.17929800000000001  0.35415598999999998  0.086570999999999995
13985    0.25077899999999997  -0.42236400000000002  -0.36989599000000001
13986    0.22042999999999999  0.044596999999999998  0.28070100999999997
13987    0.18212  0.33316900999999999  0.097064999999999999
13988    0.23757598999999999  -0.049843999999999999  0.42761000999999998
13989    0.22065700999999999  0.039350999999999997  0.28070100999999997
13990    0.23916100000000001  -0.0026229999999999999  0.46885600999999999
13991    0.17963699999999999  0.34366198999999997  0.097064999999999999
13992    0.19124400999999999  0.25971401  0.14428600999999999
13993    0.23395099999999999  0.034104000000000002  0.46433799999999997
13994    0.230655  -0.028857000000000001  0.32792199
13995    0.24945199000000001  -0.37776600999999999  -0.39088299999999998
13996    0.22176299999999999  0.028857000000000001  0.28594800999999997
13997    0.22290199999999999  0.023609999999999999  0.29119500999999998
13998    0.17113100000000001  0.41711700000000002  0.034104000000000002
13999    0.24496799999999999  -0.27807799  -0.364649
14000    0.23705699999999999  -0.023609999999999999  0.43810399999999999
14001    0.22386700000000001  -0.013117  0.30693501000000001
14002    0.20754500000000001  0.12854499999999999  0.21694500999999999
14003    0.18995100000000001  0.270208  0.13903899
14004    0.17446500000000001  0.38563599999999998  0.055091000000000001
14005    0.18823500000000001  0.264961  0.12854499999999999
14006    0.17325399999999999  0.39088299999999998  0.049843999999999999
14007    0.23811399999999999  0.028857000000000001  0.46958399000000001
14008    0.23041700000000001  -0.028857000000000001  0.33316900999999999
14009    0.193996  0.23348099999999999  0.165273
14010    0.18890599999999999  0.25446798999999998  -0.13379199999999999
14011    0.20506000999999999  0.160026  0.20724699999999999
14012    0.22124299  0.023609999999999999  0.28594800999999997
14013    0.25192100000000001  -0.443351  -0.35940301000000002
14014    0.25312400000000002  -0.42761000999999998  -0.35415598999999998
14015    0.169322  0.42236400000000002  0.023609999999999999
14016    0.24105499999999999  -0.013117  0.48007801
14017    0.249221  -0.443351  -0.36307098999999998
14018    0.201463  0.154779  -0.18101300000000001
14019    0.19609599999999999  0.22298699999999999  0.165273
14020    0.209115  0.12329900000000001  0.22298699999999999
14021    0.21041501000000001  0.12329900000000001  0.23348099999999999
14022    0.21852500999999999  0.060338000000000003  0.27545500000000001
14023    0.24193300000000001  0.0052469999999999999  0.47483101
14024    0.17051899000000001  0.41711700000000002  0.031244000000000001
14025    0.17183999999999999  0.39612999999999998  0.044596999999999998
14026    0.24066799999999999  0.023609999999999999  0.47483101
14027    0.18353900000000001  0.32267498999999999  0.102312
14028    0.18632001000000001  0.30168799000000002  0.118052
14029    0.16991401  0.41711700000000002  0.028857000000000001
14030    0.21643201000000001  0.070831000000000005  0.25971401
14031    0.23739199  -0.076078000000000007  0.37251898999999999
14032    0.210173  0.065584000000000003  -0.21773999999999999
14033    0.21035001  0.065584000000000003  -0.21249399999999999
14034    0.25745401000000001  -0.443351  -0.34628599999999998
14035    0.25089299999999998  -0.40662301000000001  -0.36989599000000001
14036    0.25026800999999999  -0.39612999999999998  -0.37514299000000001
14037    0.23911199999999999  0.028857000000000001  0.47483101
14038    -0.13022866792976284  -0.443351  -0.37206719228352803
14039    0.30934329761748752  -0.443351  0.19268578241454318
14040    0.3105276635484604  -0.44311474556057706  0.21076745527697163
# Generated by 
